mean fit params E0, Eb, d0	7.154557986879792e-06	1.222862961676149e-06	179.93603747317516
mean fit std dev E0, Eb, d0	7.393969022533553e-08	2.6589404696548297e-09	1.6247812732410263
Ex	Ey
15.386244368895856	4098.323217483042
16.387066645325543	3916.7345158017047
17.387888921755227	3827.4861541249115
18.388711198184915	3790.885853408962
19.389533474614602	3717.590933030809
20.39035575104429	3611.9674735609647
21.391178027473977	3626.3242654021055
22.39200030390366	3606.948346559958
23.39282258033335	3582.6379309543327
24.393644856763036	3622.271425655876
25.39446713319272	3676.556093477896
26.395289409622407	3674.628966989417
27.396111686052095	3660.150127238252
28.396933962481782	3589.879309202408
29.39775623891147	3556.4754844766167
30.398578515341153	3546.6373621773078
31.39940079177084	3537.3028944239636
32.40022306820053	3501.8455178146087
33.40104534463022	3491.401379701659
34.4018676210599	3499.3999717973347
35.40268989748959	3474.9137938306053
36.403512173919275	3474.059958615341
37.404334450348955	3487.0135653692682
38.40515672677864	3451.886818457535
39.40597900320833	3441.226783918059
40.40680127963802	3402.241743536505
41.407623556067705	3345.386404033914
42.40844583249739	3275.561086300863
43.40926810892708	3249.704632470155
44.41009038535677	3202.0488510183445
45.410912661786455	3145.9984866537925
46.41173493821614	3108.5986075780725
47.41255721464583	3100.5578843232206
48.41337949107552	3030.8805952647717
49.414201767505205	2997.256569706057
50.41502404393489	2999.4537795304523
51.41584632036458	2999.977552997844
52.41666859679425	2975.6204526914826
53.41749087322394	2922.769063677179
54.41831314965363	2881.0498551504547
55.419135426083315	2875.7737578526817
56.419957702513	2829.4363524194164
57.42077997894269	2778.035321420171
58.42160225537238	2744.1025824923227
59.422424531802065	2672.2447543689377
60.42324680823175	2644.8330124920353
61.42406908466144	2674.653819019714
62.42489136109113	2642.5384261976847
63.425713637520815	2585.3862618025637
64.4265359139505	2595.795992161946
65.42735819038019	2618.7298573851767
66.42818046680988	2631.892282196195
67.42900274323956	2671.547547311821
68.42982501966924	2682.5502489385603
69.43064729609893	2679.57219078837
70.43146957252861	2718.960823448056
71.4322918489583	2736.228433690004
72.43311412538799	2736.022095242756
73.43393640181768	2741.1491281498293
74.43475867824736	2740.5780125617016
75.43558095467705	2725.598404143519
76.43640323110674	2683.83368881877
77.43722550753643	2617.001394107006
78.43804778396611	2581.2245383190216
79.4388700603958	2524.122512060075
80.43969233682549	2446.092425442354
81.44051461325517	2418.5039146721197
82.44133688968486	2414.839561456218
83.44215916611455	2390.302499846376
84.44298144254424	2357.2890254775903
85.44380371897392	2321.1467304536523
86.44462599540361	2284.2204407741538
87.4454482718333	2220.1829665332575
88.44627054826297	2177.297574519815
89.44709282469266	2120.9871761410022
90.44791510112235	2059.5610352170756
91.44873737755204	2023.33044645346
92.44955965398172	2025.1557394562024
93.45038193041141	1967.0249405474249
94.4512042068411	1956.7773414062688
95.45202648327079	1985.4084614480087
96.45284875970047	2027.580382706597
97.45367103613016	2020.5516007760198
98.45449331255985	2032.53870189017
99.45531558898954	2041.6033672711549
100.45613786541922	2051.319853880249
101.45696014184891	2067.128747468888
102.4577824182786	2086.0816697418027
103.45860469470827	2101.809520958924
104.45942697113796	2100.5816387667373
105.46024924756765	2079.12906732909
106.46107152399733	2105.884836333635
107.46189380042702	2130.1689755969114
108.46271607685671	2128.823539520406
109.4635383532864	2143.6719185210636
110.46436062971608	2161.3291433370227
111.46518290614577	2124.686241368467
112.46600518257546	2090.0246917542363
113.46682745900515	2084.447457796969
114.46764973543483	2079.5848570776952
115.46847201186452	2083.774654816953
116.46929428829421	2073.714887942874
117.4701165647239	2061.451675066078
118.47093884115358	2051.062669570961
119.47176111758327	2052.4545101197937
120.47258339401294	2066.061000202431
121.47340567044263	2074.679348437378
122.47422794687232	2075.130327568627
123.475050223302	2070.1966836108577
124.4758724997317	2023.6022986787211
125.47669477616138	2012.2323937941226
126.47751705259107	2018.6604453162913
127.47833932902076	2061.294508304381
128.47916160545043	2050.331751689435
129.47998388188012	2068.7162362412005
130.4808061583098	2090.7854138231464
131.4816284347395	2128.159472745631
132.48245071116918	2104.7357918242546
133.48327298759887	2092.9348307415994
134.48409526402855	2086.4731954172785
135.48491754045824	2041.4761419655808
136.48573981688793	1994.926204913627
137.48656209331762	2016.0823529041725
138.4873843697473	2014.0242992404048
139.488206646177	2021.3308601108595
140.48902892260668	1990.6235626976793
141.48985119903637	1959.444800824735
142.49067347546605	1941.9993182075889
143.49149575189574	1901.2767681062367
144.49231802832543	1893.632896997283
145.49314030475512	1865.6891539276307
146.4939625811848	1843.3717416106867
147.4947848576145	1838.3175275591734
148.49560713404418	1830.019990173211
149.49642941047387	1832.61602136371
150.49725168690355	1820.6485500278652
151.49807396333324	1803.6874794510754
152.49889623976293	1796.2899868594343
153.49971851619262	1786.0165019047167
154.5005407926223	1789.5528064574287
155.501363069052	1787.462741991498
156.50218534548168	1750.7509495708805
157.50300762191137	1711.831259387867
158.50382989834105	1719.8035944084502
159.50465217477074	1727.8041140943674
160.5054744512004	1739.1186979652832
161.5062967276301	1771.368183487604
162.50711900405977	1808.3133567174561
163.50794128048946	1813.6947876725937
164.50876355691915	1834.320178097514
165.50958583334884	1834.9756168933898
166.51040810977852	1819.2395960362644
167.5112303862082	1801.8985122355125
168.5120526626379	1838.5737932748589
169.5128749390676	1867.9649408285165
170.51369721549727	1892.9235345176935
171.51451949192696	1870.777812117755
172.51534176835665	1852.1727509143193
173.51616404478634	1855.1040810846691
174.51698632121602	1849.1675557627125
175.5178085976457	1855.390287652572
176.5186308740754	1850.78280436473
177.5194531505051	1849.624556929342
178.52027542693477	1855.5739899235073
179.52109770336446	1856.5579110888275
180.52191997979415	1888.7677049504127
181.52274225622384	1879.0355939329372
182.52356453265352	1836.626178588407
183.5243868090832	1828.9606853765263
184.5252090855129	1813.4073963095661
185.5260313619426	1788.6782983969483
186.52685363837227	1761.6922746293892
187.52767591480196	1723.0245808508819
188.52849819123165	1681.3686086360108
189.52932046766134	1657.9341526738938
190.53014274409102	1670.3832158723294
191.53096502052068	1660.2492361177915
192.53178729695037	1685.8568435597717
193.53260957338006	1684.5584834819151
194.53343184980974	1682.2562832211454
195.53425412623943	1704.2404755451091
196.53507640266912	1726.6733544693923
197.5358986790988	1717.4000594891831
198.5367209555285	1713.4113673651855
199.53754323195818	1727.0527728078453
200.53836550838787	1749.925102350988
201.53918778481756	1764.008784390691
202.54001006124724	1766.1154468450045
203.54083233767693	1777.6935647737566
204.54165461410662	1785.2530301368834
205.5424768905363	1792.905919004792
206.543299166966	1794.365928427568
207.54412144339568	1803.351350933483
208.54494371982537	1809.8742749275075
209.54576599625506	1809.4840128558924
210.54658827268474	1817.2923953500706
211.54741054911443	1857.97455876794
212.54823282554412	1859.445912744277
213.5490551019738	1834.2769974380315
214.5498773784035	1848.6614816721983
215.55069965483318	1852.504505328161
216.55152193126287	1849.1635167370184
217.55234420769256	1827.1001352506512
218.55316648412224	1813.7727167577473
219.55398876055193	1818.6794625098887
220.55481103698162	1808.304317011349
221.5556333134113	1806.066569470306
222.556455589841	1795.4577444124973
223.55727786627068	1810.5509631590307
224.55810014270034	1800.901013471835
225.55892241913003	1788.6194999532884
226.55974469555971	1781.5959606922463
227.5605669719894	1804.72988330466
228.5613892484191	1782.8491283098929
229.56221152484878	1771.1110179716443
230.56303380127846	1765.6473143451303
231.56385607770815	1758.1363037337023
232.56467835413784	1761.1621905432983
233.56550063056753	1782.37132987226
234.56632290699721	1810.5035492443963
235.5671451834269	1829.465053162213
236.5679674598566	1838.0292540113462
237.56878973628628	1828.3814223040356
238.56961201271596	1831.4481911965347
239.57043428914565	1838.461384474269
240.57125656557534	1867.1451431855721
241.57207884200503	1907.2909544872139
242.57290111843471	1941.4966741785838
243.5737233948644	1957.5847111259227
244.5745456712941	1931.89600968519
245.57536794772378	1918.3470838222124
246.57619022415346	1909.018926465106
247.57701250058315	1902.1211414599638
248.57783477701284	1895.7416848559071
249.57865705344253	1906.6118171939204
250.5794793298722	1918.0514289831865
251.5803016063019	1905.428032075218
252.5811238827316	1889.8248190355391
253.58194615916128	1867.3354132287138
254.58276843559096	1838.8043214397333
255.58359071202062	1808.4153564868102
256.5844129884503	1772.7579065169912
257.58523526488	1756.5961318690688
258.5860575413097	1758.6868393905868
259.5868798177394	1732.948013566683
260.58770209416906	1709.8566692632214
261.58852437059875	1661.1812892445728
262.58934664702844	1607.957914273006
263.5901689234581	1576.6251357317224
264.5909911998878	1568.6607834019387
265.5918134763175	1557.9770422724964
266.5926357527472	1540.55266333991
267.5934580291769	1509.6032594103938
268.59428030560656	1468.8416550886009
269.59510258203625	1445.770322183001
270.59592485846593	1430.7024029995994
271.5967471348956	1435.2111853013037
272.5975694113253	1446.988955122923
273.598391687755	1471.4833269031415
274.5992139641847	1484.6473714924432
275.6000362406144	1485.9696391161913
276.60085851704406	1473.3967221415267
277.60168079347375	1476.2169219786972
278.60250306990343	1458.125684504203
279.6033253463331	1453.8239824003442
280.6041476227628	1470.9673297026784
281.6049698991925	1471.6767122896183
282.6057921756222	1461.2947393228321
283.6066144520519	1463.436034374031
284.60743672848156	1451.423402565954
285.60825900491125	1443.3899438892781
286.60908128134093	1443.6936033457532
287.6099035577706	1440.6598855789089
288.6107258342003	1447.2347348814912
289.61154811063	1453.7066591424616
290.6123703870597	1483.1494200332604
291.6131926634894	1533.8397789256835
292.61401493991906	1537.044768884012
293.61483721634875	1536.5809542219667
294.61565949277843	1555.3000781001815
295.6164817692081	1565.2785268766802
296.6173040456378	1572.3972287364604
297.6181263220675	1578.8025743379824
298.6189485984972	1559.681855857669
299.61977087492687	1554.2924016570573
300.62059315135656	1544.6595695253773
301.62141542778625	1531.6164747635721
302.62223770421593	1515.543214589687
303.6230599806456	1489.0576159774785
304.62388225707525	1486.7640904941302
305.62470453350494	1489.0351917071328
306.6255268099346	1490.128491165596
307.6263490863643	1479.7707726220442
308.627171362794	1481.9807805754358
309.6279936392237	1469.363082188342
310.6288159156534	1472.9997488778886
311.62963819208306	1456.8717428185307
312.63046046851275	1438.5697382937374
313.63128274494244	1429.7743738118281
314.6321050213721	1419.5430586497775
315.6329272978018	1402.0291637888292
316.6337495742315	1398.1249284362705
317.6345718506612	1392.350293123345
318.6353941270909	1379.2388630404478
319.63621640352056	1379.5058165372104
320.63703867995025	1373.1513804931758
321.63786095637994	1388.1298281729423
322.6386832328096	1421.973638329355
323.6395055092393	1437.537024838886
324.640327785669	1437.464410622773
325.6411500620987	1461.4572743873491
326.6419723385284	1473.98143563733
327.64279461495806	1483.3895077102243
328.64361689138775	1500.613665469973
329.64443916781744	1479.281902673662
330.6452614442471	1488.584589989273
331.6460837206768	1487.6831397489627
332.6469059971065	1475.3491699157769
333.6477282735362	1455.654325713352
334.6485505499659	1445.1091155419808
335.64937282639556	1428.537306807711
336.65019510282525	1429.611344028243
337.65101737925494	1438.8434110217627
338.6518396556846	1431.264426677998
339.6526619321143	1443.8506826945454
340.653484208544	1461.1799063026249
341.6543064849737	1475.9710011609602
342.6551287614034	1474.4288966910221
343.65595103783306	1488.6711484559844
344.65677331426275	1514.5279580660958
345.65759559069244	1524.1743345222942
346.6584178671221	1510.7721090939447
347.6592401435518	1507.6316826277211
348.6600624199815	1507.7965497651078
349.6608846964112	1489.3192647813003
350.6617069728409	1486.0036466887361
351.66252924927056	1497.9240015384119
352.66335152570025	1516.1917221285134
353.66417380212994	1540.5119566636797
354.6649960785596	1535.9835843756898
355.6658183549893	1518.686953159566
356.666640631419	1539.63520728559
357.6674629078487	1549.0061099104184
358.6682851842784	1553.0708794024886
359.66910746070806	1561.604867347575
360.66992973713775	1556.0678699166463
361.67075201356744	1559.398506278266
362.6715742899971	1563.9956141445662
363.6723965664268	1541.3475968848463
364.6732188428565	1496.805969644946
365.6740411192862	1466.6913324617021
366.6748633957159	1433.84198069564
367.6756856721455	1408.386202345073
368.6765079485752	1398.1341671863984
369.6773302250049	1382.0961070289984
370.67815250143457	1369.3648173729891
371.67897477786425	1376.6149138157214
372.67979705429394	1372.4582003737828
373.68061933072363	1373.3609139396494
374.6814416071533	1374.7208312649432
375.682263883583	1381.72697093501
376.6830861600127	1378.3877946873397
377.6839084364424	1363.9407121000934
378.68473071287207	1360.5465227519167
379.68555298930175	1369.6785461464615
380.68637526573144	1378.3607646846046
381.68719754216113	1369.6453940291194
382.6880198185908	1363.690771028611
383.6888420950205	1375.3826526063294
384.6896643714502	1384.1119135397407
385.6904866478799	1372.147975152816
386.69130892430957	1353.2965774625522
387.69213120073925	1354.1476244718192
388.69295347716894	1366.1849756399538
389.69377575359863	1393.7271888095174
390.6945980300283	1419.8663649554558
391.695420306458	1434.8109868722472
392.6962425828877	1437.3681865239907
393.6970648593174	1442.3550485242215
394.69788713574707	1441.7465269775644
395.69870941217675	1433.916204893239
396.69953168860644	1422.1855106938226
397.70035396503613	1403.597160246985
398.7011762414658	1393.8138505772777
399.7019985178955	1386.3261261123596
400.7028207943252	1388.872460154503
401.7036430707549	1378.0408038942921
402.70446534718457	1380.890241445289
403.70528762361425	1385.973408738072
404.70610990004394	1381.9080955549114
405.70693217647363	1379.4860366085657
406.7077544529033	1383.0908574637126
407.708576729333	1376.3287552848353
408.7093990057627	1384.5453541743148
409.7102212821924	1398.9635496070046
410.71104355862207	1411.5721719157718
411.71186583505175	1437.9938561215608
412.71268811148144	1444.3285810198881
413.7135103879111	1448.7578129989597
414.7143326643408	1455.1140634732808
415.7151549407705	1447.2297770899027
416.7159772172002	1451.5257716837261
417.7167994936299	1447.2395188185872
418.71762177005957	1430.8813581973745
419.71844404648925	1427.722285949624
420.71926632291894	1443.0351496335586
421.7200885993486	1457.4325546261978
422.7209108757783	1461.3597396423845
423.721733152208	1443.0499812942892
424.7225554286377	1425.2733230321116
425.7233777050674	1418.9607660866875
426.72419998149707	1414.662210204426
427.72502225792675	1410.5677977736216
428.72584453435644	1389.1768094141798
429.7266668107861	1376.1094100861023
430.7274890872158	1370.9566384070501
431.7283113636455	1354.3971302457098
432.72913364007513	1361.5731919969062
433.7299559165048	1355.4197616768672
434.7307781929345	1347.5089355025295
435.7316004693642	1340.692676784525
436.7324227457939	1335.6438831115245
437.73324502222357	1327.5555610132135
438.73406729865326	1323.9158335683549
439.73488957508295	1320.8343904754868
440.73571185151263	1317.2528759482927
441.7365341279423	1326.492346319543
442.737356404372	1329.547078753791
443.7381786808017	1340.8505892830856
444.7390009572314	1341.0165093616095
445.73982323366107	1338.3007415537961
446.74064551009076	1325.9165278525886
447.74146778652045	1320.3119064429475
448.74229006295013	1307.9969574242173
449.7431123393798	1307.8694008310356
450.7439346158095	1305.7207978753502
451.7447568922392	1309.8835594897478
452.7455791686689	1314.8175058170987
453.74640144509857	1308.8010817936477
454.74722372152826	1296.6174552136617
455.74804599795795	1280.1994069006635
456.74886827438763	1288.552501562443
457.7496905508173	1300.4397752570794
458.750512827247	1304.4773647382817
459.7513351036767	1292.8948653996952
460.7521573801064	1297.9596587841274
461.75297965653607	1307.27436093404
462.75380193296576	1303.9584059317865
463.75462420939544	1330.1642380058693
464.75544648582513	1341.0157786454083
465.7562687622548	1346.388186098798
466.7570910386845	1361.6776379076196
467.7579133151142	1362.1906075819822
468.7587355915439	1343.5215161004096
469.75955786797357	1341.254561867035
470.76038014440326	1338.7765262315224
471.76120242083294	1327.1704253048815
472.76202469726263	1344.7709679767097
473.7628469736923	1339.3736779375479
474.763669250122	1346.4235748435801
475.7644915265517	1353.7029972972155
476.7653138029814	1343.9869187621255
477.76613607941107	1336.0270157788302
478.76695835584076	1331.610260494691
479.76778063227044	1312.610905487282
480.76860290870013	1313.9047937169912
481.7694251851298	1313.959400918921
482.7702474615595	1325.7375687330855
483.7710697379892	1344.6400266218866
484.7718920144189	1329.4861458166708
485.77271429084857	1311.1727224804692
486.77353656727826	1293.3085143512105
487.77435884370794	1298.2796198485487
488.77518112013763	1316.3008573691043
489.7760033965673	1327.7572443153445
490.776825672997	1320.402537895901
491.7776479494267	1331.8898821476957
492.7784702258564	1341.5186986438248
493.77929250228607	1363.614849331521
494.78011477871576	1388.8703118033914
495.7809370551454	1392.9208396459112
496.7817593315751	1401.6721381839816
497.78258160800476	1415.7160680931402
498.78340388443445	1428.1835130800307
499.78422616086414	1431.7962655108872
500.7850484372938	1431.0972062353576
501.7858707137235	1424.3591615487771
502.7866929901532	1409.0056017839186
503.7875152665829	1403.2576459206944
504.7883375430126	1386.8572416394688
505.78915981944226	1371.9164870843745
506.78998209587195	1360.8861876991602
507.79080437230164	1338.4951759950275
508.7916266487313	1323.8087077290263
509.792448925161	1326.5324719569762
510.7932712015907	1324.1768816779693
511.7940934780204	1323.550233479109
512.79491575445	1307.8550206155408
513.7957380308798	1302.70898243807
514.7965603073094	1313.064444061085
515.7973825837391	1288.706963781547
516.7982048601688	1267.6103536763626
517.7990271365985	1262.2409989816404
518.7998494130281	1249.9219090506715
519.8006716894579	1244.0983809312313
520.8014939658875	1240.1259636687541
521.8023162423173	1245.0875282300437
522.8031385187469	1249.4603721634976
523.8039607951766	1258.964211984548
524.8047830716063	1281.3532175337787
525.805605348036	1298.2009958808294
526.8064276244656	1299.5076677713294
527.8072499008954	1296.6846072311528
528.808072177325	1290.2701447594113
529.8088944537548	1311.7600512381605
530.8097167301844	1336.47693714709
531.8105390066141	1337.0743022389427
532.8113612830438	1336.8948920885164
533.8121835594735	1332.2642409600194
534.8130058359031	1331.3995798762598
535.8138281123329	1328.6468711477212
536.8146503887625	1324.4366923308796
537.8154726651923	1316.6962419154343
538.8162949416219	1316.6757611460844
539.8171172180516	1325.7079216019276
540.8179394944813	1343.9006082800993
541.818761770911	1361.1393506455408
542.8195840473406	1363.7567427301326
543.8204063237704	1356.2323867480286
544.8212286002	1351.9609397288652
545.8220508766298	1360.1092900957744
546.8228731530594	1354.0973863180868
547.8236954294891	1344.1717119654322
548.8245177059188	1352.4720075909297
549.8253399823485	1351.0987419133253
550.8261622587781	1340.2290046215978
551.8269845352079	1343.9460291757516
552.8278068116375	1358.1445465811153
553.8286290880673	1362.5231637707043
554.8294513644969	1378.7319002877086
555.8302736409266	1391.4556856406693
556.8310959173563	1405.6860090314717
557.831918193786	1412.402779195506
558.8327404702156	1404.690821297645
559.8335627466454	1387.6345184899046
560.834385023075	1379.8101750736032
561.8352072995048	1375.3883003497901
562.8360295759344	1348.1468024092603
563.8368518523641	1328.0492919018193
564.8376741287938	1315.8736210106165
565.8384964052235	1301.0968219596987
566.8393186816531	1289.3370019538556
567.8401409580829	1268.1656029122998
568.8409632345125	1255.3427954678225
569.8417855109423	1262.610311380429
570.8426077873719	1259.8246898978002
571.8434300638016	1257.9397984124653
572.8442523402313	1253.973566487958
573.845074616661	1231.8392280645082
574.8458968930906	1211.3913988106929
575.8467191695204	1200.1991604693426
576.84754144595	1190.9728262076494
577.8483637223798	1187.8396725320845
578.8491859988094	1177.7424405019462
579.8500082752391	1162.9570073966436
580.8508305516688	1158.9774175402097
581.8516528280985	1154.399843410121
582.8524751045281	1160.8083325043308
583.8532973809579	1158.1820093866756
584.8541196573875	1162.6118871092917
585.8549419338173	1177.8194194016903
586.8557642102469	1189.4505128386968
587.8565864866766	1214.2143021849042
588.8574087631063	1236.857002139556
589.858231039536	1253.673190007488
590.8590533159656	1262.6206430368895
591.8598755923954	1256.5752671743267
592.860697868825	1263.9817006549217
593.8615201452546	1255.3217036549524
594.8623424216844	1245.8818150348948
595.863164698114	1241.3448767830532
596.8639869745438	1249.0390176985347
597.8648092509734	1267.143610532369
598.8656315274031	1272.7569717927672
599.8664538038328	1269.4843769320105
600.8672760802625	1285.4323337146932
601.8680983566921	1288.1021185162404
602.8689206331219	1282.0977310498272
603.8697429095515	1277.413547957453
604.8705651859813	1260.0736143588576
605.8713874624109	1245.9329525956691
606.8722097388406	1243.9825540452416
607.8730320152703	1232.4806126514034
608.8738542917	1238.5915275979207
609.8746765681296	1251.1367011530435
610.8754988445594	1247.436877448717
611.876321120989	1241.1984243551276
612.8771433974188	1250.2455414044143
613.8779656738484	1237.6934555731457
614.8787879502781	1213.6489768336999
615.8796102267078	1208.4244368007055
616.8804325031375	1225.3266194401865
617.8812547795671	1222.1993264231326
618.8820770559969	1215.2571190081298
619.8828993324265	1213.642718878463
620.8837216088563	1209.8137461525077
621.8845438852859	1202.75437085743
622.8853661617156	1192.4387034164988
623.8861884381453	1194.0797347877958
624.887010714575	1190.5571391934318
625.8878329910046	1180.597873362206
626.8886552674344	1164.2586782719045
627.889477543864	1178.7781252955651
628.8902998202938	1194.8307518939832
629.8911220967234	1188.5222901763843
630.8919443731531	1167.2078154916608
631.8927666495828	1168.765839148604
632.8935889260125	1174.7471873073766
633.8944112024421	1179.1768301712966
634.8952334788719	1185.1298317447392
635.8960557553015	1187.111314664664
636.8968780317313	1187.026089157632
637.8977003081609	1182.0638237592855
638.8985225845906	1166.4414631475083
639.8993448610203	1173.9673781293188
640.90016713745	1187.8587410650048
641.9009894138796	1203.9213060908075
642.9018116903094	1212.9555356099336
643.902633966739	1236.6412531646831
644.9034562431688	1233.4675061977655
645.9042785195984	1222.6667448338123
646.9051007960281	1214.8506090472113
647.9059230724578	1226.3045125855508
648.9067453488875	1218.5809545979325
649.9075676253171	1195.9748213467217
650.9083899017469	1179.0496480640304
651.9092121781765	1159.7374921128273
652.9100344546063	1148.4392060881019
653.9108567310359	1142.521890036893
654.9116790074656	1137.0835443157582
655.9125012838953	1137.4713798783898
656.9133235603249	1122.4213406088288
657.9141458367546	1110.3302944489255
658.9149681131843	1110.7606617285583
659.915790389614	1112.9368176870914
660.9166126660436	1101.2599529095503
661.9174349424734	1083.9449451284218
662.918257218903	1085.7753144765768
663.9190794953328	1095.5298481135865
664.9199017717624	1104.7971925997936
665.9207240481921	1118.2339188316641
666.9215463246218	1144.7231111765336
667.9223686010515	1160.322462624416
668.9231908774811	1164.921277267383
669.9240131539109	1171.2000103624598
670.9248354303405	1182.1946728113285
671.9256577067703	1183.7834744110082
672.9264799831999	1192.9003714715484
673.9273022596296	1209.6530143570576
674.9281245360593	1232.299776565937
675.928946812489	1242.3612256078868
676.9297690889186	1250.8304091571783
677.9305913653484	1266.312390461198
678.931413641778	1266.621922167168
679.9322359182078	1266.6645340197408
680.9330581946374	1255.909842458883
681.9338804710671	1251.355619786161
682.9347027474968	1248.5636298974528
683.9355250239265	1250.1293296873937
684.9363473003561	1257.039185265322
685.9371695767859	1263.4375434177614
686.9379918532155	1268.6403433747942
687.9388141296453	1261.8803116973256
688.9396364060749	1270.5684732936668
689.9404586825046	1275.1301678504199
690.9412809589343	1271.7270887164864
691.942103235364	1268.9325143002184
692.9429255117936	1268.5640124927595
693.9437477882234	1264.5347685401166
694.944570064653	1255.660039861895
695.9453923410828	1253.9178506278033
696.9462146175124	1259.904767028252
697.9470368939421	1265.6185771424189
698.9478591703718	1263.2196930717207
699.9486814468015	1264.3876901814508
700.9495037232311	1266.61008279087
701.9503259996609	1265.138834007811
702.9511482760905	1266.7423651526826
703.9519705525203	1264.2935521479153
704.9527928289499	1264.9193443401073
705.9536151053796	1275.401461223181
706.9544373818093	1270.5823645081994
707.955259658239	1268.5477893239886
708.9560819346686	1272.7387302475208
709.9569042110984	1266.9126281228712
710.957726487528	1266.1614079001747
711.9585487639578	1262.3245790632004
712.9593710403874	1259.807559473157
713.9601933168171	1249.254039153803
714.9610155932468	1229.6211258579926
715.9618378696765	1228.7953783919334
716.9626601461061	1234.790906314088
717.9634824225359	1226.5468869523395
718.9643046989655	1220.3402908026567
719.9651269753952	1237.3067600041575
720.9659492518249	1256.4758760322043
721.9667715282545	1263.8807134008605
722.9675938046843	1261.8655415564947
723.9684160811139	1268.4766153726316
724.9692383575436	1275.2727979052474
725.9700606339733	1282.5659945894538
726.970882910403	1294.6727172504975
727.9717051868327	1306.837718259553
728.9725274632624	1302.8280619563382
729.973349739692	1298.3839500503948
730.9741720161218	1305.112954587981
731.9749942925514	1291.7643542056965
732.9758165689811	1272.4001907032468
733.9766388454108	1269.373473570504
734.9774611218405	1272.3039391867994
735.9782833982702	1272.4079576998715
736.9791056746999	1276.7265702249051
737.9799279511295	1265.235989254715
738.9807502275593	1259.5390774926418
739.9815725039889	1254.3098424604007
740.9823947804186	1243.5045138190808
741.9832170568483	1239.0018219556523
742.984039333278	1235.3909491917984
743.9848616097077	1234.2827339610585
744.9856838861374	1226.176963063985
745.986506162567	1209.8689827348494
746.9873284389968	1211.515107962149
747.9881507154264	1218.6184110986117
748.9889729918561	1202.9458614023793
749.9897952682858	1184.1743250670938
750.9906175447155	1178.0331669169173
751.9914398211451	1176.5674720980542
752.9922620975749	1174.5244246076943
753.9930843740045	1164.6084025013693
754.9939066504343	1165.4031880383739
755.9947289268639	1181.4000060263218
756.9955512032936	1207.7433559973035
757.9963734797233	1228.8864413482152
758.997195756153	1234.3416037773013
759.9980180325826	1233.7988543777915
760.9988403090124	1230.04425556631
761.999662585442	1243.9683481524262
763.0004848618718	1241.4072991265243
764.0013071383014	1226.3691193496852
765.0021294147311	1221.5958478077434
766.0029516911608	1227.0580522392333
767.0037739675905	1222.7373728445834
768.0045962440201	1219.1348177416266
769.0054185204499	1210.4167144932899
770.0062407968795	1203.3205589598435
771.0070630733093	1201.7231748869913
772.0078853497389	1187.034561945359
773.0087076261686	1182.5049192486272
774.0095299025983	1187.7407443323646
775.010352179028	1182.4992524207428
776.0111744554576	1175.301973424546
777.0119967318874	1179.8046649524595
778.012819008317	1189.85704355614
779.0136412847468	1198.0805955682754
780.0144635611764	1202.6277924329358
781.0152858376061	1200.426739216277
782.0161081140358	1195.5625662743478
783.0169303904655	1186.5369738936502
784.0177526668951	1180.4514976163014
785.0185749433248	1183.7300904045915
786.0193972197545	1189.8211791244682
787.0202194961842	1195.091467091916
788.0210417726139	1198.1519743220906
789.0218640490435	1207.8327820859067
790.0226863254733	1205.4752428604947
791.0235086019029	1196.6116724740164
792.0243308783326	1184.952824310252
793.0251531547623	1188.407362775395
794.025975431192	1184.4731864038397
795.0267977076217	1185.2055029591427
796.0276199840514	1188.720672513498
797.028442260481	1197.1229302065408
798.0292645369108	1205.9411418285001
799.0300868133404	1212.64850161453
800.0309090897701	1224.695687982717
801.0317313661998	1234.1896149108034
802.0325536426295	1236.931085305811
803.0333759190592	1233.072656920571
804.0341981954889	1232.8805311932213
805.0350204719185	1241.9142252319186
806.0358427483483	1226.0956876434782
807.0366650247779	1217.7037834101282
808.0374873012076	1223.162592872434
809.0383095776373	1225.163191657225
810.039131854067	1231.1060993989875
811.0399541304967	1238.8725520416947
812.0407764069264	1234.675839171099
813.041598683356	1233.702545553191
814.0424209597858	1231.1225680836362
815.0432432362154	1239.4714794559195
816.0440655126451	1247.045632741811
817.0448877890748	1254.0963444256156
818.0457100655045	1256.4314623259938
819.0465323419342	1256.3036383176905
820.0473546183639	1255.2740979080272
821.0481768947935	1249.0872289884317
822.0489991712233	1242.6421864644365
823.0498214476529	1232.8628374905459
824.0506437240826	1230.8191814163818
825.0514660005123	1228.3058752148506
826.052288276942	1228.3876073925967
827.0531105533717	1227.3457919950008
828.0539328298014	1233.442018190172
829.054755106231	1256.1862898264224
830.0555773826608	1278.9667131860276
831.0563996590904	1297.88809012702
832.0572219355201	1318.9878860451558
833.0580442119498	1336.375506091259
834.0588664883795	1349.9008673122976
835.0596887648092	1362.2388418106932
836.0605110412389	1374.3612817327594
837.0613333176685	1371.3696139514968
838.0621555940983	1373.756989767043
839.0629778705279	1379.6686600766823
840.0638001469576	1381.2146607929192
841.0646224233873	1389.7986487022886
842.065444699817	1387.6928768840278
843.0662669762467	1371.3916335830554
844.0670892526764	1360.8848616731757
845.067911529106	1355.7241258541994
846.0687338055358	1349.7474574355892
847.0695560819654	1332.3462358581637
848.0703783583951	1322.9522330777024
849.0712006348248	1322.0508485975006
850.0720229112544	1315.4982221537705
851.0728451876842	1299.111322539533
852.0736674641138	1283.0441313568258
853.0744897405435	1269.4044769877544
854.0753120169732	1248.0840525947528
855.0761342934029	1234.9337494727545
856.0769565698325	1238.303906999501
857.0777788462623	1229.0256730181156
858.0786011226919	1231.0883521524204
859.0794233991217	1227.1764683644292
860.0802456755513	1223.077987655508
861.081067951981	1231.9290003481037
862.0818902284107	1231.774493174159
863.0827125048404	1239.3297452682762
864.08353478127	1251.6371839131543
865.0843570576998	1251.5386598392852
866.0851793341294	1260.091386760862
867.0860016105592	1273.9836668147932
868.0868238869888	1282.8723876369727
869.0876461634185	1284.8191404188635
870.0884684398482	1289.2640580964976
871.0892907162779	1291.1889042126932
872.0901129927075	1300.6931506453068
873.0909352691373	1305.224502452041
874.0917575455669	1299.7744298000364
875.0925798219967	1289.233916975892
876.0934020984263	1279.2968090148972
877.094224374856	1268.9813371584619
878.0950466512857	1261.5476376906622
879.0958689277154	1266.1826694127085
880.096691204145	1278.7414227401437
881.0975134805748	1272.1582445476652
882.0983357570044	1270.027741695577
883.0991580334342	1269.146584252084
884.0999803098638	1258.4780795767074
885.1008025862935	1244.8090126200077
886.1016248627232	1231.2746285248475
887.1024471391529	1232.212313189142
888.1032694155825	1223.9299278079689
889.1040916920123	1227.2365493377874
890.1049139684419	1216.2807234948243
891.1057362448717	1189.0616704303657
892.1065585213013	1168.903454005391
893.107380797731	1157.107982603911
894.1082030741607	1156.3739441042608
895.1090253505904	1147.5268126840115
896.10984762702	1127.123386673832
897.1106699034498	1120.3991959529203
898.1114921798794	1115.856112632623
899.1123144563092	1104.561845959585
900.1131367327388	1086.4701388546887
901.1139590091685	1070.524980774507
902.1147812855982	1054.0839140936823
903.1156035620279	1044.7063806197832
904.1164258384575	1038.6642771998088
905.1172481148873	1032.0554971894642
906.1180703913169	1024.0579913173674
907.1188926677466	1003.8951653388841
908.1197149441763	982.3140100300666
909.120537220606	972.3941251617081
910.1213594970357	983.752429277815
911.1221817734654	1005.8824077332482
912.123004049895	1009.6416460039462
913.1238263263247	1018.7083649688337
914.1246486027544	1035.845724934855
915.125470879184	1037.962621388656
916.1262931556138	1047.3928811181363
917.1271154320434	1060.5808240709048
918.1279377084732	1072.6751432728092
919.1287599849028	1077.5619706988236
920.1295822613325	1080.7045822834457
921.1304045377622	1074.9539806006328
922.1312268141919	1068.0247008711276
923.1320490906215	1063.8631753759973
924.1328713670513	1066.9607820426647
925.1336936434809	1075.5860076792203
926.1345159199107	1070.167462903109
927.1353381963403	1057.0654405696027
928.13616047277	1055.3703586714432
929.1369827491997	1055.3487580302217
930.1378050256294	1060.4647788776856
931.138627302059	1058.646511085663
932.1394495784888	1048.6100918014756
933.1402718549184	1040.9783764612525
934.1410941313482	1038.1536303129208
935.1419164077778	1043.3220739387675
936.1427386842075	1047.5587594351416
937.1435609606372	1059.3752266677445
938.1443832370669	1066.7845857925354
939.1452055134965	1067.4878250750155
940.1460277899263	1073.874381518182
941.1468500663559	1095.28146952485
942.1476723427857	1113.6030758971226
943.1484946192153	1115.6561060177323
944.149316895645	1124.6045022075575
945.1501391720747	1135.3489692889327
946.1509614485044	1137.6141131897461
947.151783724934	1150.9521750746912
948.1526060013638	1170.9787030942423
949.1534282777934	1190.8642888456802
950.1542505542232	1191.052420389856
951.1550728306528	1185.5671153481599
952.1558951070825	1185.9616413701726
953.1567173835122	1187.8996841765663
954.1575396599419	1193.194870480165
955.1583619363715	1204.7693630480396
956.1591842128013	1209.2321297936971
957.1600064892309	1203.3439588653994
958.1608287656607	1195.526732753178
959.1616510420903	1187.463296858652
960.16247331852	1178.636640775992
961.1632955949497	1174.6671130261993
962.1641178713794	1169.3874662263977
963.164940147809	1152.6669111770043
964.1657624242388	1137.0005984092102
965.1665847006684	1125.4678404194556
966.1674069770982	1120.3634622780248
967.1682292535278	1112.0521554916572
968.1690515299575	1110.3265894469337
969.1698738063872	1115.2401402367068
970.1706960828169	1127.316020475464
971.1715183592465	1141.3755204145998
972.1723406356763	1156.7217395630441
973.1731629121059	1164.1327995567578
974.1739851885357	1160.6457541716197
975.1748074649653	1166.97314383858
976.1756297413949	1164.5357993192415
977.1764520178247	1166.4637725096206
978.1772742942543	1170.6187355998002
979.178096570684	1177.3087493891032
980.1789188471137	1190.5275834524348
981.1797411235434	1196.2655503283268
982.180563399973	1201.8455922757669
983.1813856764028	1203.2798233241178
984.1822079528324	1198.175706235403
985.1830302292622	1188.8652415920756
986.1838525056918	1190.3475779153039
987.1846747821215	1190.9519973553633
988.1854970585512	1187.147690227359
989.1863193349809	1191.7492242267065
990.1871416114105	1194.3864949471283
991.1879638878403	1193.9306261848453
992.1887861642699	1196.438007147295
993.1896084406997	1204.2925289823263
994.1904307171293	1202.736384546313
995.191252993559	1205.5487137208333
996.1920752699887	1211.2781002297843
997.1928975464184	1212.391535785224
998.193719822848	1212.5573568773477
999.1945420992778	1207.5801119711327
1000.1953643757074	1200.8483023020506
1001.1961866521372	1197.2310506318338
1002.1970089285668	1201.1397756097472
1003.1978312049965	1196.097256597397
1004.1986534814262	1205.7615634969695
1005.1994757578559	1209.8639571033934
1006.2002980342855	1205.6051719779389
1007.2011203107153	1199.785690055323
1008.2019425871449	1212.0388610602467
1009.2027648635747	1222.6604545906375
1010.2035871400043	1225.3461400530196
1011.204409416434	1226.8526640997482
1012.2052316928637	1235.1625471928126
1013.2060539692934	1243.9166679554978
1014.206876245723	1250.0819115978459
1015.2076985221528	1240.83911672412
1016.2085207985824	1234.8614228290992
1017.2093430750122	1232.4854806392602
1018.2101653514418	1225.4306349512
1019.2109876278715	1220.9229918594215
1020.2118099043012	1225.1069384996315
1021.2126321807309	1215.6526349288008
1022.2134544571605	1200.7341825787735
1023.2142767335903	1201.3288302626838
1024.21509901002	1201.1969649412013
1025.2159212864497	1197.3567467426703
1026.2167435628792	1198.9701538566853
1027.217565839309	1192.8240778854456
1028.2183881157387	1190.1055059681034
1029.2192103921684	1187.5391014596908
1030.220032668598	1180.6400249275844
1031.2208549450277	1173.1059140826017
1032.2216772214574	1162.7522850483413
1033.2224994978872	1156.5516268832685
1034.2233217743167	1141.8804562410555
1035.2241440507464	1138.831157442893
1036.2249663271762	1138.3060651037524
1037.225788603606	1121.0401026021323
1038.2266108800354	1108.3812664747784
1039.2274331564652	1116.4316984538798
1040.228255432895	1129.4371165319951
1041.2290777093247	1138.7814730216594
1042.2298999857542	1148.7862254092684
1043.230722262184	1152.0957140859725
1044.2315445386137	1152.8063662061281
1045.2323668150434	1166.6637004289478
1046.233189091473	1174.907967050814
1047.2340113679027	1194.3905379753826
1048.2348336443324	1213.1832890511694
1049.2356559207622	1223.3806754226682
1050.2364781971917	1229.9808367346252
1051.2373004736214	1235.9359162331668
1052.2381227500512	1236.3413426740606
1053.238945026481	1233.725032447799
1054.2397673029104	1240.184462638426
1055.2405895793402	1242.9860996535795
1056.24141185577	1252.8040997578462
1057.2422341321997	1255.976238946585
1058.2430564086292	1246.3077101790395
1059.243878685059	1239.3768922552854
1060.2447009614887	1233.5628336118475
1061.2455232379184	1236.6023470921898
1062.246345514348	1237.4532982401438
1063.2471677907777	1234.0732878467566
1064.2479900672074	1227.0390409463291
1065.2488123436372	1219.274124669073
1066.2496346200667	1208.329352343098
1067.2504568964964	1211.0871444848162
1068.2512791729262	1202.7829768935298
1069.252101449356	1189.6454328839907
1070.2529237257854	1184.211879391725
1071.2537460022152	1191.487262784911
1072.254568278645	1202.4097464277922
1073.2553905550747	1208.7569061038382
1074.2562128315042	1204.3184364639385
1075.257035107934	1197.8967693451036
1076.2578573843637	1193.0982638566115
1077.2586796607934	1195.082880724653
1078.259501937223	1199.5048620417053
1079.2603242136527	1197.5477321296037
1080.2611464900824	1194.8330423009925
1081.2619687665122	1193.128607904422
1082.2627910429417	1175.5815680961714
1083.2636133193714	1160.6391933982816
1084.2644355958012	1149.719271784905
1085.265257872231	1143.2350154983296
1086.2660801486604	1143.1904332872057
1087.2669024250902	1150.2756545857253
1088.26772470152	1141.0371810850613
1089.2685469779497	1134.4349729370294
1090.2693692543792	1125.6693876802158
1091.270191530809	1110.2567145491087
1092.2710138072387	1095.7717724469744
1093.2718360836684	1088.3197989743016
1094.272658360098	1080.7055038113142
1095.2734806365277	1071.3553940550262
1096.2743029129574	1055.4306498428436
1097.2751251893872	1041.3966914117468
1098.2759474658167	1047.7911512997653
1099.2767697422464	1047.3424304427642
1100.2775920186762	1038.8429821777456
1101.278414295106	1046.721488432956
1102.2792365715354	1070.917305536456
1103.2800588479652	1089.4707065672285
1104.280881124395	1100.757787512212
1105.2817034008244	1107.101711243869
1106.2825256772542	1115.8123811537273
1107.283347953684	1119.13590208975
1108.2841702301137	1117.282656445093
1109.2849925065432	1122.7929800044033
1110.285814782973	1130.667008454717
1111.2866370594027	1143.6432974160234
1112.2874593358324	1162.4985816444344
1113.288281612262	1171.344099261482
1114.2891038886917	1172.3473596326344
1115.2899261651214	1171.7823999253028
1116.2907484415512	1183.961550607921
1117.2915707179807	1199.2031592879787
1118.2923929944104	1215.227437889183
1119.2932152708402	1213.7413268653054
1120.29403754727	1222.3974769746994
1121.2948598236994	1235.369405278763
1122.2956821001292	1238.3206630909262
1123.296504376559	1232.4127589833881
1124.2973266529887	1227.9117942339412
1125.2981489294182	1219.0429536612733
1126.298971205848	1218.1116134442398
1127.2997934822777	1204.5800447132056
1128.3006157587074	1193.0251470971523
1129.301438035137	1197.3951777902103
1130.3022603115667	1194.015903596475
1131.3030825879964	1195.3666570487908
1132.3039048644262	1209.0711430168571
1133.3047271408557	1221.9946460563406
1134.3055494172854	1221.0257871478168
1135.3063716937152	1218.8663367887707
1136.307193970145	1213.8743137043061
1137.3080162465744	1223.4278022615897
1138.3088385230042	1233.1681982757707
1139.309660799434	1227.6391730332305
1140.3104830758637	1220.4589497195504
1141.3113053522932	1222.6523402904631
1142.312127628723	1228.9755581783315
1143.3129499051527	1236.1427193709865
1144.3137721815824	1243.2887720627646
1145.314594458012	1241.8493040788915
1146.3154167344417	1244.562854987869
1147.3162390108714	1253.6916261430333
1148.3170612873012	1256.0809659805113
1149.3178835637307	1256.503525422645
1150.3187058401604	1252.6261923004374
1151.3195281165902	1252.4451564808494
1152.32035039302	1257.3632266307518
1153.3211726694494	1260.1807372586627
1154.3219949458792	1259.2467554679165
1155.322817222309	1251.51513358841
1156.3236394987387	1239.261552437334
1157.3244617751682	1238.6203419216927
1158.325284051598	1231.6048853819807
1159.3261063280277	1237.2300729828335
1160.3269286044574	1249.3569619736945
1161.327750880887	1258.542157228502
1162.3285731573167	1271.1380602580064
1163.3293954337464	1283.7590977024147
1164.3302177101762	1279.787697827351
1165.3310399866057	1269.1695279108617
1166.3318622630354	1264.752157608725
1167.3326845394652	1253.4018332434398
1168.333506815895	1258.8873525179713
1169.3343290923244	1267.0197897708751
1170.3351513687542	1266.5974632688644
1171.335973645184	1262.2928227228851
1172.3367959216134	1260.3730489013228
1173.3376181980432	1260.6804269076283
1174.338440474473	1258.786782627621
1175.3392627509027	1259.7851395187674
1176.3400850273322	1268.4160720544355
1177.340907303762	1277.2666595657354
1178.3417295801917	1279.1288000482427
1179.3425518566214	1276.0729881681314
1180.343374133051	1263.234072293583
1181.3441964094807	1256.5269738212742
1182.3450186859104	1251.3093139875243
1183.3458409623402	1250.9124831686524
1184.3466632387697	1252.7395374852276
1185.3474855151994	1252.4594503630021
1186.3483077916292	1246.5114101082197
1187.349130068059	1238.8181136870255
1188.3499523444884	1232.6158225835038
1189.3507746209182	1222.7312240904914
1190.351596897348	1232.397197035828
1191.3524191737777	1249.3325448928606
1192.3532414502072	1267.904769650985
1193.354063726637	1273.8977512605254
1194.3548860030667	1275.5790680698897
1195.3557082794964	1271.4107835568502
1196.356530555926	1269.2696748993453
1197.3573528323557	1274.2474118283333
1198.3581751087854	1267.7873323501203
1199.3589973852152	1265.407378297596
1200.3598196616447	1260.0725586371984
1201.3606419380744	1250.0151135924875
1202.3614642145042	1238.5807312314912
1203.362286490934	1224.608642680295
1204.3631087673634	1212.0648140236456
1205.3639310437932	1193.5378049039907
1206.364753320223	1176.2932733147336
1207.3655755966527	1178.4056987368767
1208.3663978730822	1177.9346133035936
1209.367220149512	1179.2988668149937
1210.3680424259417	1172.1982397462273
1211.3688647023714	1151.0092352430295
1212.369686978801	1136.5666209186993
1213.3705092552307	1134.250559217707
1214.3713315316604	1133.6681210453664
1215.3721538080902	1139.4494753860686
1216.3729760845197	1150.3897446665978
1217.3737983609494	1145.778903410584
1218.3746206373792	1149.7464028080053
1219.375442913809	1145.737351547143
1220.3762651902384	1136.7079481351627
1221.3770874666682	1133.05946274296
1222.377909743098	1140.2493557593311
1223.3787320195277	1151.639102524053
1224.3795542959572	1155.6842908975216
1225.380376572387	1159.1954590029436
1226.3811988488167	1171.689084723173
1227.3820211252464	1183.5416883983542
1228.382843401676	1189.8501681957732
1229.3836656781057	1196.5435684634174
1230.3844879545354	1208.9209966020196
1231.3853102309652	1218.7153524022206
1232.3861325073947	1224.2596769327224
1233.3869547838244	1229.974272255195
1234.3877770602542	1227.2299318174887
1235.3885993366837	1221.5322737478511
1236.3894216131134	1211.9577372641013
1237.3902438895432	1204.2621047860505
1238.391066165973	1201.4325188032387
1239.3918884424024	1200.0545116511694
1240.3927107188322	1203.8520900571834
1241.393532995262	1204.0521459165357
1242.3943552716917	1188.195771215334
1243.3951775481212	1173.3756062388952
1244.395999824551	1168.6592564356345
1245.3968221009807	1165.3713776901832
1246.3976443774104	1169.142746212618
1247.39846665384	1184.2364625801893
1248.3992889302697	1186.7677014828264
1249.4001112066994	1204.6480169169297
1250.4009334831292	1217.5015291117716
1251.4017557595587	1217.5165478510169
1252.4025780359884	1222.6210855726806
1253.4034003124182	1220.6879864033376
1254.404222588848	1212.3701176181473
1255.4050448652774	1212.6545892475333
1256.4058671417072	1221.5718556706283
1257.406689418137	1234.7297511636968
1258.4075116945667	1251.4707301521482
1259.4083339709962	1258.3798588200816
1260.409156247426	1273.6167826943092
1261.4099785238557	1296.423572160235
1262.4108008002854	1315.1241787606227
1263.411623076715	1339.5938347093288
1264.4124453531447	1358.8695096818162
1265.4132676295744	1358.7826697130852
1266.4140899060042	1354.5329599129304
1267.4149121824337	1351.7291477822357
1268.4157344588634	1357.9006490698139
1269.4165567352932	1374.641341310141
1270.417379011723	1380.6179391371343
1271.4182012881524	1381.0410608532143
1272.4190235645822	1378.9967037484685
1273.419845841012	1358.5198959622596
1274.4206681174417	1337.9512483194333
1275.4214903938712	1315.4285389640593
1276.422312670301	1300.8885790178044
1277.4231349467307	1297.4724056611967
1278.4239572231604	1292.5750267223418
1279.42477949959	1283.70493632853
1280.4256017760197	1290.9463477158824
1281.4264240524494	1290.911245286936
1282.4272463288792	1277.9893004930066
1283.4280686053087	1267.6645264542349
1284.4288908817384	1246.3377984306076
1285.4297131581682	1224.3881522495476
1286.430535434598	1211.843381670387
1287.4313577110274	1202.0845438952056
1288.4321799874572	1191.2837578772946
1289.433002263887	1188.5600315881086
1290.4338245403167	1188.740579345157
1291.4346468167462	1202.1959558142114
1292.435469093176	1215.2928551609702
1293.4362913696057	1221.5783238467598
1294.4371136460354	1240.6408853010598
1295.437935922465	1249.4734107220254
1296.4387581988947	1241.346860631129
1297.4395804753244	1231.487413103964
1298.440402751754	1220.7835749748615
1299.4412250281837	1215.2266700772816
1300.4420473046134	1217.754569734938
1301.4428695810432	1217.9738026490204
1302.4436918574727	1225.6615851087831
1303.4445141339024	1223.760289634952
1304.4453364103322	1212.9903203973222
1305.446158686762	1209.068201896125
1306.4469809631914	1194.7711143393492
1307.4478032396212	1184.7471306724767
1308.448625516051	1191.7957775187908
1309.4494477924807	1198.2747333367402
1310.4502700689102	1209.4086353088255
1311.45109234534	1227.8785488785393
1312.4519146217697	1230.63813740125
1313.4527368981994	1230.5612798058437
1314.453559174629	1224.9102982505578
1315.4543814510587	1222.349561155639
1316.4552037274884	1232.4347113177027
1317.4560260039182	1244.4110005832074
1318.4568482803477	1254.8026201571217
1319.4576705567774	1267.2720732229325
1320.4584928332072	1272.9463813105897
1321.459315109637	1279.7538583135633
1322.4601373860664	1295.9885912439124
1323.4609596624962	1305.9047642062887
1324.461781938926	1310.344205586597
1325.4626042153557	1319.6006426695192
1326.4634264917852	1318.9953790540362
1327.464248768215	1307.5121018228294
1328.4650710446447	1294.3653347070417
1329.4658933210744	1274.8984925316038
1330.466715597504	1260.223278304296
1331.4675378739337	1251.801299746449
1332.4683601503634	1250.4229538535847
1333.4691824267932	1253.0907621079605
1334.4700047032227	1253.0111324365187
1335.4708269796524	1249.682737009175
1336.4716492560822	1244.290674027132
1337.472471532512	1223.5475452674561
1338.4732938089414	1201.1496147392747
1339.4741160853712	1188.5937856581327
1340.474938361801	1188.9308176255938
1341.4757606382307	1193.9544918914999
1342.4765829146602	1188.483607821157
1343.47740519109	1173.2419570593845
1344.4782274675197	1171.0868731183664
1345.4790497439494	1166.9708980273488
1346.479872020379	1160.59628026426
1347.4806942968087	1165.008865682476
1348.4815165732384	1166.4562178480137
1349.4823388496682	1168.0045793315578
1350.4831611260977	1180.5223830542207
1351.4839834025274	1184.960359656237
1352.4848056789572	1180.4825112906788
1353.485627955387	1174.1769480558837
1354.4864502318164	1164.3735902651968
1355.4872725082462	1158.829224866571
1356.488094784676	1152.2127423985912
1357.4889170611057	1133.0326204011083
1358.4897393375352	1113.0741687378804
1359.490561613965	1096.290818165641
1360.4913838903947	1083.2343318494459
1361.4922061668242	1067.4539039407607
1362.493028443254	1059.4549600216667
1363.4938507196837	1062.0967141759731
1364.4946729961134	1058.2722046355125
1365.495495272543	1067.9867775762434
1366.4963175489727	1092.0354501828
1367.4971398254024	1106.6171837638112
1368.4979621018322	1113.3929805450628
1369.4987843782617	1126.1041755194647
1370.4996066546914	1138.3289561494064
1371.5004289311212	1150.9422479985224
1372.501251207551	1160.1516710863887
1373.5020734839804	1160.6357544976972
1374.5028957604102	1168.7989495139557
1375.50371803684	1183.3374251837154
1376.5045403132697	1196.1379193244443
1377.5053625896992	1211.3841647970344
1378.506184866129	1221.6659419221644
1379.5070071425587	1221.6875106313958
1380.5078294189884	1228.6430401545474
1381.508651695418	1241.51362901255
1382.5094739718477	1246.9682162278732
1383.5102962482774	1249.9765883759294
1384.5111185247072	1249.7687993270426
1385.5119408011367	1238.2176190192627
1386.5127630775664	1233.6925394317968
1387.5135853539962	1221.7882908252648
1388.514407630426	1208.18991967679
1389.5152299068554	1198.4025787996816
1390.5160521832852	1184.925016306545
1391.516874459715	1174.3832508578002
1392.5176967361447	1154.9109363330228
1393.5185190125742	1142.4459744560947
1394.519341289004	1136.2583359399973
1395.5201635654337	1117.4389591645058
1396.5209858418634	1106.0173163785946
1397.521808118293	1115.188183069975
1398.5226303947227	1122.8033194457828
1399.5234526711524	1132.13557624536
1400.5242749475822	1148.8290207041673
1401.5250972240117	1159.3076322162447
1402.5259195004414	1160.416752317001
1403.5267417768712	1170.6162315824133
1404.527564053301	1185.036526634298
1405.5283863297304	1206.677867485855
1406.5292086061602	1214.0046267406233
1407.53003088259	1223.614389939818
1408.5308531590197	1236.6862615291934
1409.5316754354492	1242.970862605442
1410.532497711879	1245.456331804756
1411.5333199883087	1262.4849085644362
1412.5341422647384	1281.3304610949515
1413.534964541168	1282.9126780977942
1414.5357868175977	1290.1479229892543
1415.5366090940274	1297.472518725733
1416.5374313704572	1294.9677361368483
1417.5382536468867	1302.4773109561456
1418.5390759233164	1298.691393139649
1419.5398981997462	1305.4487016183045
1420.540720476176	1302.3715139703327
1421.5415427526054	1291.6042937266186
1422.5423650290352	1282.1784042156748
1423.543187305465	1266.2997720718702
1424.5440095818944	1264.9188198969753
1425.5448318583242	1262.1787902613025
1426.545654134754	1251.7517893442714
1427.5464764111837	1235.3575165192672
1428.5472986876132	1224.4574800692023
1429.548120964043	1216.958909242116
1430.5489432404727	1217.7743943276753
1431.5497655169024	1221.0402976095506
1432.550587793332	1213.8001075980685
1433.5514100697617	1199.3337224018562
1434.5522323461914	1200.5190546623805
1435.5530546226212	1205.638834001633
1436.5538768990507	1214.369293711246
1437.5546991754804	1216.8033456965215
1438.5555214519102	1211.675947145588
1439.55634372834	1202.3973080109445
1440.5571660047694	1193.514365482486
1441.5579882811992	1188.8233233171343
1442.558810557629	1198.8113585057163
1443.5596328340587	1213.1922791763527
1444.5604551104882	1218.460251889204
1445.561277386918	1219.2041501846732
1446.5620996633477	1214.9907966246835
1447.5629219397774	1217.2057892897897
1448.563744216207	1228.5151778108602
1449.5645664926367	1231.7237202606188
1450.5653887690664	1238.081420203863
1451.5662110454962	1239.2966778249
1452.5670333219257	1241.058777368026
1453.5678555983554	1253.51113310463
1454.5686778747852	1260.833457523909
1455.569500151215	1275.790439381778
1456.5703224276444	1291.1409698457255
1457.5711447040742	1295.0201854390384
1458.571966980504	1287.511391871357
1459.5727892569337	1278.937449720121
1460.5736115333632	1270.106608853957
1461.574433809793	1271.5636696420227
1462.5752560862227	1273.3175057574504
1463.5760783626524	1281.2724332037437
1464.576900639082	1286.77598937857
1465.5777229155117	1293.0323155596068
1466.5785451919414	1288.6550701114002
1467.5793674683712	1289.0757266478315
1468.5801897448007	1286.0084405213113
1469.5810120212304	1272.2362335886671
1470.5818342976602	1266.3453745265917
1471.58265657409	1261.7215103515664
1472.5834788505194	1251.8694476088297
1473.5843011269492	1247.565154029915
1474.585123403379	1249.143766838438
1475.5859456798087	1254.8524983074099
1476.5867679562382	1250.7395524123845
1477.587590232668	1232.4909061574929
1478.5884125090977	1223.62809299087
1479.5892347855274	1225.0710530353945
1480.590057061957	1224.8169533683676
1481.5908793383867	1227.444382533915
1482.5917016148164	1236.1602182277118
1483.5925238912462	1237.8674745858614
1484.5933461676757	1236.1818099779034
1485.5941684441054	1243.1681568431125
1486.5949907205352	1257.996520883019
1487.595812996965	1273.6854701797624
1488.5966352733944	1273.8341537627591
1489.5974575498242	1265.1142112172515
1490.598279826254	1253.9485017031616
1491.5991021026834	1249.7804870116638
1492.5999243791132	1248.6890084431977
1493.600746655543	1238.288139715327
1494.6015689319727	1233.0846780832944
1495.6023912084022	1230.4805484967146
1496.603213484832	1231.172086012483
1497.6040357612617	1227.9687425889126
1498.6048580376914	1231.9176823198331
1499.605680314121	1219.38836304934
1500.6065025905507	1212.9675234425808
1501.6073248669804	1216.445036680371
1502.6081471434102	1222.9121811593805
1503.6089694198397	1231.9789375957266
1504.6097916962694	1230.4183922352543
1505.6106139726992	1219.842969428127
1506.611436249129	1217.2324839803982
1507.6122585255584	1216.8993009247722
1508.6130808019882	1201.8256670570172
1509.613903078418	1194.2056425419748
1510.6147253548477	1192.8433616182788
1511.6155476312772	1196.2354028038637
1512.616369907707	1200.8738012721667
1513.6171921841367	1206.9978238072229
1514.6180144605664	1203.8395776562156
1515.618836736996	1195.5842739079585
1516.6196590134257	1192.3579743020446
1517.6204812898554	1208.466842784515
1518.6213035662852	1229.8113501360467
1519.6221258427147	1238.1368299570365
1520.6229481191444	1237.9569526370303
1521.6237703955742	1241.2139451170244
1522.624592672004	1251.4138444237167
1523.6254149484334	1258.9746320751456
1524.6262372248632	1261.1668031951242
1525.627059501293	1261.82341845784
1526.6278817777227	1258.8503952691576
1527.6287040541522	1263.2241245033779
1528.629526330582	1268.1910888422192
1529.6303486070117	1280.619470342629
1530.6311708834414	1277.7534621233822
1531.631993159871	1281.2086474779826
1532.6328154363007	1286.2835996469557
1533.6336377127304	1283.6866507398183
1534.6344599891602	1287.2910209360593
1535.6352822655897	1278.8542179829233
1536.6361045420194	1262.7563702228852
1537.6369268184492	1249.2346977373243
1538.637749094879	1243.393534715672
1539.6385713713084	1236.4148666217209
1540.6393936477382	1232.9888842030314
1541.640215924168	1233.22014607633
1542.6410382005977	1230.765483131996
1543.6418604770272	1221.0041080288877
1544.642682753457	1207.9347752246772
1545.6435050298867	1195.3165398902343
1546.6443273063164	1184.9346094684558
1547.645149582746	1167.853776155013
1548.6459718591757	1163.2387675622965
1549.6467941356054	1180.2236516298765
1550.6476164120352	1187.8852616687661
1551.6484386884647	1202.7746648164077
1552.6492609648944	1221.5809484362096
1553.6500832413242	1226.616058302782
1554.6509055177537	1226.8790249971166
1555.6517277941834	1235.1944453072701
1556.6525500706132	1251.069648183161
1557.653372347043	1265.9739401907143
1558.6541946234724	1279.251309148071
1559.6550168999022	1299.5482221008078
1560.655839176332	1316.8070797269768
1561.6566614527617	1317.0059539317426
1562.6574837291912	1318.2039191452845
1563.658306005621	1316.3520555018047
1564.6591282820507	1301.4037919624434
1565.6599505584804	1288.2835251643803
1566.66077283491	1275.183385380662
1567.6615951113397	1270.4513146928473
1568.6624173877694	1264.2036160373714
1569.6632396641992	1259.9475166855018
1570.6640619406287	1265.360084332654
1571.6648842170584	1269.3651314211152
1572.6657064934882	1277.2300787333195
1573.666528769918	1279.1465773044094
1574.6673510463474	1279.747943982481
1575.6681733227772	1272.5575984914492
1576.668995599207	1269.7685957611689
1577.6698178756367	1270.968365493085
1578.6706401520662	1262.0869195236899
1579.671462428496	1250.8752469662854
1580.6722847049257	1245.0363647492875
1581.6731069813554	1249.4466193637622
1582.673929257785	1265.7687133258557
1583.6747515342147	1280.665563959531
1584.6755738106444	1287.4740735506496
1585.6763960870742	1289.3282006203326
1586.6772183635037	1297.608133731372
1587.6780406399334	1310.6418288855975
1588.6788629163632	1324.4316626311854
1589.679685192793	1334.950683346274
1590.6805074692224	1351.1403535698576
1591.6813297456522	1356.5415559904222
1592.682152022082	1344.2252304838328
1593.6829742985117	1331.2127559034896
1594.6837965749412	1322.8479268001583
1595.684618851371	1308.4701306289467
1596.6854411278007	1300.5368665739952
1597.6862634042304	1289.6300727731616
1598.68708568066	1287.8407539370692
1599.6879079570897	1286.58870795886
1600.6887302335194	1278.6504181912117
1601.6895525099492	1276.7075910897643
1602.6903747863787	1271.9212040824489
1603.6911970628084	1272.1752142118655
1604.6920193392382	1270.3948377415727
1605.692841615668	1270.8198154742997
1606.6936638920974	1262.237529665441
1607.6944861685272	1262.8890854089452
1608.695308444957	1267.3398294673796
1609.6961307213867	1260.430917907799
1610.6969529978162	1256.4914079104524
1611.697775274246	1246.749567524472
1612.6985975506757	1244.5743085092893
1613.6994198271054	1249.5815764355357
1614.700242103535	1246.5313640681288
1615.7010643799647	1251.6917899362013
1616.7018866563944	1252.6053717628151
1617.702708932824	1251.6486450306659
1618.7035312092537	1255.0289030819972
1619.7043534856834	1260.0092546468918
1620.7051757621132	1256.1524367855602
1621.7059980385427	1268.471964045515
1622.7068203149724	1272.3994713379454
1623.7076425914022	1262.7018959846084
1624.708464867832	1258.646207061474
1625.7092871442615	1265.413656700974
1626.7101094206912	1264.981691434756
1627.710931697121	1254.3665976001123
1628.7117539735507	1243.5172075847627
1629.7125762499802	1247.702042004065
1630.71339852641	1255.4669421240822
1631.7142208028397	1253.5200306402153
1632.7150430792694	1252.3655736096061
1633.715865355699	1236.7407427308535
1634.7166876321287	1226.8141705243884
1635.7175099085584	1231.865051003801
1636.7183321849882	1235.2306646432996
1637.7191544614177	1233.491196374135
1638.7199767378474	1237.2508590003
1639.7207990142772	1232.0536880173868
1640.721621290707	1228.5318732923538
1641.7224435671365	1234.041004354364
1642.7232658435662	1229.5331604343617
1643.724088119996	1222.3184364036538
1644.7249103964257	1223.4943451278116
1645.7257326728552	1226.5948997452776
1646.726554949285	1230.221936362386
1647.7273772257147	1235.8836128747469
1648.7281995021444	1239.5402850250834
1649.729021778574	1227.6173527101867
1650.7298440550037	1216.7427976928195
1651.7306663314334	1205.1942695036287
1652.7314886078632	1211.0821318829146
1653.7323108842927	1217.493813260126
1654.7331331607224	1222.124237696876
1655.7339554371522	1241.214773871323
1656.734777713582	1260.467464437579
1657.7355999900115	1266.0131417869493
1658.7364222664412	1260.3459991402071
1659.737244542871	1248.8904546820122
1660.7380668193007	1253.265201803612
1661.7388890957302	1259.844587302882
1662.73971137216	1264.4968587120409
1663.7405336485897	1273.7554592961496
1664.7413559250194	1270.2063846087628
1665.742178201449	1262.0666575419282
1666.7430004778787	1263.927472008085
1667.7438227543084	1273.1684679642742
1668.7446450307382	1277.0197848537173
1669.7454673071677	1281.948107035228
1670.7462895835974	1272.3263507113338
1671.7471118600272	1275.9939038698017
1672.747934136457	1275.6814496542147
1673.7487564128865	1268.128932532677
1674.7495786893162	1255.899229202304
1675.750400965746	1248.8712278457403
1676.7512232421757	1256.0490576146408
1677.7520455186052	1262.9823755733828
1678.752867795035	1263.6188859320532
1679.7536900714647	1268.672596290311
1680.7545123478944	1263.8294862219682
1681.755334624324	1247.798749692339
1682.7561569007537	1232.4563796007837
1683.7569791771834	1216.9867644883464
1684.757801453613	1204.878117584527
1685.7586237300427	1216.7972633240397
1686.7594460064724	1236.5693698154028
1687.7602682829022	1244.765936576854
1688.7610905593317	1243.661133466142
1689.7619128357614	1245.733440376126
1690.7627351121912	1233.4339910613612
1691.763557388621	1233.2978118177637
1692.7643796650505	1233.2627709777682
1693.7652019414802	1236.769255632761
1694.76602421791	1251.1173494085851
1695.7668464943397	1260.4602341973405
1696.7676687707692	1257.2521037535678
1697.768491047199	1254.6734759017731
1698.7693133236287	1254.5580489968431
1699.7701356000584	1250.5603777552578
1700.770957876488	1253.4329382002518
1701.7717801529177	1242.2032434034356
1702.7726024293474	1235.865527806663
1703.7734247057772	1237.8041697409744
1704.7742469822067	1238.5059381240542
1705.7750692586364	1234.748496521455
1706.7758915350662	1234.7817613809352
1707.776713811496	1244.4994887830824
1708.7775360879255	1252.8764296135653
1709.7783583643552	1251.0438121620857
1710.779180640785	1249.354258892175
1711.7800029172147	1250.0736439590992
1712.7808251936442	1242.1156878487134
1713.781647470074	1237.0456888916358
1714.7824697465037	1230.2769779408436
1715.7832920229334	1226.0176210114762
1716.784114299363	1250.218084546562
1717.7849365757927	1271.4210689552435
1718.7857588522224	1270.2793593786032
1719.7865811286522	1275.1039021605498
1720.7874034050817	1287.6870321622287
1721.7882256815114	1279.2995189239496
1722.7890479579412	1285.9181043786073
1723.789870234371	1286.511613536718
1724.7906925108005	1295.0772058968996
1725.7915147872302	1300.7031673147503
1726.79233706366	1307.9572056819363
1727.7931593400897	1298.7042149049641
1728.7939816165192	1293.6137274585467
1729.794803892949	1288.5106620284105
1730.7956261693787	1281.829519635128
1731.7964484458084	1289.8834809443433
1732.797270722238	1272.080571109204
1733.7980929986677	1247.0314110505826
1734.7989152750974	1260.2630577578755
1735.7997375515272	1264.369697895651
1736.8005598279567	1260.0053347306557
1737.8013821043864	1262.0389919199815
1738.8022043808162	1264.3986840957637
1739.803026657246	1253.2320040976972
1740.8038489336755	1247.5452630271986
1741.8046712101052	1244.6973948504235
1742.805493486535	1236.1967109138625
1743.8063157629647	1228.902196675501
1744.8071380393942	1237.0103636851816
1745.807960315824	1240.531019773543
1746.8087825922537	1248.1635764965179
1747.8096048686832	1257.9326334155373
1748.810427145113	1259.1702143346665
1749.8112494215427	1257.6195132369369
1750.8120716979724	1260.2435676578712
1751.812893974402	1271.6191767766288
1752.8137162508317	1268.2842259140423
1753.8145385272614	1282.0660651906023
1754.8153608036912	1295.3423478337684
1755.8161830801207	1309.7556440713563
1756.8170053565505	1308.0774061055804
1757.8178276329802	1307.9431795131875
1758.81864990941	1302.100124223546
1759.8194721858395	1296.726446370862
1760.8202944622692	1292.2234164304668
1761.821116738699	1290.9341152742454
1762.8219390151287	1306.7688770203708
1763.8227612915582	1293.3761760954499
1764.823583567988	1278.0516277272163
1765.8244058444177	1289.2688541152909
1766.8252281208474	1285.9091745703292
1767.826050397277	1272.5225287987116
1768.8268726737067	1270.0083236693167
1769.8276949501364	1276.44163504169
1770.8285172265662	1269.2341757749587
1771.8293395029957	1284.267908891801
1772.8301617794255	1287.8332590937966
1773.8309840558552	1279.5816778032247
1774.831806332285	1273.7811131292765
1775.8326286087145	1282.0128651978282
1776.8334508851442	1287.7229303794966
1777.834273161574	1294.5163888496431
1778.8350954380037	1301.2635968753486
1779.8359177144332	1295.9633850616478
1780.836739990863	1297.8632675212004
1781.8375622672927	1297.15487354413
1782.8383845437224	1294.222702347516
1783.839206820152	1292.074513587464
1784.8400290965817	1300.3093827135854
1785.8408513730114	1306.2474352438917
1786.8416736494412	1318.8873627082637
1787.8424959258707	1328.855409956144
1788.8433182023005	1323.0268937452108
1789.8441404787302	1312.2364979523834
1790.84496275516	1321.6417044052957
1791.8457850315895	1321.8805432088675
1792.8466073080192	1316.977451370174
1793.847429584449	1327.510158030304
1794.8482518608787	1321.2573164209318
1795.8490741373082	1314.9819964639535
1796.849896413738	1312.785513489897
1797.8507186901677	1293.4541355671054
1798.8515409665974	1276.5039778000626
1799.852363243027	1271.5400682627865
1800.8531855194567	1273.155732268668
1801.8540077958864	1274.4872513616901
1802.8548300723162	1296.5980813812027
1803.8556523487457	1306.6185188235465
1804.8564746251755	1305.3444905665328
1805.8572969016052	1299.0851989561397
1806.858119178035	1310.5369867675324
1807.8589414544645	1320.223795398565
1808.8597637308942	1329.128384080454
1809.860586007324	1340.617937771401
1810.8614082837535	1341.300840538112
1811.8622305601832	1349.7839135493077
1812.863052836613	1349.4111826026249
1813.8638751130427	1343.3032396435317
1814.8646973894722	1345.0571077474176
1815.865519665902	1343.6456728079152
1816.8663419423317	1331.2555086255659
1817.8671642187614	1330.7573877853818
1818.867986495191	1349.4534208986147
1819.8688087716207	1344.919299124194
1820.8696310480505	1325.5354681389265
1821.8704533244802	1331.6518832950487
1822.8712756009097	1330.116263306672
1823.8720978773395	1326.583036358459
1824.8729201537692	1325.1606864741675
1825.873742430199	1320.2726382392316
1826.8745647066285	1329.981408675037
1827.8753869830582	1334.63908510592
1828.876209259488	1319.2142357067075
1829.8770315359177	1315.9647404817442
1830.8778538123472	1319.236030916683
1831.878676088777	1310.5777722993512
1832.8794983652067	1301.566919811081
1833.8803206416364	1298.7769376349602
1834.881142918066	1312.9467041301232
1835.8819651944957	1317.1378612342012
1836.8827874709255	1312.609672212362
1837.8836097473552	1310.2231146221477
1838.8844320237847	1309.2215433012575
1839.8852543002145	1301.5317133331082
1840.8860765766442	1305.5768145847146
1841.886898853074	1308.7121790962442
1842.8877211295035	1304.1849156608694
1843.8885434059332	1294.2134330471101
1844.889365682363	1277.6987037104122
1845.8901879587927	1278.546240056857
1846.8910102352222	1280.4120892030232
1847.891832511652	1274.2977189565108
1848.8926547880817	1273.7435992498924
1849.8934770645114	1284.5889317818232
1850.894299340941	1284.1885261752948
1851.8951216173707	1275.0079501286064
1852.8959438938004	1283.3435324374823
1853.8967661702302	1283.5097787853126
1854.8975884466597	1288.8079027062845
1855.8984107230895	1292.228592279046
1856.8992329995192	1288.1484432384343
1857.900055275949	1306.7388475864127
1858.9008775523785	1317.2085867390294
1859.9016998288082	1320.026387298833
1860.902522105238	1321.3563559372801
1861.9033443816677	1340.576352038135
1862.9041666580972	1345.0928534024767
1863.904988934527	1358.601639226398
1864.9058112109567	1367.25499326357
1865.9066334873864	1375.6979270666866
1866.907455763816	1375.066250620711
1867.9082780402457	1368.226686812754
1868.9091003166754	1358.4121620895157
1869.9099225931052	1346.9276478030827
1870.9107448695347	1330.8281487743125
1871.9115671459645	1344.1260937821603
1872.9123894223942	1348.7112157772324
1873.9132116988237	1341.416424667613
1874.9140339752535	1337.8730434724318
1875.9148562516832	1329.4225087974644
1876.915678528113	1322.0999809461566
1877.9165008045425	1316.5610257011833
1878.9173230809722	1308.5557365707423
1879.918145357402	1298.990530102666
1880.9189676338317	1300.6391821495483
1881.9197899102612	1301.3477690974319
1882.920612186691	1304.7535563668844
1883.9214344631207	1322.2994151101693
1884.9222567395504	1320.104176043423
1885.92307901598	1330.9876726896161
1886.9239012924097	1337.2154269740336
1887.9247235688395	1353.8736402027644
1888.9255458452692	1360.3409747087094
1889.9263681216987	1366.180460428895
1890.9271903981285	1371.7404556602607
1891.9280126745582	1364.6808365608179
1892.928834950988	1375.3417189974186
1893.9296572274175	1388.629890396718
1894.9304795038472	1410.6219102004216
1895.931301780277	1431.347909842487
1896.9321240567067	1424.8004873910072
1897.9329463331362	1417.8554847555135
1898.933768609566	1409.9039381941923
1899.9345908859957	1400.3276753059504
1900.9354131624254	1382.5278888605662
1901.936235438855	1362.6685727943566
1902.9370577152847	1354.3873380854366
1903.9378799917145	1341.4420081453063
1904.9387022681442	1344.5886963668838
1905.9395245445737	1351.508979481468
1906.9403468210035	1351.7759329483047
1907.9411690974332	1351.4282900549986
1908.941991373863	1337.6607209499655
1909.9428136502925	1331.396569519272
1910.9436359267222	1314.0151509644109
1911.944458203152	1310.722887077846
1912.9452804795817	1310.6981484380226
1913.9461027560112	1319.4541560333666
1914.946925032441	1345.5442243486398
1915.9477473088707	1344.3354400018707
1916.9485695853004	1352.6187917236186
1917.94939186173	1350.0845772095943
1918.9502141381597	1362.5596847358538
1919.9510364145895	1367.7627303599158
1920.9518586910192	1368.9648237799165
1921.9526809674487	1373.4790490325172
1922.9535032438785	1363.3264966463605
1923.9543255203082	1363.1677154826248
1924.955147796738	1378.1095611337341
1925.9559700731675	1384.2977732635832
1926.9567923495972	1389.9062808703027
1927.957614626027	1389.4887828822862
1928.9584369024567	1402.6582977112619
1929.9592591788862	1411.8238493758822
1930.960081455316	1412.9865189783998
1931.9609037317457	1398.224339351214
1932.9617260081754	1380.9395510327274
1933.962548284605	1360.844094185822
1934.9633705610347	1357.7598813678394
1935.9641928374645	1346.9257014904867
1936.965015113894	1350.9766849391901
1937.9658373903237	1332.0893243021749
1938.9666596667535	1330.3812213108804
1939.9674819431832	1319.1511119397355
1940.9683042196127	1323.1954591408341
1941.9691264960425	1321.6664510489118
1942.9699487724722	1322.7365304735692
1943.970771048902	1332.0178235719359
1944.9715933253315	1345.0803296770127
1945.9724156017612	1369.1147219752406
1946.973237878191	1380.6598381978695
1947.9740601546207	1395.2861092223457
1948.9748824310502	1398.9427001874824
1949.97570470748	1400.9496992695576
1950.9765269839097	1407.8063373193347
1951.9773492603395	1403.6494752864137
1952.978171536769	1402.1682359608155
1953.9789938131987	1403.269851221528
1954.9798160896285	1396.3180018988733
1955.9806383660582	1399.4834509179648
1956.9814606424877	1399.253793819275
1957.9822829189175	1388.1246459632646
1958.9831051953472	1382.826311600562
1959.983927471777	1397.7792559506336
1960.9847497482065	1406.7654837670116
1961.9855720246362	1401.8520767155348
1962.986394301066	1383.4917354896297
1963.9872165774957	1361.8945261536257
1964.9880388539252	1363.2927940388963
1965.988861130355	1371.9191866337135
1966.9896834067847	1352.1276097133484
1967.9905056832145	1345.7778422287395
1968.991327959644	1324.2584746018233
1969.9921502360737	1312.4743984594525
1970.9929725125035	1302.3170972170883
1971.9937947889332	1290.3274840557872
1972.9946170653627	1294.3305299322697
1973.9954393417925	1288.5137739894908
1974.9962616182222	1305.5434784526017
1975.997083894652	1323.0237262261032
1976.9979061710815	1317.294249563929
1977.9987284475112	1314.5540711908584
1978.999550723941	1329.1013542832548
1980.0003730003707	1336.045178100368
1981.0011952768002	1353.6166162682455
1982.00201755323	1353.4137207802949
1983.0028398296597	1352.2611228060305
1984.0036621060895	1343.3634485253365
