mean fit params E0, Eb, d0	7.964936346352578e-06	1.5383106159812125e-06	241.07207664190693
mean fit std dev E0, Eb, d0	1.0331593927116627e-07	7.134568637292111e-09	3.373799186464702
Ex	Ey
15.159230470421825	5671.429888907812
16.16016885744139	6237.607052998425
17.161107244460958	6275.5451212077305
18.162045631480524	6262.7809062312635
19.16298401850009	6160.487254306335
20.163922405519656	6152.8590049269405
21.164860792539226	6202.446534337871
22.165799179558793	6212.967970203621
23.16673756657836	6110.369096804257
24.167675953597925	6003.07204922596
25.16861434061749	5872.570520697064
26.16955272763706	5751.855364346939
27.170491114656627	5636.138027747458
28.171429501676194	5474.546266223378
29.17236788869576	5371.293468954137
30.173306275715326	5224.584453044399
31.174244662734893	5080.181313503284
32.17518304975446	4952.711708239412
33.176121436774025	4781.785167804627
34.17705982379359	4620.495881257492
35.17799821081316	4475.610153981352
36.17893659783273	4397.321018965204
37.17987498485229	4361.8676919907675
38.180813371871864	4315.875471206481
39.18175175889142	4262.264945207576
40.182690145910996	4209.97839702002
41.183628532930555	4214.148492824438
42.18456691995013	4226.412353224551
43.185505306969695	4198.0057392938115
44.18644369398926	4193.566359537483
45.18738208100883	4162.928188952216
46.188320468028394	4182.81227453601
47.18925885504796	4178.118581421304
48.190197242067526	4150.8539780605715
49.19113562908709	4085.954537942553
50.19207401610666	4015.186428782094
51.193012403126225	3938.254495680368
52.19395079014579	3874.179018121173
53.19488917716536	3887.2645957195373
54.195827564184924	3814.6576822631073
55.19676595120449	3779.936598759917
56.197704338224064	3672.8083097292683
57.19864272524363	3580.9142088916924
58.199581112263196	3535.1668197601525
59.20051949928276	3493.0876681145655
60.20145788630233	3501.6913869425607
61.202396273321895	3406.456527470576
62.20333466034146	3330.318284028463
63.20427304736103	3246.8108502868927
64.2052114343806	3130.6505654928505
65.20614982140016	3115.627371530399
66.20708820841972	3059.7444058885626
67.20802659543929	3022.5893475177004
68.20896498245887	3015.0720402000675
69.20990336947843	3040.356016163384
70.21084175649798	3046.7784348421233
71.21178014351756	3143.4705982605283
72.21271853053713	3229.450398689048
73.2136569175567	3304.807294059462
74.21459530457626	3328.2136256781773
75.21553369159582	3331.9157811630157
76.2164720786154	3327.8146760014192
77.21741046563497	3319.2394550801855
78.21834885265453	3319.1530319241715
79.21928723967409	3343.839191814992
80.22022562669366	3329.1653204256286
81.22116401371323	3311.265911305381
82.22210240073281	3284.3429368646966
83.22304078775235	3233.6969428449033
84.22397917477193	3223.6101255754347
85.2249175617915	3171.482265827872
86.22585594881107	3195.7600020083614
87.22679433583062	3175.7549417327905
88.22773272285019	3173.030972450329
89.22867110986977	3150.4662419893157
90.22960949688934	3141.768033254328
91.23054788390888	3102.2984739316416
92.23148627092846	2986.146017001768
93.23242465794803	2901.3366998606602
94.2333630449676	2842.544572413317
95.23430143198715	2787.8196474299434
96.23523981900672	2759.194864933704
97.2361782060263	2719.409771303115
98.23711659304587	2670.132044547221
99.23805498006544	2590.2495242967752
100.23899336708499	2531.342204953375
101.23993175410456	2457.7137922886363
102.24087014112413	2421.921420899522
103.24180852814371	2386.9116179123534
104.24274691516325	2373.0017470704743
105.24368530218283	2365.8707947548223
106.2446236892024	2331.0247629352507
107.24556207622197	2328.5464609974415
108.24650046324152	2288.3385806820806
109.24743885026109	2242.79472536994
110.24837723728066	2258.0697975076987
111.24931562430024	2269.16529016586
112.25025401131981	2237.593622815277
113.25119239833936	2292.5736651698076
114.25213078535893	2354.029234133701
115.2530691723785	2341.006061771364
116.25400755939808	2342.4153441915405
117.25494594641762	2396.2789355417976
118.2558843334372	2424.5712879524604
119.25682272045677	2449.7272925737716
120.25776110747634	2436.976239951914
121.25869949449589	2448.1403856665047
122.25963788151546	2457.773556092918
123.26057626853503	2469.883151140863
124.2615146555546	2464.3809111860605
125.26245304257415	2505.2245906851463
126.26339142959372	2575.2936693389033
127.2643298166133	2579.021753070986
128.26526820363287	2577.07187464725
129.26620659065244	2625.283901987905
130.267144977672	2645.1413789505564
131.26808336469156	2679.17176886727
132.26902175171114	2687.010433096274
133.2699601387307	2703.705451149542
134.27089852575025	2716.6192595649068
135.27183691276983	2720.156917083948
136.2727752997894	2747.938112276961
137.27371368680897	2721.8955178766178
138.27465207382852	2691.2491167688395
139.2755904608481	2696.2373548569612
140.27652884786767	2719.4430087581923
141.27746723488724	2705.4385302195296
142.27840562190678	2743.817356002703
143.27934400892636	2713.4532668900415
144.28028239594593	2739.635812591059
145.2812207829655	2771.203982795489
146.28215916998505	2726.5129495452243
147.28309755700462	2691.0239097775134
148.2840359440242	2673.589761796759
149.28497433104377	2650.6957148379884
150.28591271806332	2654.3679625478144
151.2868511050829	2647.6908964062814
152.28778949210246	2683.6985436664186
153.28872787912204	2654.7992129763566
154.28966626614158	2646.7842177374478
155.29060465316115	2652.0391021404166
156.29154304018073	2632.7749615312573
157.2924814272003	2600.7421757927223
158.29341981421985	2576.987914700668
159.29435820123942	2527.0651740944068
160.295296588259	2530.457569455418
161.29623497527857	2524.61933133522
162.29717336229814	2517.468864138558
163.29811174931768	2509.3738588431047
164.29905013633726	2512.2535825547407
165.29998852335683	2489.459394780242
166.3009269103764	2448.9080529161893
167.30186529739595	2460.1818956346156
168.30280368441552	2420.416137081034
169.3037420714351	2348.6086297896295
170.30468045845467	2343.845663056864
171.3056188454742	2371.190213919414
172.3065572324938	2324.113248499292
173.30749561951336	2313.8121634582612
174.30843400653293	2337.046951494512
175.30937239355248	2352.895095628479
176.31031078057205	2369.2349184438467
177.31124916759163	2383.074098911336
178.3121875546112	2388.7396642698905
179.31312594163077	2411.624087083125
180.31406432865032	2459.071173292342
181.3150027156699	2502.1766736136606
182.31594110268946	2534.086518884782
183.31687948970904	2627.190014538116
184.31781787672858	2645.8988268779726
185.31875626374816	2676.918778769694
186.31969465076773	2785.293717582258
187.3206330377873	2784.5366992859954
188.32157142480685	2745.090422357547
189.32250981182642	2760.988637681517
190.323448198846	2763.945321646589
191.32438658586557	2739.891461749749
192.32532497288514	2747.7091261228184
193.3262633599047	2723.0860816776303
194.32720174692426	2711.6888179174066
195.32814013394383	2725.015942193755
196.3290785209634	2681.3101318857293
197.33001690798295	2650.150484720327
198.33095529500252	2655.391124646349
199.3318936820221	2677.337988611334
200.33283206904167	2667.462501145444
201.33377045606122	2681.5153642401583
202.3347088430808	2716.588271824454
203.33564723010036	2736.3906178077777
204.33658561711994	2753.889869588633
205.33752400413948	2828.4720056080896
206.33846239115906	2841.4940463656094
207.33940077817863	2833.9816111157597
208.3403391651982	2837.674040091252
209.34127755221778	2825.7354784310587
210.34221593923732	2820.054218566293
211.3431543262569	2839.0694046017265
212.34409271327647	2820.793320497161
213.34503110029604	2741.27540521645
214.34596948731559	2721.5291179555097
215.34690787433516	2701.225033696933
216.34784626135473	2693.9329158560363
217.3487846483743	2771.993805384785
218.34972303539385	2738.325037208059
219.35066142241342	2692.5316587638645
220.351599809433	2657.977557807387
221.35253819645257	2612.823796058613
222.35347658347212	2549.777459829008
223.3544149704917	2533.7267748374525
224.35535335751126	2521.094690482047
225.35629174453084	2496.803001848908
226.3572301315504	2494.9717576792464
227.35816851856995	2470.7900736098886
228.35910690558953	2444.807805099525
229.3600452926091	2452.0496502124774
230.36098367962867	2496.4147163280054
231.36192206664822	2510.0846913520927
232.3628604536678	2530.9921420830715
233.36379884068737	2561.036264105481
234.36473722770694	2616.5422094032283
235.36567561472648	2693.787243631235
236.36661400174606	2768.403280607999
237.36755238876563	2782.0686634487333
238.3684907757852	2778.568291890195
239.36942916280478	2764.097468677071
240.37036754982432	2750.2526323801926
241.3713059368439	2703.287032438936
242.37224432386347	2702.1232340804204
243.37318271088304	2676.638177958748
244.3741210979026	2612.7523245364855
245.37505948492216	2595.710027874686
246.37599787194173	2551.3292996669834
247.3769362589613	2501.9222492673725
248.37787464598085	2538.522156668735
249.37881303300043	2491.5711311147584
250.37975142002	2460.022126860141
251.38068980703957	2459.7363802930577
252.38162819405912	2433.940954896453
253.3825665810787	2389.3984567477837
254.38350496809826	2384.298864687195
255.38444335511784	2399.218714081752
256.38538174213744	2399.9070186233926
257.38632012915696	2373.100167964059
258.38725851617653	2380.6580294059722
259.3881969031961	2359.2708253357514
260.3891352902157	2369.8413152402723
261.39007367723525	2388.4916035780166
262.3910120642548	2392.6305988999384
263.3919504512744	2407.7024180779194
264.39288883829397	2417.84686087009
265.3938272253135	2437.8912918442857
266.39476561233306	2486.2788003962287
267.39570399935263	2522.863889168834
268.3966423863722	2522.298500735746
269.3975807733918	2534.6340769524063
270.39851916041135	2512.1047347992608
271.3994575474309	2479.3473861767834
272.4003959344505	2441.379729388986
273.4013343214701	2471.90619426481
274.40227270848965	2464.398944431436
275.4032110955092	2467.445824417676
276.40414948252874	2500.4805251864414
277.4050878695483	2455.567065924458
278.4060262565679	2418.39185324775
279.40696464358746	2439.643668563845
280.40790303060703	2392.289918115767
281.4088414176266	2385.936033060658
282.4097798046462	2433.47385506341
283.41071819166575	2405.117318046499
284.41165657868527	2384.2699033679273
285.41259496570484	2372.8256556727492
286.4135333527244	2372.39766102505
287.414471739744	2369.653485590608
288.41541012676356	2357.7500696061707
289.41634851378313	2351.45770369155
290.4172869008027	2363.5446114239153
291.4182252878223	2352.295812807401
292.41916367484185	2366.4322755290063
293.42010206186137	2364.029304992215
294.42104044888094	2362.059455451376
295.4219788359005	2393.1275605382316
296.4229172229201	2383.5661451312685
297.42385560993966	2380.410903128152
298.42479399695924	2365.832795678247
299.4257323839788	2322.570755568935
300.4266707709984	2303.8757359681126
301.4276091580179	2287.1187539915545
302.4285475450375	2235.481767968145
303.42948593205705	2221.7296315945523
304.4304243190766	2225.128178771431
305.4313627060962	2192.956695464264
306.43230109311577	2190.9242425131283
307.43323948013534	2160.72036674698
308.4341778671549	2102.6438320531033
309.4351162541745	2074.9936529983615
310.436054641194	2048.34205584725
311.4369930282136	2016.3499952977518
312.43793141523315	2020.0151813852983
313.4388698022527	2041.7991475055287
314.4398081892723	2010.4763195413573
315.4407465762919	2006.261879843375
316.44168496331145	1985.4938479406378
317.442623350331	1994.9374858275496
318.44356173735054	2001.6539601259328
319.4445001243701	2027.2368609534217
320.4454385113897	2046.3523170067044
321.44637689840926	2108.6229342862775
322.44731528542883	2137.146383863673
323.4482536724484	2194.9788529219495
324.449192059468	2233.0384668780302
325.45013044648755	2275.223851773355
326.4510688335071	2319.2286560597922
327.45200722052664	2358.358360074337
328.4529456075462	2383.90042502944
329.4538839945658	2382.4205853828744
330.45482238158536	2374.115795820408
331.45576076860493	2380.9646404767705
332.4566991556245	2385.743452242952
333.4576375426441	2380.772047580373
334.45857592966365	2374.5441837620992
335.45951431668317	2356.289621418599
336.46045270370274	2365.365436381306
337.4613910907223	2381.462887258038
338.4623294777419	2349.141791123707
339.46326786476146	2342.1506019836206
340.46420625178104	2329.2706559669077
341.4651446388006	2302.309492236861
342.4660830258202	2304.594441883073
343.46702141283976	2316.06984740768
344.4679597998593	2309.463114203675
345.46889818687885	2303.444921430911
346.4698365738984	2278.365207176745
347.470774960918	2261.8671661243657
348.47171334793757	2283.0349644573707
349.47265173495714	2292.690912986375
350.4735901219767	2281.885989973568
351.4745285089963	2272.58665477597
352.47546689601586	2260.979275123529
353.4764052830354	2282.216359044243
354.47734367005495	2271.0150800807287
355.4782820570745	2278.1685044522956
356.4792204440941	2308.733114996794
357.48015883111367	2309.368422791407
358.48109721813324	2331.1681590227304
359.4820356051528	2328.736145566328
360.4829739921724	2334.0993002871082
361.4839123791919	2354.312891888224
362.4848507662115	2364.293503519885
363.48578915323105	2330.512357346133
364.4867275402506	2309.8621954102045
365.4876659272702	2267.0458547842427
366.4886043142898	2234.0047284942916
367.48954270130935	2237.736385406249
368.4904810883289	2230.4126015803986
369.4914194753485	2211.853772652896
370.492357862368	2229.4565379134183
371.4932962493876	2229.2335602478406
372.49423463640716	2221.9807599716128
373.49517302342673	2231.1301225827738
374.4961114104463	2213.107154454319
375.4970497974659	2187.5977699551686
376.49798818448545	2191.187322907688
377.498926571505	2182.96262699936
378.49986495852454	2199.66443952803
379.5008033455441	2224.6386682800176
380.5017417325637	2234.383894921629
381.50268011958326	2213.5466243677392
382.50361850660283	2207.083712995637
383.5045568936224	2161.9233473286704
384.505495280642	2146.6798515766473
385.50643366766155	2117.7247298732013
386.5073720546811	2099.4203852917844
387.50831044170064	2101.8836490476892
388.5092488287202	2109.807549971238
389.5101872157398	2118.739178704406
390.51112560275936	2121.905820549916
391.51206398977894	2116.8057267981476
392.5130023767985	2115.2564420333792
393.5139407638181	2096.737062594392
394.51487915083766	2086.3874409925415
395.5158175378572	2077.8525684135843
396.51675592487675	2037.1584779093228
397.5176943118963	2049.1425305760526
398.5186326989159	2035.4399269412932
399.51957108593547	2036.762481583297
400.52050947295504	2042.0611516668505
401.5214478599746	2043.5963794896807
402.5223862469942	2050.8390640074426
403.52332463401376	2026.848232598548
404.5242630210333	2008.2556176262717
405.52520140805285	1972.551335757606
406.5261397950724	1939.985751978554
407.527078182092	1909.7938503456032
408.52801656911157	1899.5534705929206
409.52895495613114	1912.7714627557361
410.5298933431507	1889.9600644154284
411.5308317301703	1863.0506233472274
412.5317701171898	1853.3458719705015
413.5327085042094	1867.4220358040466
414.53364689122895	1840.6919480675556
415.5345852782485	1831.8316475939196
416.5355236652681	1814.6578234789786
417.5364620522877	1811.3546352240958
418.53740043930725	1792.3709663892316
419.5383388263268	1788.2784811406937
420.5392772133464	1786.6688808992974
421.5402156003659	1803.4682754629084
422.5411539873855	1789.2285813619467
423.54209237440506	1775.134483154878
424.54303076142463	1793.496324672469
425.5439691484442	1814.2524847247719
426.5449075354638	1840.6961534856778
427.54584592248335	1853.7987927268346
428.5467843095029	1888.9146847633249
429.54772269652244	1921.9204075848247
430.548661083542	1974.1023587837071
431.5495994705616	2042.6352755936716
432.55053785758116	2088.6918503891793
433.55147624460074	2137.970767938421
434.5524146316203	2123.428904452263
435.5533530186399	2146.6559168346025
436.55429140565946	2131.865304224493
437.55522979267903	2128.713926660837
438.55616817969855	2120.0323058969934
439.5571065667181	2101.6302087229806
440.5580449537377	2119.776740744687
441.55898334075727	2072.9602067705023
442.55992172777684	2046.5161811424293
443.5608601147964	2065.0698033950866
444.561798501816	2062.8559654839264
445.56273688883556	2063.4090752045836
446.5636752758551	2082.380791992254
447.56461366287465	2059.525977152636
448.5655520498942	2078.8066593900085
449.5664904369138	2066.058875856081
450.56742882393337	2065.1832936366313
451.56836721095294	2073.3726714108775
452.5693055979725	2072.6473002448593
453.5702439849921	2065.3869337026067
454.57118237201166	2048.3923313298947
455.5721207590312	2052.0803758613024
456.57305914605075	2009.0751267118344
457.5739975330703	1994.3080981979322
458.5749359200899	2023.1316563556436
459.5758743071095	2014.522328030487
460.57681269412905	2021.90305238887
461.5777510811486	2041.2245415845769
462.5786894681682	2060.839706553701
463.57962785518777	2065.5325895735164
464.5805662422073	2093.233845229848
465.58150462922686	2089.237747526773
466.58244301624643	2118.258987670391
467.583381403266	2114.584537995955
468.5843197902856	2089.4273802776047
469.58525817730515	2072.0794705816134
470.5861965643247	2037.5192204574082
471.5871349513443	2039.5528170532375
472.5880733383638	2006.4211271292409
473.5890117253834	1996.9789032763258
474.58995011240296	2023.3377666195827
475.59088849942253	2030.592408006186
476.5918268864421	2061.5527986149386
477.5927652734617	2079.111287299518
478.59370366048125	2049.219165681456
479.5946420475008	2040.404161632864
480.5955804345204	2029.398366231956
481.5965188215399	2038.7435218253775
482.5974572085595	2035.557119694183
483.59839559557906	2049.7531242934856
484.59933398259864	2056.2304191462185
485.6002723696182	2047.5829151548974
486.6012107566378	2018.936181958503
487.60214914365736	1978.0083456890516
488.60308753067693	1974.6360068644456
489.60402591769645	1976.998184673365
490.604964304716	1948.485086442848
491.6059026917356	1953.5393540723796
492.60684107875517	1957.9925646352012
493.60777946577474	1923.5272814942784
494.6087178527943	1903.6750541710503
495.6096562398139	1919.7112100171976
496.61059462683346	1914.578742111154
497.61153301385303	1950.0216852034139
498.61247140087255	1973.8245231106916
499.6134097878921	1985.030221486264
500.6143481749117	1998.1784056871318
501.61528656193127	2008.8627078978773
502.61622494895084	2038.1926110362274
503.6171633359704	2047.1871379917607
504.61810172299	2086.3865565777487
505.61904011000956	2140.5089590586035
506.6199784970291	2181.8668860312087
507.62091688404865	2222.739759860807
508.6218552710682	2265.1618013922243
509.6227936580878	2284.0638557361
510.6237320451074	2303.267980028458
511.62467043212695	2304.8898103872752
512.6256088191465	2316.2630609122903
513.626547206166	2296.92158184986
514.6274855931856	2293.1442701667947
515.6284239802052	2272.4681463354427
516.6293623672248	2248.807087429295
517.6303007542443	2225.599937245227
518.6312391412639	2199.302825612441
519.6321775282835	2175.424440523237
520.633115915303	2129.281430594109
521.6340543023226	2083.8864250411993
522.6349926893422	2066.7696698166037
523.6359310763617	2048.9815700987415
524.6368694633812	2004.7720822419985
525.6378078504008	1984.461316981649
526.6387462374204	1984.1399160628873
527.63968462444	1949.77946300339
528.6406230114595	1958.479409128607
529.6415613984791	1926.9862494100837
530.6424997854987	1896.0810695729606
531.6434381725182	1897.7406227000479
532.6443765595378	1899.4939595700253
533.6453149465574	1906.4992531807932
534.646253333577	1913.5575759179649
535.6471917205965	1930.067772240193
536.648130107616	1950.895529315856
537.6490684946356	1956.8137113627147
538.6500068816551	1963.6546009200201
539.6509452686747	1990.7841525129118
540.6518836556943	2018.9856857036943
541.6528220427139	2053.9197060913452
542.6537604297334	2083.624016311869
543.654698816753	2097.5095347956517
544.6556372037726	2109.5153982150546
545.6565755907922	2100.2356334143833
546.6575139778117	2070.08807506694
547.6584523648313	2092.9848207317004
548.6593907518509	2081.9741291227688
549.6603291388705	2075.2955124975974
550.66126752589	2069.316241662927
551.6622059129096	2047.57640401895
552.6631442999292	2056.6748753890324
553.6640826869486	2062.5788017725276
554.6650210739682	2066.0905611165726
555.6659594609878	2082.901471711995
556.6668978480074	2099.43039356259
557.6678362350269	2105.2520418089675
558.6687746220465	2124.8662876827734
559.6697130090661	2147.3750581676777
560.6706513960856	2137.5408330068967
561.6715897831052	2123.658415619952
562.6725281701248	2107.3592342184975
563.6734665571444	2095.2449212419942
564.6744049441639	2087.6734135731563
565.6753433311835	2083.3186289180285
566.6762817182031	2071.775074880964
567.6772201052227	2063.7535391131196
568.6781584922422	2044.3248241992094
569.6790968792618	2031.2423005852243
570.6800352662813	2017.308192223829
571.6809736533008	1993.7815063734856
572.6819120403204	1983.5271844000401
573.68285042734	1980.8435645449604
574.6837888143596	1964.8839519778596
575.6847272013791	1954.9964461899158
576.6856655883987	1933.1819098512278
577.6866039754183	1910.0756579745228
578.6875423624379	1916.9550988833737
579.6884807494574	1890.3981425456025
580.689419136477	1879.7497883805001
581.6903575234966	1893.3161126113646
582.6912959105161	1885.0786213650626
583.6922342975357	1902.2913261377173
584.6931726845553	1917.0861381095012
585.6941110715749	1912.4296940739557
586.6950494585944	1935.1996002553842
587.6959878456139	1928.5183144987334
588.6969262326335	1925.683260025543
589.697864619653	1945.6036865465608
590.6988030066726	1937.8240438839564
591.6997413936922	1936.5961839058068
592.7006797807118	1948.1848757888313
593.7016181677313	1952.3395217821164
594.7025565547509	1951.217694234131
595.7034949417705	1977.452794736281
596.7044333287901	1988.2189683228153
597.7053717158096	2014.1421499187404
598.7063101028292	2030.440990366683
599.7072484898488	2032.5441677680774
600.7081868768684	2029.9393519659059
601.7091252638879	2038.0783535228038
602.7100636509075	2035.9504077300508
603.7110020379271	2033.0444816421925
604.7119404249465	2011.5519821799555
605.7128788119661	2019.2375130022103
606.7138171989857	2013.6662495619066
607.7147555860053	2009.7006396044421
608.7156939730248	2009.416480080262
609.7166323600444	1984.6248630996586
610.717570747064	1986.0686469098357
611.7185091340835	2006.6432177558286
612.7194475211031	2036.7151019373
613.7203859081227	2030.9157724440836
614.7213242951423	2052.0081695220647
615.7222626821618	2045.0619434022972
616.7232010691814	2021.966221459221
617.724139456201	2025.1644710393118
618.7250778432206	1986.543609830091
619.7260162302401	1962.2698250926644
620.7269546172597	1950.9338986056653
621.7278930042792	1907.246261739995
622.7288313912987	1870.6020462535207
623.7297697783183	1831.854318611516
624.7307081653379	1815.8652258303875
625.7316465523575	1792.7442491252662
626.732584939377	1791.3393358617163
627.7335233263966	1772.770625568476
628.7344617134162	1776.4595803217167
629.7354001004358	1767.1016889604311
630.7363384874553	1768.4058141291362
631.7372768744749	1745.2746808391678
632.7382152614945	1736.5225728194914
633.739153648514	1725.7387045251126
634.7400920355336	1723.3231858091701
635.7410304225532	1693.4422274556246
636.7419688095728	1697.9441111308747
637.7429071965923	1718.4131523316944
638.7438455836118	1719.2913232705566
639.7447839706314	1739.690254428964
640.745722357651	1736.6850029070379
641.7466607446705	1758.1943297510377
642.7475991316901	1789.9295169469349
643.7485375187097	1810.5093181543166
644.7494759057292	1809.5660478576006
645.7504142927488	1812.0597099614345
646.7513526797684	1820.05633590682
647.752291066788	1834.4706969302897
648.7532294538075	1843.3831358877296
649.7541678408271	1846.997000538934
650.7551062278467	1835.6553013132802
651.7560446148663	1825.0688147580454
652.7569830018858	1832.1372318837152
653.7579213889054	1829.6451018962166
654.758859775925	1828.3119187439788
655.7597981629444	1844.3752457564344
656.760736549964	1855.6266447347937
657.7616749369836	1862.8057981140732
658.7626133240032	1850.7871396217208
659.7635517110227	1841.3382149707597
660.7644900980423	1841.9388999762484
661.7654284850619	1853.9272373288075
662.7663668720814	1848.523363112565
663.767305259101	1852.2846870850094
664.7682436461206	1843.6121609271445
665.7691820331402	1851.907830533275
666.7701204201597	1856.5039406461387
667.7710588071793	1861.1775947132976
668.7719971941989	1899.3032791361748
669.7729355812185	1902.3436495344945
670.773873968238	1941.6636600036693
671.7748123552576	1941.3469080911452
672.7757507422772	1946.0609773152157
673.7766891292966	1961.4767945119286
674.7776275163162	1962.329796468308
675.7785659033358	1954.204312396978
676.7795042903554	1934.1933575563542
677.7804426773749	1939.795917727134
678.7813810643945	1944.638315098233
679.7823194514141	1947.112578440246
680.7832578384337	1961.1363756974931
681.7841962254532	1976.1447037200937
682.7851346124728	1975.474609017169
683.7860729994924	1989.026035934916
684.787011386512	1994.768416425181
685.7879497735315	2012.3622776203686
686.7888881605511	2017.1268967625654
687.7898265475707	2004.5394266363928
688.7907649345902	2006.6580430340293
689.7917033216098	1988.4391811204587
690.7926417086293	1964.1938364965945
691.7935800956488	1964.9761742583776
692.7945184826684	1967.0500416566015
693.795456869688	1956.3901049713259
694.7963952567076	1951.0677496275719
695.7973336437271	1934.5745767021938
696.7982720307467	1928.7750293734402
697.7992104177663	1936.503847088404
698.8001488047859	1936.1665037392954
699.8010871918054	1945.3236819410142
700.802025578825	1951.4575208847775
701.8029639658446	1956.1538211642865
702.8039023528642	1941.0260981686667
703.8048407398837	1919.3577745296002
704.8057791269033	1906.2846259778694
705.8067175139229	1898.9204226131592
706.8076559009424	1875.8924010414091
707.8085942879619	1869.0478989504918
708.8095326749815	1872.4908312620405
709.810471062001	1854.51251520202
710.8114094490206	1854.29083582169
711.8123478360402	1847.461409719551
712.8132862230598	1879.7911740677937
713.8142246100793	1888.3240647987031
714.8151629970989	1900.151062609983
715.8161013841185	1916.6575571118344
716.8170397711381	1956.4321942565275
717.8179781581576	1959.2138744139495
718.8189165451772	1946.7187637524935
719.8198549321968	1947.564034307789
720.8207933192164	1951.2519921532084
721.8217317062359	1950.0128354877152
722.8226700932555	1965.3201987896184
723.8236084802751	1970.2983959939518
724.8245468672945	1965.2594541089954
725.8254852543141	1960.7045930004106
726.8264236413337	1933.7191731371784
727.8273620283533	1912.3561148566678
728.8283004153728	1900.7394474328098
729.8292388023924	1888.1266355484033
730.830177189412	1886.507727690084
731.8311155764316	1894.2489792616977
732.8320539634511	1897.2353894301862
733.8329923504707	1887.7024263370115
734.8339307374903	1871.9794757539871
735.8348691245099	1842.4229042010331
736.8358075115294	1819.9340742900188
737.836745898549	1789.8877394863707
738.8376842855686	1783.039863957889
739.8386226725881	1794.2479254657735
740.8395610596077	1796.811882803807
741.8404994466272	1794.9153355554251
742.8414378336468	1785.264592088835
743.8423762206663	1793.5945023693998
744.8433146076859	1771.475925989859
745.8442529947055	1752.9834756801777
746.845191381725	1747.4920155511024
747.8461297687446	1751.5665604130845
748.8470681557642	1722.4369725262145
749.8480065427838	1700.1795126086135
750.8489449298033	1683.6343296064906
751.8498833168229	1675.611087171599
752.8508217038425	1677.25210430712
753.8517600908621	1661.8148443829434
754.8526984778816	1633.7939016103421
755.8536368649012	1620.4002388791976
756.8545752519208	1616.5242373287554
757.8555136389404	1577.9346394240383
758.8564520259598	1534.836363661101
759.8573904129794	1514.1398570027457
760.858328799999	1519.2934026210683
761.8592671870185	1511.823567723846
762.8602055740381	1510.2563496909531
763.8611439610577	1534.3977461110876
764.8620823480773	1544.4132720373063
765.8630207350968	1552.529543749002
766.8639591221164	1547.3400649700156
767.864897509136	1560.4851601995704
768.8658358961555	1574.9419012652652
769.8667742831751	1585.0647669330638
770.8677126701947	1590.8330684589916
771.8686510572143	1620.678705663115
772.8695894442338	1643.9759901244538
773.8705278312534	1676.5551034356774
774.871466218273	1714.4684432383126
775.8724046052924	1750.22314217551
776.873342992312	1781.6759589376245
777.8742813793316	1797.8515541793333
778.8752197663512	1794.739624149868
779.8761581533707	1782.7388410514054
780.8770965403903	1790.6992738597871
781.8780349274099	1784.6244619657875
782.8789733144295	1768.3626932527845
783.879911701449	1755.9860216476657
784.8808500884686	1745.7562074671175
785.8817884754882	1736.4646965644786
786.8827268625078	1734.8887866784944
787.8836652495273	1739.4976167772631
788.8846036365469	1710.3772772685716
789.8855420235665	1667.5786627155699
790.886480410586	1659.7523646349298
791.8874187976056	1656.0239159144953
792.8883571846251	1628.660012951628
793.8892955716447	1610.7664922864112
794.8902339586642	1612.3331397002735
795.8911723456838	1615.669683063702
796.8921107327034	1638.316463618892
797.893049119723	1639.0117885812617
798.8939875067425	1655.555100152082
799.8949258937621	1691.8838180935795
800.8958642807817	1710.2884484448746
801.8968026678012	1702.9025393391976
802.8977410548208	1715.7832822876308
803.8986794418404	1721.4405828884749
804.89961782886	1727.733179299644
805.9005562158795	1746.4293541588909
806.9014946028991	1788.1929020228213
807.9024329899187	1816.1785347565178
808.9033713769383	1812.9530760186533
809.9043097639577	1819.5757944471113
810.9052481509773	1836.4062503563862
811.9061865379969	1848.7571439213277
812.9071249250164	1845.632403592536
813.908063312036	1832.0136834568023
814.9090016990556	1815.1763082422758
815.9099400860752	1814.0054724229205
816.9108784730947	1820.3862481950882
817.9118168601143	1836.252042374894
818.9127552471339	1842.5517053856026
819.9136936341534	1831.5826194170784
820.914632021173	1825.2245178923529
821.9155704081926	1835.928959392466
822.9165087952122	1818.0588794174587
823.9174471822317	1792.2156390886682
824.9183855692513	1771.7174421506365
825.9193239562709	1738.778389479687
826.9202623432903	1701.6470238672773
827.9212007303099	1688.8851315978075
828.9221391173295	1691.7623714845133
829.9230775043491	1691.7791648675563
830.9240158913686	1716.8040074637177
831.9249542783882	1737.8734404585048
832.9258926654078	1745.5774502487657
833.9268310524274	1759.3569426806434
834.9277694394469	1755.4938732343544
835.9287078264665	1744.721508651144
836.9296462134861	1749.5421541246592
837.9305846005057	1763.7114981305183
838.9315229875252	1749.1116660593748
839.9324613745448	1742.1446605553513
840.9333997615644	1759.171173374719
841.934338148584	1760.9068030721703
842.9352765356035	1766.8732677266457
843.936214922623	1748.0269442950328
844.9371533096426	1741.4823017622678
845.9380916966621	1741.4506449502558
846.9390300836817	1736.9102168448912
847.9399684707013	1745.1297279141452
848.9409068577208	1749.9608830212037
849.9418452447404	1750.0019667104239
850.94278363176	1762.2064081314925
851.9437220187796	1774.1605771200695
852.9446604057991	1782.4464981525514
853.9455987928187	1785.5743328163899
854.9465371798383	1788.2634666224412
855.9474755668579	1787.2095165743585
856.9484139538774	1770.2033284709255
857.949352340897	1735.5489309932243
858.9502907279166	1696.8623671891412
859.9512291149362	1684.1182487966705
860.9521675019556	1674.5400764149097
861.9531058889752	1677.5765951810574
862.9540442759948	1668.7407003289497
863.9549826630143	1649.6410382094239
864.9559210500339	1643.7995976244954
865.9568594370535	1632.0535263344561
866.957797824073	1619.8228720921131
867.9587362110926	1624.1697490036333
868.9596745981122	1627.144448948642
869.9606129851318	1618.2115069004324
870.9615513721513	1629.1592883505982
871.9624897591709	1646.3225655617318
872.9634281461905	1632.1530803560117
873.9643665332101	1632.9819464874656
874.9653049202296	1612.8650722084794
875.9662433072492	1607.653027871526
876.9671816942688	1613.1193628695828
877.9681200812882	1624.6414650381853
878.9690584683078	1646.6447635272814
879.9699968553274	1644.2854292390646
880.970935242347	1643.5784086110766
881.9718736293665	1652.7227981921535
882.9728120163861	1657.9696524856608
883.9737504034057	1641.5661341823197
884.9746887904253	1631.3731022871605
885.9756271774448	1639.9419809322017
886.9765655644644	1655.9686601169615
887.977503951484	1660.6631061944847
888.9784423385036	1663.6338242289733
889.9793807255231	1666.9631764883125
890.9803191125427	1656.0051225425323
891.9812574995623	1638.717082221706
892.9821958865818	1635.5210060768682
893.9831342736014	1634.4779801585114
894.9840726606209	1622.268640816722
895.9850110476405	1616.2594319842735
896.98594943466	1618.85357832857
897.9868878216796	1622.2972411049154
898.9878262086992	1640.348740859427
899.9887645957187	1666.034075636338
900.9897029827383	1687.2587725986218
901.9906413697579	1716.8853879474982
902.9915797567775	1739.751271726021
903.992518143797	1750.0531071662167
904.9934565308166	1772.0146771468962
905.9943949178362	1798.6083179307132
906.9953333048558	1794.1955137234213
907.9962716918753	1792.1552772744878
908.9972100788949	1787.6776617893915
909.9981484659145	1795.837427652993
910.999086852934	1793.0839941712616
912.0000252399536	1786.6174234048297
913.0009636269731	1772.0932573277585
914.0019020139927	1757.262131204793
915.0028404010122	1746.3914469880324
916.0037787880318	1729.8212398723542
917.0047171750514	1731.151620931181
918.005655562071	1744.9671996552504
919.0065939490905	1749.5970086824188
920.0075323361101	1749.1892645303537
921.0084707231297	1754.539499345727
922.0094091101492	1744.043646727769
923.0103474971688	1719.5765435894168
924.0112858841884	1693.299295643796
925.012224271208	1660.0051236262236
926.0131626582275	1638.1435844281193
927.0141010452471	1619.3652041925952
928.0150394322667	1601.5194479194956
929.0159778192863	1596.1728773068444
930.0169162063057	1601.9062591217812
931.0178545933253	1611.2877274614382
932.0187929803449	1610.9818070309184
933.0197313673644	1618.216159363216
934.020669754384	1623.374879268198
935.0216081414036	1629.0649564377934
936.0225465284232	1655.5621209281553
937.0234849154427	1676.478532926195
938.0244233024623	1694.8369959072209
939.0253616894819	1694.6841082631902
940.0263000765015	1683.0118155301923
941.027238463521	1693.6915499018294
942.0281768505406	1705.1168068848833
943.0291152375602	1719.011296929372
944.0300536245798	1707.2166624596834
945.0309920115993	1670.0944791577892
946.0319303986189	1660.5119485223781
947.0328687856384	1656.4368268771323
948.0338071726579	1657.8320897564492
949.0347455596775	1687.1703429191355
950.0356839466971	1709.2810886463014
951.0366223337167	1712.4786521842323
952.0375607207362	1725.0096917115181
953.0384991077558	1726.7021875796956
954.0394374947754	1721.5609046770792
955.040375881795	1714.0041128876576
956.0413142688145	1698.7461450828398
957.0422526558341	1698.3071956551103
958.0431910428537	1691.0862685596792
959.0441294298732	1673.8228472824435
960.0450678168928	1675.2426217282634
961.0460062039124	1679.0423079201296
962.046944590932	1674.8693302899667
963.0478829779515	1664.3445534135396
964.048821364971	1655.1160663541398
965.0497597519906	1659.3163701597675
966.0506981390101	1656.6955341829125
967.0516365260297	1642.562396831241
968.0525749130493	1617.17172012909
969.0535133000689	1611.3946021929958
970.0544516870884	1606.106190715286
971.055390074108	1588.5860657201408
972.0563284611276	1593.1223350721816
973.0572668481472	1612.59691422554
974.0582052351667	1624.5167043113422
975.0591436221863	1635.032397131063
976.0600820092059	1614.3937223200705
977.0610203962254	1596.4462686825018
978.061958783245	1590.0566851891538
979.0628971702646	1584.7987191594573
980.0638355572842	1602.4676006645334
981.0647739443036	1594.6617211030295
982.0657123313232	1585.9844373732394
983.0666507183428	1580.479636120861
984.0675891053623	1564.8782704732719
985.0685274923819	1554.1352894791708
986.0694658794015	1565.1074203994713
987.0704042664211	1575.4296303012695
988.0713426534406	1593.6742016899373
989.0722810404602	1616.0555908939516
990.0732194274798	1615.617389258842
991.0741578144994	1616.1946240427144
992.0750962015189	1633.9003916548959
993.0760345885385	1632.3900655352063
994.0769729755581	1627.7207946266483
995.0779113625777	1623.8068442584881
996.0788497495972	1644.7892381304166
997.0797881366168	1668.4637437324027
998.0807265236363	1668.573332746012
999.0816649106558	1664.869813251766
1000.0826032976754	1663.5617478175536
1001.083541684695	1667.6084953239313
1002.0844800717146	1646.2269189415242
1003.0854184587341	1631.483369154004
1004.0863568457537	1630.7479496616302
1005.0872952327733	1615.5486926531655
1006.0882336197928	1614.247574407292
1007.0891720068124	1599.638439257713
1008.090110393832	1581.9300270204524
1009.0910487808516	1581.3784078834133
1010.0919871678711	1578.1397493963752
1011.0929255548907	1569.2568995393272
1012.0938639419103	1563.5127597680773
1013.0948023289299	1564.1752325809655
1014.0957407159494	1565.187293098905
1015.0966791029689	1555.798503703945
1016.0976174899885	1555.3669015077098
1017.098555877008	1561.7206711095198
1018.0994942640276	1559.8470105416318
1019.1004326510472	1568.0033719584035
1020.1013710380668	1586.5002870789754
1021.1023094250863	1588.1558974962068
1022.1032478121059	1584.8184276822144
1023.1041861991255	1599.8485214247814
1024.1051245861452	1611.251298024321
1025.1060629731646	1616.0854037312042
1026.1070013601843	1624.4515002017306
1027.1079397472038	1635.7074880415898
1028.1088781342235	1656.3333469340987
1029.109816521243	1667.7081846593892
1030.1107549082626	1666.426220348296
1031.111693295282	1679.6017200421209
1032.1126316823015	1700.0540167403121
1033.1135700693212	1704.5997506186984
1034.1145084563407	1702.2682471413275
1035.1154468433604	1708.8012366547357
1036.1163852303798	1723.3919104758243
1037.1173236173995	1712.0144423139375
1038.118262004419	1698.0678636913146
1039.1192003914387	1686.7886114296214
1040.120138778458	1683.7292071686588
1041.1210771654776	1686.9068626705407
1042.1220155524973	1678.4086328099402
1043.1229539395167	1681.318967084611
1044.1238923265364	1690.899411784948
1045.1248307135559	1703.435806124847
1046.1257691005756	1715.5946626192151
1047.126707487595	1726.710866110507
1048.1276458746147	1729.4198992685542
1049.1285842616342	1721.6769798035064
1050.1295226486538	1715.2733204003678
1051.1304610356733	1706.35953074365
1052.131399422693	1696.3709442549339
1053.1323378097125	1683.9049206642533
1054.1332761967321	1667.6773681786444
1055.1342145837516	1668.36721777004
1056.1351529707713	1667.530260249486
1057.1360913577907	1659.0352736134123
1058.1370297448102	1644.2901607358115
1059.13796813183	1654.146292690486
1060.1389065188494	1648.123095538191
1061.139844905869	1631.4597354474165
1062.1407832928885	1616.7969844252716
1063.1417216799082	1608.9092294683742
1064.1426600669276	1607.0506345474555
1065.1435984539473	1599.3323102411541
1066.1445368409668	1587.2050791889637
1067.1454752279865	1612.7541524811618
1068.146413615006	1607.4292177349869
1069.1473520020256	1602.2660885219016
1070.148290389045	1597.805804614179
1071.1492287760648	1583.487384335722
1072.1501671630842	1581.6191092832823
1073.151105550104	1569.7695434502748
1074.1520439371234	1567.9936068540708
1075.1529823241428	1568.3360524601121
1076.1539207111625	1570.6792244245355
1077.154859098182	1579.9349323438455
1078.1557974852017	1591.3784771726446
1079.1567358722211	1593.5395078232602
1080.1576742592408	1580.7397329493324
1081.1586126462603	1564.7857886590798
1082.15955103328	1565.5947542965475
1083.1604894202994	1562.373470263596
1084.1614278073191	1555.9183724884433
1085.1623661943386	1538.4149702070474
1086.1633045813583	1542.6694140898178
1087.1642429683777	1543.9126228989433
1088.1651813553974	1538.7011997721227
1089.1661197424169	1536.3006150277592
1090.1670581294366	1546.7489520566176
1091.167996516456	1556.9372330611407
1092.1689349034755	1555.760380292338
1093.1698732904952	1542.153994830378
1094.1708116775146	1544.158824995166
1095.1717500645343	1548.968487621213
1096.1726884515538	1549.1483091488215
1097.1736268385735	1544.6168314403767
1098.174565225593	1575.2687862812802
1099.1755036126126	1607.3620502095778
1100.176441999632	1622.8889259734215
1101.1773803866517	1631.4926458219966
1102.1783187736712	1640.4531279128103
1103.179257160691	1646.9785011169943
1104.1801955477104	1634.7540916755415
1105.18113393473	1632.0691111883336
1106.1820723217495	1621.5127237064482
1107.1830107087692	1624.8850307844593
1108.1839490957886	1627.0137226511467
1109.184887482808	1629.0829965750806
1110.1858258698278	1616.752360190213
1111.1867642568473	1603.2650053135433
1112.187702643867	1609.2569448765778
1113.1886410308864	1634.245273293373
1114.189579417906	1628.0210168982862
1115.1905178049255	1619.9753108169296
1116.1914561919452	1629.5180958090964
1117.1923945789647	1628.2858222978741
1118.1933329659844	1623.792123223111
1119.1942713530038	1633.244246194952
1120.1952097400235	1631.8420592437228
1121.196148127043	1634.0157175957013
1122.1970865140627	1651.7771495302768
1123.1980249010821	1636.0461160028437
1124.1989632881018	1617.4312889771338
1125.1999016751213	1640.9441578591266
1126.2008400621407	1647.7365562448904
1127.2017784491604	1640.3514463668464
1128.20271683618	1645.2869547580638
1129.2036552231996	1652.4387691098045
1130.204593610219	1669.602274439265
1131.2055319972387	1664.1765928870768
1132.2064703842582	1641.0459668862518
1133.2074087712779	1638.5075255959343
1134.2083471582973	1653.011833369743
1135.209285545317	1645.1933397348344
1136.2102239323365	1638.977197280279
1137.2111623193562	1628.1480435206076
1138.2121007063756	1621.120783421752
1139.2130390933953	1616.0539913087057
1140.2139774804148	1601.558957350514
1141.2149158674345	1600.081428740836
1142.215854254454	1601.724888257455
1143.2167926414734	1628.8579350966454
1144.217731028493	1666.7525158015062
1145.2186694155125	1665.45223054927
1146.2196078025322	1658.0048958316459
1147.2205461895517	1681.6054391722516
1148.2214845765714	1671.7237705826096
1149.2224229635908	1659.4385361764428
1150.2233613506105	1653.350573200426
1151.22429973763	1650.5016394638308
1152.2252381246496	1647.0747105257065
1153.226176511669	1651.504804024348
1154.2271148986888	1635.91527895814
1155.2280532857083	1618.842290586839
1156.228991672728	1623.9393421535765
1157.2299300597474	1627.5953197750612
1158.230868446767	1613.180773682794
1159.2318068337865	1610.6197905800998
1160.232745220806	1587.898397307555
1161.2336836078257	1561.3566974887065
1162.2346219948452	1532.1906343658873
1163.2355603818648	1477.6825593432286
1164.2364987688843	1425.4859520872465
1165.237437155904	1390.6059991684856
1166.2383755429234	1345.7494016343041
1167.2393139299431	1319.6999297715765
1168.2402523169626	1294.5273501003246
1169.2411907039823	1271.4797519338274
1170.2421290910017	1257.645046090449
1171.2430674780214	1247.1222418288176
1172.244005865041	1268.128984097939
1173.2449442520606	1278.506692198187
1174.24588263908	1310.6765388271388
1175.2468210260997	1335.4310681246243
1176.2477594131192	1353.5101097213967
1177.2486978001386	1371.4886881200537
1178.2496361871583	1405.236198615575
1179.2505745741778	1418.2287225621512
1180.2515129611975	1426.8967528922017
1181.252451348217	1432.6853940750068
1182.2533897352366	1459.7084811556363
1183.254328122256	1481.2281844791778
1184.2552665092758	1513.6919875311041
1185.2562048962952	1540.5915351015492
1186.257143283315	1549.1410691516826
1187.2580816703344	1562.631993825302
1188.259020057354	1604.277400184977
1189.2599584443735	1627.0473489844674
1190.2608968313932	1634.0602546271755
1191.2618352184127	1637.2955935370474
1192.2627736054324	1626.5451756281568
1193.2637119924518	1632.172927360016
1194.2646503794713	1615.9690114309783
1195.265588766491	1588.0610518679014
1196.2665271535104	1559.509018748866
1197.26746554053	1515.4603366957779
1198.2684039275496	1485.20779734435
1199.2693423145693	1455.949757726971
1200.2702807015887	1428.3906894602746
1201.2712190886084	1395.6923028195463
1202.2721574756279	1375.6719187347194
1203.2730958626476	1382.9965235948637
1204.274034249667	1383.9484009902546
1205.2749726366867	1390.7038385090739
1206.2759110237062	1398.0128473259356
1207.2768494107258	1388.038280949597
1208.2777877977453	1376.7844761117306
1209.278726184765	1406.9650802185763
1210.2796645717845	1418.5818461072001
1211.280602958804	1406.4392317139625
1212.2815413458236	1395.6123706096396
1213.282479732843	1399.5062341716837
1214.2834181198627	1389.0019304885877
1215.2843565068822	1387.384710461078
1216.285294893902	1405.5169386542086
1217.2862332809214	1402.4923983048016
1218.287171667941	1395.7915849050967
1219.2881100549605	1409.8318679305683
1220.2890484419802	1421.9298736449966
1221.2899868289996	1417.485064042957
1222.2909252160193	1431.7155798425163
1223.2918636030388	1443.6466044280573
1224.2928019900585	1461.9202450049647
1225.293740377078	1469.5156104247792
1226.2946787640976	1484.5639357577045
1227.295617151117	1500.2316849975564
1228.2965555381365	1506.612608120564
1229.2974939251562	1504.0823576504665
1230.2984323121757	1512.8593666394854
1231.2993706991954	1523.1158797509786
1232.3003090862148	1522.0359495603573
1233.3012474732345	1515.4536152757112
1234.302185860254	1510.7129942237673
1235.3031242472737	1502.6029413807871
1236.3040626342931	1496.6497971277374
1237.3050010213128	1504.370925198009
1238.3059394083323	1490.4140613213335
1239.306877795352	1462.9958087292846
1240.3078161823714	1477.987682336501
1241.308754569391	1489.6628703278432
1242.3096929564106	1473.6990104639647
1243.3106313434303	1459.1267081206663
1244.3115697304497	1463.691140200313
1245.3125081174692	1455.1731564841953
1246.3134465044889	1440.3186154709938
1247.3143848915083	1447.2623715859552
1248.315323278528	1448.9417972747317
1249.3162616655475	1440.1119385582783
1250.3172000525672	1433.12891074591
1251.3181384395866	1433.7428976111958
1252.3190768266063	1451.0666663588024
1253.3200152136258	1473.2342125117125
1254.3209536006455	1498.590934026555
1255.321891987665	1510.4411242873357
1256.3228303746846	1532.4450668694797
1257.323768761704	1570.1148778247575
1258.3247071487237	1605.9685876939143
1259.3256455357432	1644.4802766856294
1260.326583922763	1673.3010669985924
1261.3275223097824	1693.265028836157
1262.3284606968018	1703.5098260716097
1263.3293990838215	1712.7594326815126
1264.330337470841	1712.8033542491
1265.3312758578606	1691.6920274463323
1266.33221424488	1667.9723785692481
1267.3331526318998	1646.5466111142007
1268.3340910189193	1630.5159417515201
1269.335029405939	1607.2845679562781
1270.3359677929584	1566.898051534719
1271.336906179978	1543.713749067749
1272.3378445669975	1512.4457774013345
1273.3387829540172	1471.418215622299
1274.3397213410367	1428.4159603009134
1275.3406597280564	1405.0536182986862
1276.3415981150758	1400.8413161145752
1277.3425365020955	1386.390144278434
1278.343474889115	1370.378329393389
1279.3444132761344	1367.5878217435736
1280.3453516631541	1370.5596055845754
1281.3462900501736	1383.2905480809195
1282.3472284371933	1387.7785406575672
1283.3481668242127	1424.2184810468316
1284.3491052112324	1458.3161778889607
1285.350043598252	1476.7939243346812
1286.3509819852716	1490.453719386205
1287.351920372291	1509.458627326852
1288.3528587593107	1524.2540083961705
1289.3537971463302	1554.1871760195238
1290.3547355333499	1588.1607430614067
1291.3556739203693	1619.499514775531
1292.356612307389	1639.2513415945648
1293.3575506944085	1656.3673941496072
1294.3584890814282	1665.0256768011536
1295.3594274684476	1681.4574263654354
1296.360365855467	1692.453634864263
1297.3613042424868	1706.5987392875697
1298.3622426295062	1707.3451371673832
1299.363181016526	1712.8238036014525
1300.3641194035454	1699.9128266363696
1301.365057790565	1679.2344481559644
1302.3659961775845	1682.5337192908162
1303.3669345646042	1653.2730265104335
1304.3678729516237	1615.9943864768838
1305.3688113386434	1594.3996597859195
1306.3697497256628	1577.740182709697
1307.3706881126825	1567.1306236873347
1308.371626499702	1555.6356524932205
1309.3725648867216	1548.465439744548
1310.373503273741	1533.614520735312
1311.3744416607608	1531.3256174534908
1312.3753800477803	1549.5114800092915
1313.3763184348	1553.7260946089607
1314.3772568218194	1577.1644534749853
1315.3781952088389	1592.4208959120033
1316.3791335958585	1591.3884620348158
1317.380071982878	1589.7206790688815
1318.3810103698977	1590.9397003015113
1319.3819487569172	1572.4126714441218
1320.3828871439368	1567.8472577572604
1321.3838255309563	1556.4448978976336
1322.384763917976	1543.257504583638
1323.3857023049954	1542.6588714648544
1324.3866406920151	1560.1609130181505
1325.3875790790346	1563.5610334900562
1326.3885174660543	1572.7226469062855
1327.3894558530737	1584.907525117499
1328.3903942400934	1595.2898718925244
1329.391332627113	1598.935815490471
1330.3922710141326	1605.8751778624746
1331.393209401152	1593.4370147047655
1332.3941477881715	1587.1625146919387
1333.3950861751912	1594.832937346245
1334.3960245622106	1577.221368577343
1335.3969629492303	1562.6556953008596
1336.3979013362498	1563.5011325168593
1337.3988397232695	1575.2799692402536
1338.399778110289	1578.2848721157434
1339.4007164973086	1575.222869458488
1340.401654884328	1585.6439903272349
1341.4025932713478	1589.7217139021725
1342.4035316583672	1595.0344593254454
1343.404470045387	1618.4055468373247
1344.4054084324064	1637.6094532856844
1345.406346819426	1651.9102006067822
1346.4072852064455	1660.0390113888873
1347.4082235934652	1665.627162345093
1348.4091619804847	1651.0631391979061
1349.4101003675041	1638.3796968020247
1350.4110387545238	1629.406387862101
1351.4119771415433	1619.1659450316863
1352.412915528563	1581.7677254488983
1353.4138539155824	1550.251719645136
1354.414792302602	1542.8039285009615
1355.4157306896216	1548.0629510010576
1356.4166690766413	1537.7764774827804
1357.4176074636607	1536.5546153287698
1358.4185458506804	1526.3815092809257
1359.4194842376999	1507.1590394719192
1360.4204226247195	1509.2786617964584
1361.421361011739	1521.36338989473
1362.4222993987587	1520.9022031667325
1363.4232377857782	1532.4068908541688
1364.4241761727978	1540.957308147465
1365.4251145598173	1531.62883221463
1366.4260529468368	1545.0387805155062
1367.4269913338564	1557.1861896380515
1368.427929720876	1565.8541842613954
1369.4288681078956	1582.171923192228
1370.429806494915	1584.1362865459448
1371.4307448819347	1585.473295269965
1372.4316832689542	1602.7935767110923
1373.432621655974	1614.8734535823567
1374.4335600429933	1629.5176472680728
1375.434498430013	1652.6081499542522
1376.4354368170325	1666.2977342954025
1377.4363752040522	1692.7112449802335
1378.4373135910716	1723.6128864076154
1379.4382519780913	1736.8744156769612
1380.4391903651108	1734.829670792662
1381.4401287521305	1735.024114882747
1382.44106713915	1748.4998572020006
1383.4420055261694	1722.3369416256814
1384.442943913189	1701.285818154732
1385.4438823002085	1690.4197583342286
1386.4448206872282	1668.3260157088985
1387.4457590742477	1627.8217163894826
1388.4466974612674	1598.301796351786
1389.4476358482868	1562.4971223808118
1390.4485742353065	1523.7693750938554
1391.449512622326	1522.1141406241954
1392.4504510093457	1517.8194564483745
1393.4513893963651	1512.249075141723
1394.4523277833848	1510.3616687770095
1395.4532661704043	1502.7687904647842
1396.454204557424	1498.9253756125
1397.4551429444434	1514.821016041829
1398.456081331463	1502.074069208599
1399.4570197184826	1491.78300302135
1400.457958105502	1495.1547188515729
1401.4588964925217	1489.5275010496293
1402.4598348795412	1479.2975199071745
1403.4607732665609	1484.6351097936356
1404.4617116535803	1485.6836760908548
1405.4626500406	1475.4172625322535
1406.4635884276195	1477.2529192762947
1407.4645268146392	1492.7178150613381
1408.4654652016586	1500.3759832113892
1409.4664035886783	1519.3582368263437
1410.4673419756978	1540.4292076003635
1411.4682803627175	1547.669215041355
1412.469218749737	1564.1735103131593
1413.4701571367566	1579.3605547928232
1414.471095523776	1570.2098244493754
1415.4720339107957	1586.7599081178869
1416.4729722978152	1611.0481315261757
1417.4739106848347	1608.6109127429952
1418.4748490718544	1598.7675131740284
1419.4757874588738	1589.4038700450378
1420.4767258458935	1590.599757759684
1421.477664232913	1595.8308962175483
1422.4786026199326	1611.209475512351
1423.479541006952	1622.5084338043741
1424.4804793939718	1629.5637735507576
1425.4814177809913	1625.2089029604165
1426.482356168011	1615.7383409746185
1427.4832945550304	1625.1212676448383
1428.48423294205	1634.3256119753412
1429.4851713290695	1620.4203425673074
1430.4861097160892	1620.5834219330275
1431.4870481031087	1614.5867841273434
1432.4879864901284	1596.2740293159154
1433.4889248771478	1569.9839849224365
1434.4898632641673	1562.369547660873
1435.490801651187	1544.9469834651006
1436.4917400382064	1510.2645896718914
1437.4926784252261	1486.0025057357975
1438.4936168122456	1481.1243008152135
1439.4945551992653	1455.7912299221969
1440.4954935862847	1439.9005835774806
1441.4964319733044	1437.1752944000748
1442.4973703603239	1436.2244158361466
1443.4983087473436	1446.606645098787
1444.499247134363	1445.8400677680268
1445.5001855213827	1439.7786146024446
1446.5011239084022	1447.7417152975543
1447.5020622954219	1458.0843908459424
1448.5030006824413	1447.5998117484035
1449.503939069461	1454.5804167223191
1450.5048774564805	1460.325862557099
1451.5058158435	1472.0953396859068
1452.5067542305196	1482.6119665885835
1453.507692617539	1481.1464397097848
1454.5086310045588	1489.228277147993
1455.5095693915782	1492.3008794385958
1456.510507778598	1487.7618832655867
1457.5114461656174	1503.0051944594763
1458.512384552637	1511.79538829578
1459.5133229396565	1521.305411864761
1460.5142613266762	1544.6127109371353
1461.5151997136957	1568.1459679383108
1462.5161381007154	1572.9329028759594
1463.5170764877348	1567.6825313344902
1464.5180148747545	1566.6377461409475
1465.518953261774	1570.1839689795904
1466.5198916487936	1556.2516855140798
1467.520830035813	1538.8262305978824
1468.5217684228326	1522.181970484584
1469.5227068098523	1511.4844205756185
1470.5236451968717	1499.7326891732507
1471.5245835838914	1486.2429696365157
1472.5255219709109	1481.8675268277696
1473.5264603579305	1477.8054358823892
1474.52739874495	1468.822660851572
1475.5283371319697	1466.646624909439
1476.5292755189892	1480.1083673124529
1477.5302139060088	1487.3690759117087
1478.5311522930283	1493.9750753276687
1479.532090680048	1495.7794012143652
1480.5330290670674	1513.003635051457
1481.5339674540871	1532.0962374953242
1482.5349058411066	1542.2963640197695
1483.5358442281263	1546.0909140242443
1484.5367826151457	1537.2298303714144
1485.5377210021652	1543.4932953380026
1486.5386593891849	1546.5162870834556
1487.5395977762043	1534.4070168439284
1488.540536163224	1547.792083281176
1489.5414745502435	1553.8047791394913
1490.5424129372632	1553.8070173173166
1491.5433513242826	1574.853899891915
1492.5442897113023	1594.1484216862773
1493.5452280983218	1593.698192123993
1494.5461664853415	1589.4735170368083
1495.547104872361	1601.8186939525533
1496.5480432593806	1596.3966773545437
1497.5489816464	1582.0080840133326
1498.5499200334198	1577.273261574596
1499.5508584204392	1561.8219121784641
1500.551796807459	1558.1999715289776
1501.5527351944784	1566.6528475671637
1502.5536735814978	1561.0502763880627
1503.5546119685175	1555.7920714404308
1504.555550355537	1557.5969985728611
1505.5564887425567	1559.79817210475
1506.5574271295761	1557.3795882788497
1507.5583655165958	1568.7838706714056
1508.5593039036153	1572.8425904995117
1509.560242290635	1572.5876757923788
1510.5611806776544	1566.7691074547558
1511.562119064674	1577.2400069789921
1512.5630574516936	1599.8005734072974
1513.5639958387133	1604.6896991973679
1514.5649342257327	1617.8801753023836
1515.5658726127524	1614.0606371778015
1516.5668109997719	1604.9536675711504
1517.5677493867915	1605.8518568023876
1518.568687773811	1592.768109915953
1519.5696261608305	1583.8920483372399
1520.5705645478502	1584.6639579854782
1521.5715029348696	1564.3888048875074
1522.5724413218893	1554.4885937148176
1523.5733797089088	1551.6543974118435
1524.5743180959284	1546.198779862014
1525.575256482948	1535.0117622685657
1526.5761948699676	1540.7873226313027
1527.577133256987	1535.2200733143113
1528.5780716440067	1542.424722842197
1529.5790100310262	1549.7650678019668
1530.579948418046	1538.370435084787
1531.5808868050653	1544.5915327611165
1532.581825192085	1558.561697223758
1533.5827635791045	1558.385135646206
1534.5837019661242	1553.3390598779984
1535.5846403531436	1542.9153528352765
1536.585578740163	1549.0927071487813
1537.5865171271828	1564.4499035390302
1538.5874555142022	1566.0614319010135
1539.588393901222	1566.177072610661
1540.5893322882414	1573.5375642180536
1541.590270675261	1570.3820804881334
1542.5912090622805	1566.3201310590769
1543.5921474493002	1572.1365072219046
1544.5930858363197	1580.0505960428081
1545.5940242233394	1606.0687569301876
1546.5949626103588	1613.4992780867137
1547.5959009973785	1605.3552450161508
1548.596839384398	1605.9438671948135
1549.5977777714177	1596.7893627841163
1550.5987161584371	1581.5120498268107
1551.5996545454568	1571.3310496214842
1552.6005929324763	1564.2751868469288
1553.6015313194957	1551.911748051647
1554.6024697065154	1529.5112138756003
1555.6034080935349	1513.4169573375086
1556.6043464805546	1489.9507614852143
1557.605284867574	1484.1390629784955
1558.6062232545937	1472.8249912543886
1559.6071616416132	1460.8559333766023
1560.6081000286329	1454.7296852646584
1561.6090384156523	1446.2279377381044
1562.609976802672	1425.1911240347831
1563.6109151896915	1427.3470349418424
1564.6118535767112	1435.5357398538843
1565.6127919637306	1430.2946768099068
1566.6137303507503	1405.333819799963
1567.6146687377698	1397.8683666259833
1568.6156071247894	1398.7331532521491
1569.616545511809	1382.6986816260796
1570.6174838988284	1359.8394803804338
1571.618422285848	1363.5008905970765
1572.6193606728675	1359.454521150826
1573.6202990598872	1339.4089073217667
1574.6212374469067	1331.486526327344
1575.6221758339263	1328.8726707001517
1576.6231142209458	1337.5874038048578
1577.6240526079655	1341.8168492667755
1578.624990994985	1358.1507080780952
1579.6259293820046	1371.6867158869572
1580.626867769024	1376.5854736043138
1581.6278061560438	1396.8643037366733
1582.6287445430632	1418.1552571642367
1583.629682930083	1452.6683999327722
1584.6306213171024	1481.3969535654376
1585.631559704122	1483.6481658474727
1586.6324980911415	1490.9123152398547
1587.633436478161	1501.8099499250502
1588.6343748651807	1515.5113661543608
1589.6353132522001	1522.4535246997148
1590.6362516392198	1521.232402947156
1591.6371900262393	1525.5850964649937
1592.638128413259	1544.9716465850895
1593.6390668002784	1536.1459036176682
1594.6400051872981	1530.3819200579437
1595.6409435743176	1539.5204492405708
1596.6418819613373	1546.646925206214
1597.6428203483567	1534.3102729383509
1598.6437587353764	1530.9441213094321
1599.6446971223959	1517.0204883069998
1600.6456355094156	1514.9094640657179
1601.646573896435	1508.9604377359044
1602.6475122834547	1494.4860033068214
1603.6484506704742	1470.57334927629
1604.6493890574936	1450.2878208258924
1605.6503274445133	1439.3762582240086
1606.6512658315328	1410.5721586457353
1607.6522042185525	1394.898864108227
1608.653142605572	1387.6688173268412
1609.6540809925916	1373.3150044755362
1610.655019379611	1382.105441299298
1611.6559577666308	1382.4784702794905
1612.6568961536502	1394.0928983107701
1613.65783454067	1415.6103247350918
1614.6587729276894	1431.9320037392722
1615.659711314709	1425.5869054645439
1616.6606497017285	1423.308635025363
1617.6615880887482	1414.0931603291153
1618.6625264757677	1406.9943652826023
1619.6634648627874	1397.707268910169
1620.6644032498068	1390.0678065329157
1621.6653416368263	1402.4534079762484
1622.666280023846	1433.4490697060148
1623.6672184108654	1465.1226084510517
1624.668156797885	1481.9219124400622
1625.6690951849046	1500.8782737906934
1626.6700335719243	1529.5721951224268
1627.6709719589437	1554.2590142042677
1628.6719103459634	1561.5171949495052
1629.6728487329829	1570.269463698473
1630.6737871200025	1571.5997501921388
1631.674725507022	1585.3507125280773
1632.6756638940417	1602.3894432287468
1633.6766022810612	1606.4363369094115
1634.6775406680808	1617.7902834162917
1635.6784790551003	1635.0711980915887
1636.67941744212	1654.164089486623
1637.6803558291394	1647.9940332846272
1638.681294216159	1646.0303945498983
1639.6822326031786	1651.886788680874
1640.683170990198	1640.7737584226568
1641.6841093772177	1662.1985957722707
1642.6850477642372	1677.430201521161
1643.6859861512569	1670.2334438015594
1644.6869245382763	1676.4301590445837
1645.687862925296	1671.166765700299
1646.6888013123155	1641.8609093446191
1647.6897396993352	1644.3143785883194
1648.6906780863546	1637.18274870575
1649.6916164733743	1636.7966708637164
1650.6925548603938	1637.074854182079
1651.6934932474135	1643.2229989134016
1652.694431634433	1651.6674281466867
1653.6953700214526	1678.3108989533127
1654.696308408472	1688.912690316751
1655.6972467954915	1680.872981406276
1656.6981851825112	1684.7587945485225
1657.6991235695307	1697.7532574402776
1658.7000619565504	1686.2452249329172
1659.7010003435698	1669.8436595620415
1660.7019387305895	1662.5198133844176
1661.702877117609	1652.2268409922583
1662.7038155046287	1638.5990351226724
1663.7047538916481	1622.0745791360166
1664.7056922786678	1595.460712787063
1665.7066306656873	1590.8642754304906
1666.707569052707	1594.6140324214573
1667.7085074397264	1573.2550606058612
1668.709445826746	1544.0183294160506
1669.7103842137656	1524.93026347672
1670.7113226007853	1516.6420328953093
1671.7122609878047	1501.0014006720194
1672.7131993748242	1491.7385845345984
1673.7141377618439	1499.5934465300777
1674.7150761488633	1488.752970084752
1675.716014535883	1487.5182143969237
1676.7169529229025	1483.4644364800893
1677.7178913099222	1441.7882750997067
1678.7188296969416	1432.209536433626
1679.7197680839613	1441.81323471024
1680.7207064709808	1435.6239848560979
1681.7216448580004	1443.547895903373
1682.72258324502	1466.1941833892902
1683.7235216320396	1486.7649549476778
1684.724460019059	1507.9496207752038
1685.7253984060787	1530.8046132072884
1686.7263367930982	1540.7031639189915
1687.7272751801179	1549.6308729112332
1688.7282135671373	1565.9980515808113
1689.7291519541568	1552.0767430230067
1690.7300903411765	1550.2968993952975
1691.731028728196	1564.1533813244305
1692.7319671152156	1564.6290007286605
1693.732905502235	1559.9999220113282
1694.7338438892548	1561.4418674166157
1695.7347822762742	1547.8446651075233
1696.735720663294	1546.4808715781328
1697.7366590503134	1561.4613612679655
1698.737597437333	1535.1284140676203
1699.7385358243525	1528.5444424618938
1700.7394742113722	1527.0665755601322
1701.7404125983917	1530.6016836027304
1702.7413509854114	1520.4628627926384
1703.7422893724308	1511.6687122592075
1704.7432277594505	1513.9776635673181
1705.74416614647	1506.14294787957
1706.7451045334894	1507.2018297026464
1707.7460429205091	1513.0598930893334
1708.7469813075286	1491.9149297722395
1709.7479196945483	1498.007751760361
1710.7488580815677	1523.827365334795
1711.7497964685874	1515.5721687142977
1712.7507348556069	1514.3707910544815
1713.7516732426266	1521.4891202579652
1714.752611629646	1533.282123648998
1715.7535500166657	1535.553565675763
1716.7544884036852	1550.303612939853
1717.7554267907049	1561.2611028803144
1718.7563651777243	1569.2350159152318
1719.757303564744	1578.7957954014248
1720.7582419517635	1571.3844258246081
1721.7591803387832	1556.619736631401
1722.7601187258026	1552.90659349037
1723.761057112822	1544.8985594241058
1724.7619954998418	1526.6149877228409
1725.7629338868612	1497.4605326096
1726.763872273881	1472.2502090162354
1727.7648106609004	1452.664898012841
1728.76574904792	1467.509924429865
1729.7666874349395	1451.2387537638508
1730.7676258219592	1451.994053851705
1731.7685642089787	1463.3761740026146
1732.7695025959983	1466.9048782318328
1733.7704409830178	1453.192834667062
1734.7713793700375	1460.7777479414858
1735.772317757057	1463.0306438708872
1736.7732561440766	1455.0395640642262
1737.774194531096	1456.1908980817636
1738.7751329181158	1448.2601725929803
1739.7760713051352	1443.7741128481966
1740.7770096921547	1454.783486037329
1741.7779480791744	1474.0271816658446
1742.7788864661939	1477.615478634485
1743.7798248532135	1478.9073885927867
1744.780763240233	1484.995788124515
1745.7817016272527	1491.987303116498
1746.7826400142721	1481.6938760903004
1747.7835784012918	1479.75571743447
1748.7845167883113	1482.3363530850734
1749.785455175331	1484.5240424660235
1750.7863935623504	1483.2251495674352
1751.7873319493701	1483.7411781520975
1752.7882703363896	1470.8398931821282
1753.7892087234093	1459.582502158016
1754.7901471104287	1453.5932317900879
1755.7910854974484	1453.0584896705284
1756.7920238844679	1439.9273939435313
1757.7929622714873	1424.1380357480145
1758.793900658507	1422.3625699903594
1759.7948390455265	1440.0221037125782
1760.7957774325462	1442.3770922048552
1761.7967158195656	1456.1751274098892
1762.7976542065853	1473.4877053970315
1763.7985925936048	1475.8826622910133
1764.7995309806245	1485.5015983817561
1765.800469367644	1499.933472813592
1766.8014077546636	1515.0372568223117
1767.802346141683	1533.692958428156
1768.8032845287028	1553.8536732961422
1769.8042229157222	1569.3898392257697
1770.805161302742	1579.7992018915288
1771.8060996897614	1583.5160633978319
1772.807038076781	1591.6080859140104
1773.8079764638005	1589.9196786281268
1774.80891485082	1586.6802090140584
1775.8098532378397	1589.608354050047
1776.8107916248591	1585.409827461166
1777.8117300118788	1576.959334055232
1778.8126683988983	1571.6860178329864
1779.813606785918	1582.9407200311632
1780.8145451729374	1590.5061853635427
1781.815483559957	1575.2391789827964
1782.8164219469766	1579.6444487102585
1783.8173603339962	1580.7914426959485
1784.8182987210157	1556.2948023278695
1785.8192371080354	1539.9147402380174
1786.8201754950549	1527.9777046489505
1787.8211138820745	1530.0508792432536
1788.822052269094	1541.1948557434189
1789.8229906561137	1542.0608816060374
1790.8239290431331	1538.0593685856093
1791.8248674301526	1553.0553637526614
1792.8258058171723	1560.5794624473176
1793.8267442041918	1560.1592113259155
1794.8276825912114	1567.3399927378412
1795.828620978231	1577.8740403862528
1796.8295593652506	1569.349589500062
1797.83049775227	1568.7042826902057
1798.8314361392897	1586.5135969483358
1799.8323745263092	1586.4535352082669
1800.8333129133289	1595.6626307664176
1801.8342513003483	1611.7147629892106
1802.835189687368	1622.9155435207451
1803.8361280743875	1610.5986837413293
1804.8370664614072	1602.5664905258025
1805.8380048484266	1574.7148043347524
1806.8389432354463	1557.3452092721157
1807.8398816224658	1534.8340083104135
1808.8408200094855	1523.0619874955535
1809.841758396505	1509.0387060864055
1810.8426967835244	1515.311892053571
1811.843635170544	1525.4026117473466
1812.8445735575635	1527.975808677921
1813.8455119445832	1536.3406278905427
1814.8464503316027	1516.6080445415027
1815.8473887186224	1499.6267852448864
1816.8483271056418	1490.6070406264246
1817.8492654926615	1472.0446115605996
1818.850203879681	1456.0518107209741
1819.8511422667007	1471.6394805626255
1820.8520806537201	1461.3191197247916
1821.8530190407398	1451.8398113314274
1822.8539574277593	1466.8475572568789
1823.854895814779	1468.2966763161348
1824.8558342017984	1450.748060174599
1825.856772588818	1464.5573910328799
1826.8577109758376	1466.573209563166
1827.858649362857	1446.3312332692128
1828.8595877498767	1445.1616182232895
1829.8605261368962	1457.84576095803
1830.8614645239159	1451.7567701992696
1831.8624029109353	1445.7010551660635
1832.863341297955	1468.1343800276898
1833.8642796849745	1493.6651042194237
1834.8652180719941	1496.6197275081804
1835.8661564590136	1518.5587181180645
1836.8670948460333	1520.819836234206
1837.8680332330528	1519.2791489652486
1838.8689716200724	1523.9743881657416
1839.869910007092	1531.7680935930662
1840.8708483941116	1532.7621202263372
1841.871786781131	1521.278473013146
1842.8727251681507	1539.5285593170074
1843.8736635551702	1574.7112939811018
1844.8746019421897	1580.5681983114432
1845.8755403292093	1571.4340415105155
1846.8764787162288	1580.9201295601565
1847.8774171032485	1577.580421172429
1848.878355490268	1574.6147249576215
1849.8792938772876	1565.076508236695
1850.880232264307	1571.276713967279
1851.8811706513268	1564.8924204684092
1852.8821090383462	1557.6083858495842
1853.883047425366	1562.7039418371046
1854.8839858123854	1559.9300559999251
1855.884924199405	1555.8292533586784
1856.8858625864245	1561.1697154744054
1857.8868009734442	1556.6326905571989
1858.8877393604637	1537.5519130658847
1859.8886777474834	1539.2479636426358
1860.8896161345028	1531.086859146553
1861.8905545215223	1519.0789159538276
1862.891492908542	1508.9484539434393
1863.8924312955614	1488.078635134512
1864.8933696825811	1482.6422726587305
1865.8943080696006	1490.055078535834
1866.8952464566203	1492.4552345799634
1867.8961848436397	1487.5360252079654
1868.8971232306594	1487.680640562848
1869.8980616176789	1496.754633044838
1870.8990000046986	1487.6711898511405
1871.899938391718	1475.7030826580606
1872.9008767787377	1466.6583894702496
1873.9018151657572	1460.3574739316107
1874.9027535527769	1481.4972897146492
1875.9036919397963	1494.454109118869
1876.904630326816	1508.579294839791
1877.9055687138355	1528.2367929514119
1878.906507100855	1541.9264886587864
1879.9074454878746	1562.441063373261
1880.908383874894	1582.4319186804098
1881.9093222619138	1614.5493723855564
1882.9102606489332	1629.6525155250865
1883.911199035953	1639.6895100010458
1884.9121374229724	1649.732784463011
1885.913075809992	1641.0943852548705
1886.9140141970115	1662.7988904896417
1887.9149525840312	1667.8143870263482
1888.9158909710507	1656.424265932897
1889.9168293580703	1655.8122293441616
1890.9177677450898	1631.1657383841425
1891.9187061321095	1626.287389267981
1892.919644519129	1615.54909828598
1893.9205829061486	1608.981420823681
1894.921521293168	1587.4424744717112
1895.9224596801876	1588.0775720855413
1896.9233980672072	1597.6242476449752
1897.9243364542267	1591.9452428288619
1898.9252748412464	1573.0167711909878
1899.9262132282659	1588.7609878064607
1900.9271516152855	1587.806581679591
1901.928090002305	1570.9203639164498
1902.9290283893247	1549.9073722886733
1903.9299667763441	1555.7565879604645
1904.9309051633638	1530.113528358291
1905.9318435503833	1530.6483489174707
1906.932781937403	1526.3488337617755
1907.9337203244224	1512.1087976202607
1908.9346587114421	1498.7373408641843
1909.9355970984616	1490.7693364481195
1910.9365354854813	1485.849167342566
1911.9374738725007	1479.7951641370657
1912.9384122595202	1492.6776047207404
1913.9393506465399	1481.6511730703733
1914.9402890335593	1470.769617410663
1915.941227420579	1474.159166804449
1916.9421658075985	1442.3776026427413
1917.9431041946182	1425.9187435612914
1918.9440425816376	1424.1644907681705
1919.9449809686573	1413.464699844649
1920.9459193556768	1415.2516677575857
1921.9468577426965	1387.6984554303133
1922.947796129716	1389.058301807978
1923.9487345167356	1369.5498631101907
1924.949672903755	1327.4784230259113
1925.9506112907748	1327.8216265825822
1926.9515496777942	1335.620590321458
1927.952488064814	1321.2803243684154
1928.9534264518334	1327.2397401662
1929.9543648388528	1337.5784949522558
1930.9553032258725	1370.5279833815623
1931.956241612892	1380.287876757397
1932.9571799999117	1383.5627407963932
1933.9581183869311	1392.7263102776433
1934.9590567739508	1414.8276521145879
1935.9599951609703	1429.308407486013
1936.96093354799	1441.5729006358558
1937.9618719350094	1460.7818087429916
1938.962810322029	1474.4874679508873
1939.9637487090486	1479.406295126712
1940.9646870960682	1494.127193439125
1941.9656254830877	1502.072519658575
1942.9665638701074	1504.4949267503991
1943.9675022571269	1508.9672369400926
1944.9684406441465	1504.6779748454492
1945.969379031166	1499.2995450113026
1946.9703174181855	1507.2696996383215
1947.9712558052051	1482.9399079730326
1948.9721941922246	1462.2520361345958
1949.9731325792443	1472.8816908908934
1950.9740709662638	1473.0562738748974
1951.9750093532834	1484.813240880278
1952.975947740303	1490.7358675914536
1953.9768861273226	1493.3445028550127
1954.977824514342	1484.2553005504053
1955.9787629013617	1469.298560628656
1956.9797012883812	1467.2081683575898
1957.9806396754009	1468.766994688669
1958.9815780624203	1463.0589785203813
1959.98251644944	1462.1842691085026
1960.9834548364595	1476.2336307604855
1961.9843932234792	1487.211592016098
1962.9853316104986	1479.8803215005742
1963.986269997518	1455.3614879115294
1964.9872083845378	1438.604074510694
1965.9881467715572	1422.1446488726044
1966.989085158577	1441.4310573481166
1967.9900235455964	1421.3131085201221
1968.990961932616	1421.230946488039
1969.9919003196355	1430.7712573427266
1970.9928387066552	1423.328546921645
1971.9937770936747	1439.3039053512687
1972.9947154806944	1438.678567099928
1973.9956538677138	1439.4388758539308
1974.9965922547335	1432.9978314188793
1975.997530641753	1442.6536872870058
1976.9984690287727	1449.0358913252062
1977.9994074157921	1456.171179243674
1979.0003458028118	1476.0093552705343
1980.0012841898313	1482.792389661419
1981.0022225768507	1506.1598568627105
1982.0031609638704	1511.9714279462676
1983.0040993508899	1519.1140411848735
1984.0050377379096	1514.4509592915765
