mean fit params E0, Eb, d0	6.1256475728807885e-06	1.4924527464177456e-06	215.0918983107784
mean fit std dev E0, Eb, d0	5.113736276533889e-08	2.7252618788624673e-09	1.9131661655460142
Ex	Ey
15.381243888053682	4989.130366018722
16.382068949639425	4796.3011366957
17.382894011225172	4620.714754571974
18.38371907281092	4500.12411868105
19.384544134396663	4405.941077515013
20.385369195982406	4325.514220045401
21.386194257568153	4257.072876607136
22.3870193191539	4129.273479475806
23.387844380739644	4054.7203291775077
24.388669442325387	3902.6206188687624
25.389494503911134	3822.2464931208883
26.39031956549688	3752.050623807277
27.391144627082625	3701.213919674169
28.391969688668368	3634.542613119742
29.392794750254115	3584.377085442658
30.393619811839862	3547.2307254017755
31.394444873425606	3469.2957407963863
32.39526993501135	3429.859839465139
33.3960949965971	3441.2057428198223
34.39692005818284	3431.546188823144
35.39774511976859	3355.5361911500813
36.39857018135433	3279.6633307557113
37.399395242940074	3249.884147185293
38.400220304525824	3233.1076687782743
39.40104536611157	3177.231914680573
40.40187042769731	3156.4298221282143
41.40269548928306	3102.370487278843
42.403520550868805	3037.5265403580065
43.40434561245455	3010.9926881925558
44.40517067404029	2976.101032044922
45.405995735626036	2923.8250666666636
46.406820797211786	2911.229524359602
47.40764585879753	2942.386872070829
48.40847092038327	2932.795501268539
49.40929598196902	2919.182098031082
50.41012104355477	2902.7284740466403
51.41094610514051	2917.1557183618315
52.411771166726254	2923.0891306845006
53.412596228312005	2905.1480336231048
54.41342128989775	2918.431459530155
55.41424635148349	2892.6801657504975
56.415071413069235	2905.1886549552833
57.41589647465498	2908.0320597932287
58.41672153624073	2936.8804173896606
59.41754659782647	2944.1958634744146
60.418371659412216	2939.467759010122
61.41919672099797	2939.268867142489
62.42002178258371	2905.534613342381
63.42084684416945	2923.6501971515695
64.4216719057552	2966.3589084020737
65.42249696734095	2972.05139155345
66.42332202892669	2959.6700780431083
67.42414709051243	2913.704752451613
68.42497215209818	2915.7051441774443
69.42579721368392	2917.6736001513523
70.42662227526966	2900.7272323324105
71.42744733685541	2875.22703501551
72.42827239844115	2817.0858687979885
73.4290974600269	2773.4085518918464
74.42992252161265	2763.8410470836825
75.4307475831984	2753.3879067028797
76.43157264478414	2726.138793802451
77.4323977063699	2697.434234308085
78.43322276795564	2687.900570874596
79.43404782954138	2673.3412072540395
80.43487289112713	2644.420578066638
81.43569795271287	2622.8190527604784
82.43652301429861	2625.1811166273683
83.43734807588436	2611.6326805363756
84.4381731374701	2571.4008530413753
85.43899819905585	2559.1841250108373
86.43982326064159	2559.8730907469903
87.44064832222733	2572.457089266833
88.44147338381308	2540.0604178118124
89.44229844539882	2520.534627466395
90.44312350698456	2486.4987681460357
91.44394856857033	2458.9650259974846
92.44477363015608	2457.956788676933
93.44559869174182	2447.8394577238982
94.44642375332757	2441.7462773514494
95.44724881491331	2436.403998931691
96.44807387649905	2401.846285566456
97.4488989380848	2397.6623121766625
98.44972399967054	2365.3123078189137
99.45054906125628	2348.102302799828
100.45137412284203	2312.6679572559588
101.45219918442777	2302.870945002957
102.45302424601351	2281.9498960665023
103.45384930759926	2230.026753472992
104.454674369185	2172.393875975674
105.45549943077074	2178.7889776664747
106.45632449235649	2175.1415131333392
107.45714955394226	2210.5173429995125
108.457974615528	2205.300993754158
109.45879967711375	2193.121549424804
110.45962473869949	2183.293402768969
111.46044980028523	2168.3295641395925
112.46127486187098	2189.509722723099
113.46209992345672	2197.1662849279523
114.46292498504246	2225.252429922246
115.4637500466282	2210.314094447394
116.46457510821395	2222.5456840066054
117.4654001697997	2246.226624114999
118.46622523138544	2293.9288702635135
119.46705029297118	2294.2871299407893
120.46787535455692	2314.1851106089184
121.46870041614267	2317.6591891404964
122.46952547772841	2313.2211678281847
123.47035053931418	2331.740067678719
124.47117560089993	2355.9667357530116
125.47200066248567	2363.5895397346317
126.47282572407141	2372.8463211714775
127.47365078565716	2363.6237176769573
128.4744758472429	2375.878182376089
129.47530090882864	2378.6724467877775
130.4761259704144	2378.677586859776
131.47695103200013	2351.533442522134
132.47777609358587	2338.046289140398
133.47860115517162	2343.9234105978126
134.47942621675736	2322.2938194886447
135.4802512783431	2280.660050642214
136.48107633992885	2290.388775503914
137.4819014015146	2290.190598472558
138.48272646310033	2313.7031491304438
139.4835515246861	2311.4058090113676
140.48437658627185	2304.5336203079914
141.4852016478576	2289.393810026582
142.48602670944334	2263.720307345568
143.48685177102908	2258.7934492427676
144.48767683261482	2225.235852161189
145.48850189420057	2200.0894204789083
146.4893269557863	2157.5624503429276
147.49015201737205	2145.1075457059987
148.4909770789578	2126.7657624342073
149.49180214054354	2114.0667574061918
150.49262720212928	2096.9749500464236
151.49345226371503	2111.649156381874
152.4942773253008	2125.81388162378
153.49510238688654	2125.3522489300176
154.4959274484723	2139.517299768967
155.49675251005803	2121.9076663934807
156.49757757164377	2111.7671309295224
157.49840263322952	2109.177626387759
158.49922769481526	2109.9793933065775
159.500052756401	2121.9049325515302
160.50087781798675	2120.0152008840864
161.5017028795725	2126.2846724042743
162.50252794115823	2131.7414647902997
163.50335300274398	2122.211163038937
164.50417806432972	2131.892236044587
165.50500312591547	2129.4219279585127
166.5058281875012	2117.5208791324158
167.50665324908698	2121.8867034622817
168.50747831067272	2122.220657754393
169.50830337225847	2118.053360474436
170.5091284338442	2099.973932385393
171.50995349542995	2112.312818737505
172.5107785570157	2125.7495938100997
173.51160361860144	2137.6151594417274
174.51242868018718	2147.012111503838
175.51325374177293	2135.2232080335357
176.51407880335867	2125.047469361078
177.51490386494442	2122.6699447191413
178.51572892653016	2114.1811154015368
179.5165539881159	2108.977247074368
180.51737904970165	2095.2365943791992
181.5182041112874	2111.0046668140535
182.51902917287313	2144.9482550574885
183.51985423445888	2163.933478649474
184.52067929604465	2170.1651845909732
185.5215043576304	2192.745902000539
186.52232941921613	2165.3414015373114
187.52315448080188	2141.5561520682
188.52397954238762	2144.0752377185972
189.52480460397337	2165.276344647561
190.5256296655591	2189.7880153202264
191.52645472714485	2202.4936006934945
192.5272797887306	2212.9288187119405
193.52810485031634	2217.832057822357
194.52892991190208	2212.67851280222
195.52975497348783	2216.91184308995
196.53058003507357	2201.946305912826
197.5314050966593	2178.0506166217788
198.53223015824506	2161.9194304055873
199.53305521983083	2149.0070470418304
200.53388028141657	2134.9012743156754
201.53470534300232	2107.384275505296
202.53553040458806	2100.979083223764
203.5363554661738	2088.9483564470916
204.53718052775955	2079.772573631416
205.5380055893453	2066.17298867753
206.53883065093103	2038.9147551832928
207.53965571251678	2018.5791526939806
208.54048077410252	2009.7713884308753
209.54130583568826	1989.0625527740274
210.542130897274	1979.3791895226873
211.54295595885975	1973.973889695952
212.5437810204455	1989.1626951700134
213.54460608203124	1998.0253920660314
214.54543114361698	2004.286994059635
215.54625620520272	2013.5848823438141
216.5470812667885	2015.5889843325053
217.54790632837424	1999.2509224492926
218.54873138995998	1989.0781514957398
219.54955645154573	1992.653584613983
220.55038151313147	2000.7399268796996
221.5512065747172	2002.934083995421
222.55203163630296	2038.616545190436
223.5528566978887	2062.4696489479234
224.55368175947444	2054.323198048393
225.5545068210602	2052.8694785152234
226.55533188264593	2058.0552171141753
227.55615694423167	2058.3545924567143
228.55698200581742	2060.132149871831
229.55780706740316	2056.158916444369
230.5586321289889	2057.252918219443
231.55945719057468	2078.7896167532435
232.56028225216042	2094.961601340345
233.56110731374616	2098.9224665348543
234.5619323753319	2106.585715583899
235.56275743691765	2113.0044878685744
236.5635824985034	2119.4114688098452
237.56440756008914	2118.807532487953
238.56523262167488	2114.0053517563183
239.56605768326062	2147.364174899573
240.56688274484637	2152.6650599360146
241.5677078064321	2166.623505466371
242.56853286801785	2170.409866845639
243.5693579296036	2179.4549681679446
244.57018299118934	2172.5306466823263
245.57100805277508	2154.1201818099053
246.57183311436083	2153.776441101172
247.57265817594657	2152.8829958671345
248.57348323753234	2144.4760098228894
249.5743082991181	2139.975391629028
250.57513336070383	2134.504901235285
251.57595842228957	2104.8897211967073
252.57678348387532	2074.5797576404716
253.57760854546106	2047.132526380609
254.5784336070468	2041.5394187190361
255.57925866863255	2007.2287377222908
256.5800837302183	1988.7800038010237
257.580908791804	1972.8508947371458
258.5817338533898	1945.1471757430152
259.5825589149755	1920.735340868664
260.58338397656127	1893.4305248063386
261.584209038147	1862.9603609306316
262.58503409973275	1863.2221310734415
263.5858591613185	1853.3394282184283
264.58668422290424	1831.1102555983753
265.58750928449	1821.132782200557
266.5883343460757	1795.4955828708923
267.5891594076615	1789.5717708436905
268.5899844692472	1765.2731508763811
269.590809530833	1765.8475311143716
270.5916345924187	1804.2361790524567
271.5924596540045	1801.048975584881
272.59328471559024	1818.2806474124548
273.59410977717596	1817.476092702343
274.59493483876173	1820.5521657175425
275.59575990034745	1830.4293119768183
276.5965849619332	1820.8754932620504
277.59741002351893	1810.7266236959333
278.5982350851047	1818.163688028274
279.5990601466904	1817.3273684350736
280.5998852082762	1829.2965759352965
281.6007102698619	1835.4357269272723
282.6015353314477	1829.326192962139
283.6023603930334	1826.8411365709333
284.60318545461917	1808.984631715615
285.6040105162049	1819.008989049428
286.60483557779065	1807.4543600738014
287.60566063937637	1818.4919794873815
288.60648570096214	1815.1971418959752
289.6073107625479	1807.885069703354
290.6081358241336	1817.805498032613
291.6089608857194	1835.288055463782
292.6097859473051	1832.5747991068174
293.6106110088909	1850.9435831800552
294.6114360704766	1866.7096537291902
295.6122611320624	1880.8211408108389
296.6130861936481	1891.6060846854614
297.61391125523386	1885.1260842096597
298.6147363168196	1897.7452910790353
299.61556137840535	1883.0487004074607
300.61638643999106	1886.89903881253
301.61721150157683	1894.6099167445605
302.61803656316255	1878.9000595183072
303.6188616247483	1886.7395224102604
304.6196866863341	1898.103867591012
305.6205117479198	1870.5958588298108
306.6213368095056	1871.9720150307978
307.6221618710913	1868.2742663896
308.62298693267707	1860.6476628610808
309.6238119942628	1856.6124819702306
310.62463705584855	1822.8654169835443
311.62546211743427	1820.864037321885
312.62628717902004	1825.482586393142
313.62711224060575	1808.778725013011
314.6279373021915	1803.9713211970848
315.62876236377724	1802.4559493085164
316.629587425363	1796.4504887870116
317.6304124869487	1787.123789019164
318.6312375485345	1785.5799916852643
319.6320626101203	1778.1296372067477
320.632887671706	1765.730369367884
321.63371273329176	1766.9981211109516
322.6345377948775	1801.1379659072013
323.63536285646325	1796.0576229883752
324.63618791804896	1799.5152780413912
325.63701297963473	1800.721185122177
326.63783804122045	1813.7234093249597
327.6386631028062	1830.7299592087572
328.63948816439193	1839.6141945089455
329.6403132259777	1835.7592034427587
330.6411382875634	1817.8348336492322
331.6419633491492	1815.6211888825983
332.6427884107349	1812.3093364050073
333.6436134723207	1797.1002551335516
334.6444385339064	1817.767671063573
335.64526359549217	1839.8382968263804
336.64608865707794	1818.5703079612924
337.64691371866365	1806.6856236289195
338.6477387802494	1801.919240669512
339.64856384183514	1787.5483609919456
340.6493889034209	1777.5276990805075
341.6502139650066	1761.1057265822842
342.6510390265924	1757.7014826555833
343.6518640881781	1772.0029005882857
344.6526891497639	1762.4814431873779
345.6535142113496	1762.5405082867744
346.6543392729354	1759.2306627138323
347.6551643345211	1747.9510299124254
348.65598939610686	1751.0505345353276
349.6568144576926	1758.2491059224674
350.65763951927835	1772.1010701596908
351.65846458086406	1779.587805025349
352.65928964244983	1786.284509637833
353.6601147040356	1810.3510358252536
354.6609397656213	1813.0866866907147
355.6617648272071	1817.2654364402954
356.6625898887928	1818.615156077754
357.6634149503786	1815.929912821152
358.6642400119643	1836.4057045700235
359.66506507355007	1870.8760453319155
360.6658901351358	1867.2605559889678
361.66671519672155	1846.71053738423
362.66754025830727	1843.6083039633954
363.66836531989304	1844.6407049273007
364.66919038147876	1843.2991804437322
365.67001544306453	1869.917234312059
366.67084050465024	1868.9354697473702
367.671665566236	1873.3495566976665
368.6724906278218	1870.0120470159047
369.6733156894075	1864.8072595608453
370.6741407509933	1850.3727937779136
371.674965812579	1833.5680083053057
372.67579087416476	1829.5192349451647
373.6766159357505	1827.0264254036404
374.67744099733625	1830.788202382753
375.67826605892196	1817.9457235643956
376.67909112050774	1804.5455730570168
377.67991618209345	1790.1885314214458
378.6807412436792	1779.746627164347
379.68156630526494	1780.661003506021
380.6823913668507	1789.6932606911334
381.6832164284364	1793.831200298736
382.6840414900222	1797.1997723180161
383.68486655160797	1791.2802857142121
384.6856916131937	1778.6257841943818
385.68651667477945	1770.249946132359
386.68734173636517	1752.3777635495828
387.68816679795094	1736.933776423274
388.68899185953666	1711.2541689906313
389.68981692112243	1704.4963463151166
390.69064198270814	1721.2382639749032
391.6914670442939	1727.9486888590943
392.69229210587963	1718.4220939488482
393.6931171674654	1723.189812368102
394.6939422290511	1729.2571114985517
395.6947672906369	1741.4940671880736
396.6955923522226	1754.3633386127392
397.6964174138084	1749.5002323457218
398.6972424753941	1762.038184428934
399.69806753697986	1773.4663382124645
400.69889259856564	1776.4815454730333
401.69971766015135	1788.722490428607
402.7005427217371	1798.9089728715178
403.70136778332284	1791.4283296513186
404.7021928449086	1798.1536379840209
405.7030179064943	1808.1105130642325
406.7038429680801	1804.8950869628118
407.7046680296658	1805.172278372279
408.7054930912516	1798.9304006401062
409.7063181528373	1793.859677087784
410.70714321442307	1794.6569187441164
411.7079682760088	1807.4928586394728
412.70879333759456	1817.3281997910633
413.7096183991803	1828.3096075220687
414.71044346076604	1825.4222721689598
415.71126852235176	1810.8921858718309
416.71209358393753	1805.5196282729416
417.7129186455233	1791.513371509024
418.713743707109	1770.8751516871694
419.7145687686948	1741.9423737127013
420.7153938302805	1724.4708429310906
421.7162188918663	1717.1160193610406
422.717043953452	1713.3124715006247
423.71786901503776	1691.949283065348
424.7186940766235	1693.6278571423202
425.71951913820925	1701.0232946136275
426.72034419979497	1705.4472180483635
427.72116926138074	1721.2784531386728
428.72199432296645	1731.3860416016776
429.7228193845522	1738.119118528921
430.72364444613794	1742.0551338787748
431.7244695077237	1737.5723249560453
432.7252945693095	1761.7313947281664
433.7261196308952	1775.9603701228314
434.72694469248097	1765.301413938177
435.7277697540667	1766.6638271446418
436.72859481565246	1765.9855656615653
437.7294198772382	1788.5743007386127
438.73024493882394	1811.5775469051453
439.73107000040966	1814.6597958627194
440.73189506199543	1817.6728524061464
441.73272012358115	1810.9615384983629
442.7335451851669	1806.924611933755
443.73437024675263	1811.345061612657
444.7351953083384	1829.062689986842
445.7360203699241	1856.3360680057208
446.7368454315099	1861.109909452701
447.73767049309566	1854.4328037416885
448.7384955546814	1859.4226646922586
449.73932061626715	1853.8022016470293
450.74014567785287	1828.647957394845
451.74097073943864	1810.8430969518267
452.74179580102435	1811.4049033336782
453.7426208626101	1812.6585846719124
454.74344592419584	1803.3120309188025
455.7442709857816	1799.503996347878
456.7450960473673	1807.5722880688197
457.7459211089531	1816.4749322631742
458.7467461705388	1827.0696517228446
459.7475712321246	1820.6906263120702
460.7483962937103	1813.0192190934931
461.7492213552961	1810.3742366434085
462.7500464168818	1806.0623517501172
463.75087147846756	1821.2168661895623
464.75169654005333	1825.5811788613607
465.75252160163905	1824.43209071571
466.7533466632248	1815.7415158284814
467.75417172481053	1801.0859412075079
468.7549967863963	1818.2819310059651
469.755821847982	1828.5029968057913
470.7566469095678	1830.251065198104
471.7574719711535	1827.8637130616585
472.7582970327393	1815.3224022784275
473.759122094325	1788.3960459080683
474.75994715591077	1783.0154539206458
475.7607722174965	1777.8209695190599
476.76159727908225	1784.4052889889583
477.76242234066797	1779.1238644444973
478.76324740225374	1763.4976734621846
479.76407246383945	1757.5859620806848
480.7648975254252	1753.4634690203438
481.765722587011	1739.1653528483837
482.7665476485967	1729.879896917981
483.7673727101825	1727.9562323213174
484.7681977717682	1728.831619679101
485.769022833354	1736.4280419995546
486.7698478949397	1738.9842897815784
487.77067295652546	1730.8272881271241
488.7714980181112	1737.2006503969117
489.77232307969695	1732.9094601200459
490.77314814128266	1717.0698955217154
491.77397320286843	1710.4316922770247
492.77479826445415	1710.7183387624937
493.7756233260399	1720.7837712233033
494.77644838762563	1724.0518480264834
495.7772734492114	1735.2077205869566
496.7780985107972	1748.922650987165
497.7789235723829	1752.2884650483013
498.77974863396867	1759.9293223923405
499.7805736955544	1779.180976248334
500.78139875714015	1779.6613625009134
501.78222381872587	1787.9745066697815
502.78304888031164	1792.9664996263887
503.78387394189735	1798.406688042294
504.7846990034831	1792.6651905032888
505.78552406506884	1790.6343061625637
506.7863491266546	1777.165033836839
507.78717418824033	1756.2742735330846
508.7879992498261	1736.3127920860074
509.7888243114118	1722.74103427501
510.7896493729976	1711.894746536523
511.79047443458336	1705.3970781506443
512.791299496169	1701.5507640218727
513.7921245577548	1708.3541458426214
514.7929496193406	1707.7147302834394
515.7937746809263	1698.625251516198
516.794599742512	1698.0212526325467
517.7954248040978	1701.6586193335338
518.7962498656835	1690.1678581776525
519.7970749272693	1686.0989296200091
520.797899988855	1685.128821573043
521.7987250504408	1679.660819425641
522.7995501120265	1681.4905729507097
523.8003751736122	1685.2517851155603
524.8012002351979	1693.5742187357405
525.8020252967838	1685.9581850670975
526.8028503583695	1679.733677546509
527.8036754199552	1669.7056905821569
528.8045004815409	1666.7739585783918
529.8053255431267	1672.734165695574
530.8061506047125	1695.3521983166797
531.8069756662982	1697.3991407360973
532.8078007278839	1704.7586780883296
533.8086257894697	1719.5639826989398
534.8094508510554	1739.5457574389357
535.8102759126411	1750.0732305402748
536.8111009742269	1755.4658131036094
537.8119260358127	1749.816887214984
538.8127510973984	1737.8408773810615
539.8135761589841	1722.7555962461504
540.8144012205698	1720.3848640588747
541.8152262821557	1721.4188050070509
542.8160513437414	1720.884499193713
543.8168764053271	1714.7984267197944
544.8177014669129	1716.9944037029074
545.8185265284986	1720.5973990531493
546.8193515900844	1713.2025615518871
547.8201766516701	1718.7005738074433
548.8210017132559	1726.7709620106182
549.8218267748416	1725.2427698912763
550.8226518364273	1718.9320434943784
551.823476898013	1721.1199293212474
552.8243019595989	1717.9437711079631
553.8251270211846	1715.726641620111
554.8259520827703	1714.9634844706857
555.826777144356	1718.0835003665825
556.8276022059418	1718.1871338416952
557.8284272675276	1710.3566222074205
558.8292523291133	1689.9221477986955
559.830077390699	1671.2774174711574
560.8309024522848	1647.893175557129
561.8317275138705	1640.9545325506815
562.8325525754562	1635.5817552687402
563.8333776370421	1635.752966146927
564.8342026986278	1637.8541463228107
565.8350277602135	1645.7137034974157
566.8358528217992	1638.093121034838
567.836677883385	1635.6022193201084
568.8375029449708	1630.9381694853728
569.8383280065565	1625.915842865398
570.8391530681422	1611.9031757238872
571.839978129728	1602.5027471800001
572.8408031913137	1598.8058633703233
573.8416282528995	1604.46672677563
574.8424533144852	1600.138319574316
575.843278376071	1604.0633837415753
576.8441034376567	1615.5889825309469
577.8449284992424	1616.0036569349095
578.8457535608283	1633.177706328904
579.846578622414	1648.8491327492422
580.8474036839997	1655.7010952407934
581.8482287455854	1659.9375532543274
582.8490538071712	1663.6183156046864
583.849878868757	1667.9518757947478
584.8507039303427	1669.07852768431
585.8515289919284	1665.7009758370828
586.8523540535142	1669.342409839343
587.8531791150999	1691.4403433792995
588.8540041766856	1710.5300567481474
589.8548292382713	1720.0371467634413
590.8556542998572	1727.567172762856
591.8564793614429	1725.7012596068816
592.8573044230286	1723.4845020632092
593.8581294846144	1732.1606628983457
594.8589545462002	1742.1242239837445
595.8597796077859	1750.7634834022688
596.8606046693716	1757.0417145942959
597.8614297309574	1759.8939749241122
598.8622547925431	1757.0787308546442
599.8630798541288	1769.3457855187028
600.8639049157146	1779.6361555594062
601.8647299773004	1781.9371970280663
602.8655550388861	1771.9599929393978
603.8663801004718	1763.0828544258798
604.8672051620575	1765.1523115229313
605.8680302236434	1755.1720150079332
606.8688552852291	1745.122504161563
607.8696803468148	1743.673779407084
608.8705054084006	1744.9060388319258
609.8713304699863	1752.4133090503055
610.872155531572	1762.8978674880368
611.8729805931578	1768.549889067727
612.8738056547436	1768.3558365479123
613.8746307163293	1763.5969136252659
614.875455777915	1755.1505592000462
615.8762808395007	1740.4980295339471
616.8771059010866	1727.5684657154047
617.8779309626723	1708.8161477650783
618.878756024258	1708.3960767773492
619.8795810858437	1709.4639729949997
620.8804061474295	1716.3132836141244
621.8812312090153	1725.127258191862
622.882056270601	1728.7239291543574
623.8828813321868	1733.7277480991402
624.8837063937725	1733.938172266586
625.8845314553582	1728.8766762841203
626.885356516944	1725.278641092651
627.8861815785298	1723.8534867117144
628.8870066401155	1725.549176860009
629.8878317017012	1717.4474420622635
630.8886567632869	1720.3196486106651
631.8894818248727	1725.802157571257
632.8903068864585	1739.5833663510916
633.8911319480442	1744.3153291217086
634.8919570096299	1734.6144561272588
635.8927820712157	1736.8029100856163
636.8936071328014	1736.8030475732508
637.8944321943872	1724.7907736597688
638.8952572559729	1706.5661145336633
639.8960823175587	1690.4664699592608
640.8969073791444	1682.084890586133
641.8977324407301	1675.927230933284
642.898557502316	1666.6358767187385
643.8993825639017	1654.097636266971
644.9002076254874	1651.4748418863392
645.9010326870731	1641.8781044160667
646.9018577486589	1621.5954923237925
647.9026828102446	1614.007713410007
648.9035078718304	1605.2028485795145
649.9043329334161	1607.1303504721088
650.9051579950019	1614.1314075659554
651.9059830565876	1613.0512447364438
652.9068081181733	1614.8401372413991
653.907633179759	1613.3863547345316
654.9084582413449	1619.4028606529582
655.9092833029306	1612.027419252427
656.9101083645163	1599.199186555635
657.9109334261021	1592.0107315971306
658.9117584876878	1589.3631668483558
659.9125835492736	1584.7697110451818
660.9134086108593	1580.127026857062
661.9142336724451	1571.8958384965624
662.9150587340308	1570.73008741842
663.9158837956165	1585.4117550374892
664.9167088572023	1601.7246395879263
665.9175339187881	1613.1364574625202
666.9183589803738	1634.0579058293781
667.9191840419595	1652.644054897549
668.9200091035452	1665.3316041360758
669.920834165131	1666.6018954776025
670.9216592267168	1657.298302942647
671.9224842883025	1657.4455336076883
672.9233093498883	1655.459228469597
673.924134411474	1647.1799462992549
674.9249594730597	1651.1645167899842
675.9257845346455	1662.8220363599428
676.9266095962313	1661.930941636006
677.927434657817	1655.5764101491814
678.9282597194027	1647.8677222075646
679.9290847809884	1652.1351260833057
680.9299098425743	1662.362477355351
681.93073490416	1670.5188184295105
682.9315599657457	1672.0564227861826
683.9323850273314	1669.6204011992227
684.9332100889172	1661.003512215093
685.934035150503	1659.4892107440344
686.9348602120887	1655.8625494405132
687.9356852736744	1642.5941198868236
688.9365103352602	1632.3921987930541
689.9373353968459	1628.8085244918072
690.9381604584316	1617.7546893318477
691.9389855200175	1610.7118965273633
692.9398105816032	1602.2612072001336
693.9406356431889	1595.4898570259802
694.9414607047746	1587.1602840255164
695.9422857663604	1580.435986094392
696.9431108279462	1594.5038454165435
697.9439358895319	1607.668925658489
698.9447609511176	1609.5190544702039
699.9455860127034	1605.506459202659
700.9464110742891	1610.1833356840114
701.9472361358748	1616.4554098660608
702.9480611974606	1620.6968943848292
703.9488862590464	1630.370321707619
704.9497113206321	1642.3228423214368
705.9505363822178	1655.651290072032
706.9513614438036	1668.6726178434278
707.9521865053894	1666.5762208582764
708.9530115669751	1669.6482176928823
709.9538366285608	1669.3374094541784
710.9546616901466	1671.2900975087593
711.9554867517323	1673.044634450669
712.956311813318	1665.2763901897342
713.9571368749038	1661.1817868469864
714.9579619364896	1657.5890378912504
715.9587869980753	1655.0834147987223
716.959612059661	1648.3835496293816
717.9604371212467	1640.9551577426832
718.9612621828326	1631.1658827119247
719.9620872444183	1627.336948350932
720.962912306004	1632.1196559131115
721.9637373675898	1627.5941196433903
722.9645624291755	1626.5109861845478
723.9653874907613	1629.8399053970134
724.966212552347	1631.9316756744115
725.9670376139328	1627.2675504166666
726.9678626755185	1609.8336568920543
727.9686877371042	1604.4155219999218
728.96951279869	1597.3742063999568
729.9703378602758	1586.922874288336
730.9711629218615	1577.7413943577972
731.9719879834472	1581.3167240503826
732.9728130450329	1592.7644437033584
733.9736381066188	1602.9393206193652
734.9744631682045	1613.4442125258267
735.9752882297902	1627.2096923820604
736.976113291376	1629.7106670926898
737.9769383529617	1625.4851605581737
738.9777634145474	1621.6978844141795
739.9785884761332	1621.9990488048452
740.979413537719	1627.8303738589357
741.9802385993047	1634.9422209380884
742.9810636608904	1647.615242681542
743.9818887224761	1646.2670639834853
744.982713784062	1635.481559823477
745.9835388456477	1625.107596962673
746.9843639072334	1625.359125486201
747.9851889688191	1624.8338624572282
748.9860140304049	1614.5714901964873
749.9868390919906	1605.5268126022472
750.9876641535764	1608.7570752764243
751.9884892151622	1619.0211936552269
752.9893142767479	1617.366904020915
753.9901393383336	1620.73192522417
754.9909643999193	1628.6481742872368
755.9917894615052	1643.0217611836504
756.9926145230909	1655.3688175499374
757.9934395846766	1652.0519639244742
758.9942646462623	1643.004788069123
759.9950897078481	1629.4737165634228
760.9959147694339	1621.2698007567685
761.9967398310196	1622.1180985017984
762.9975648926053	1631.4845692433212
763.9983899541911	1646.4430895027933
764.9992150157768	1657.2611373880625
766.0000400773625	1660.6441780797106
767.0008651389483	1664.6474882432963
768.0016902005341	1664.44147298459
769.0025152621198	1656.1653870331784
770.0033403237055	1654.1852345254003
771.0041653852913	1658.0399392953975
772.0049904468771	1657.358558380069
773.0058155084628	1657.9267000111088
774.0066405700485	1661.2290094382022
775.0074656316343	1662.6367606693348
776.00829069322	1664.9811212790094
777.0091157548057	1662.6768230812108
778.0099408163915	1653.090773515478
779.0107658779773	1645.3000296363318
780.011590939563	1637.4721884570383
781.0124160011487	1624.3583370614272
782.0132410627344	1618.8966303247055
783.0140661243203	1616.5745171908216
784.014891185906	1608.075897598192
785.0157162474917	1588.0598025767697
786.0165413090775	1575.4964308982428
787.0173663706632	1576.8356787182709
788.018191432249	1568.358886562405
789.0190164938347	1556.585415841343
790.0198415554205	1547.355319557503
791.0206666170062	1535.9303867757094
792.0214916785919	1530.698908199857
793.0223167401776	1522.7341012114266
794.0231418017635	1526.518772027341
795.0239668633492	1538.0978025797037
796.0247919249349	1533.320583806237
797.0256169865206	1528.6315287879142
798.0264420481064	1518.9757758210483
799.0272671096922	1513.0360428053184
800.0280921712779	1511.7618134723705
801.0289172328637	1511.4985385660364
802.0297422944494	1510.8142332422835
803.0305673560351	1503.6003298786754
804.0313924176209	1490.7928783074453
805.0322174792067	1480.0700986406835
806.0330425407924	1482.4700228924235
807.0338676023781	1489.7316881835852
808.0346926639638	1492.662498349124
809.0355177255497	1495.3409736135086
810.0363427871354	1493.509268431091
811.0371678487211	1497.5697310833225
812.0379929103068	1501.8709499831705
813.0388179718926	1511.6145012916365
814.0396430334783	1526.8058840504827
815.040468095064	1539.0197265991083
816.0412931566498	1540.6597436555942
817.0421182182356	1542.8658701988145
818.0429432798213	1546.0490227484831
819.043768341407	1559.315007385961
820.0445934029929	1576.7340506787896
821.0454184645786	1592.4206532357414
822.0462435261643	1597.3494181506057
823.04706858775	1607.9268467391319
824.0478936493358	1608.0624076632678
825.0487187109215	1618.2231383773978
826.0495437725073	1632.478468583685
827.050368834093	1632.443519629911
828.0511938956788	1630.0513439007673
829.0520189572645	1614.6008604911333
830.0528440188502	1609.171094119749
831.053669080436	1618.9613705564511
832.0544941420218	1624.0703093095663
833.0553192036075	1605.0031919239723
834.0561442651932	1584.6941632658402
835.056969326779	1566.9581784430402
836.0577943883648	1561.94243004658
837.0586194499505	1560.9342947488644
838.0594445115362	1558.691702959837
839.060269573122	1555.7492292201387
840.0610946347077	1564.2793625596244
841.0619196962934	1568.2699747208394
842.0627447578792	1563.7526397432282
843.063569819465	1556.267504572932
844.0643948810507	1553.1991329841303
845.0652199426364	1561.534600524052
846.0660450042221	1559.298819383461
847.066870065808	1563.5616597744774
848.0676951273937	1567.9026419296977
849.0685201889794	1567.3937978960305
850.0693452505652	1583.4513674289685
851.0701703121509	1600.2234724526468
852.0709953737367	1595.8714109256669
853.0718204353224	1584.1978946562615
854.0726454969082	1584.2409003446614
855.0734705584939	1587.7956827545077
856.0742956200796	1593.2278424670815
857.0751206816653	1595.3420036736354
858.0759457432512	1589.7442072970157
859.0767708048369	1581.4786792907566
860.0775958664226	1565.868155857309
861.0784209280083	1556.3376227540891
862.0792459895941	1564.3288380882552
863.0800710511799	1567.8997348206863
864.0808961127656	1553.8298877403051
865.0817211743514	1536.8247899040994
866.0825462359371	1528.6371562348877
867.0833712975228	1530.2833366179264
868.0841963591085	1533.4634169323747
869.0850214206944	1542.1991362470417
870.0858464822801	1556.967060433547
871.0866715438658	1565.9950366476278
872.0874966054515	1574.8570942862975
873.0883216670373	1577.9411824077786
874.0891467286231	1569.1556053501745
875.0899717902088	1563.1839036453637
876.0907968517945	1565.3677684768
877.0916219133803	1567.2656373014086
878.092446974966	1573.7868281150122
879.0932720365518	1581.9645039613165
880.0940970981376	1603.9394496943376
881.0949221597233	1619.576099609144
882.095747221309	1619.933682124353
883.0965722828947	1605.9552808203684
884.0973973444806	1600.615995169637
885.0982224060663	1602.5759789360786
886.099047467652	1609.8610590019543
887.0998725292377	1618.7864690765573
888.1006975908235	1627.8076883031456
889.1015226524092	1621.154105779815
890.102347713995	1613.9975648927289
891.1031727755807	1606.2687423557045
892.1039978371665	1601.374948665523
893.1048228987522	1605.917254096626
894.1056479603379	1616.9661863826125
895.1064730219236	1622.4447059579238
896.1072980835095	1621.7839709063458
897.1081231450952	1627.634850625476
898.1089482066809	1631.8583540587208
899.1097732682667	1645.248466344022
900.1105983298525	1663.456729609065
901.1114233914382	1672.8277671313551
902.1122484530239	1674.7404152221416
903.1130735146097	1673.7288180515513
904.1138985761954	1672.836935335987
905.1147236377811	1667.7746678866783
906.1155486993669	1661.4869023237677
907.1163737609527	1656.3984104785093
908.1171988225384	1653.4281373446463
909.1180238841241	1654.3450859314962
910.1188489457098	1655.9926463050126
911.1196740072957	1659.9040284537973
912.1204990688814	1653.9702154975416
913.1213241304671	1640.0685538091118
914.1221491920529	1623.4451345610614
915.1229742536386	1614.1595130648052
916.1237993152243	1610.5119884349403
917.1246243768101	1605.563883388809
918.1254494383959	1608.8764714691492
919.1262744999816	1613.76605056809
920.1270995615673	1609.2044619242388
921.127924623153	1604.3172813044146
922.1287496847389	1595.4452194732398
923.1295747463246	1590.757114532618
924.1303998079103	1590.1552042228298
925.131224869496	1593.7071284784317
926.1320499310818	1599.5155105216822
927.1328749926676	1597.86663082495
928.1337000542533	1599.0542196983622
929.1345251158391	1598.59156043797
930.1353501774248	1603.9431739785916
931.1361752390105	1606.3090873133256
932.1370003005962	1598.8413243579116
933.1378253621821	1599.1137421677684
934.1386504237678	1592.8985848074676
935.1394754853535	1590.056677150359
936.1403005469392	1589.399936432865
937.141125608525	1592.7659023908625
938.1419506701108	1599.5219456675068
939.1427757316965	1601.531914335378
940.1436007932822	1600.006109428523
941.144425854868	1603.4568867906794
942.1452509164537	1590.7004291536382
943.1460759780394	1573.5082234981771
944.1469010396252	1563.259529206107
945.147726101211	1557.8002480835285
946.1485511627967	1545.4989704546624
947.1493762243824	1533.5150687446037
948.1502012859683	1519.5966927252364
949.151026347554	1506.8746278187664
950.1518514091397	1501.5802516143833
951.1526764707254	1509.0519154196938
952.1535015323112	1512.6125999412163
953.1543265938969	1505.2559251026642
954.1551516554827	1496.5674808876477
955.1559767170684	1494.2940013038603
956.1568017786542	1495.3650251512272
957.1576268402399	1497.803505342531
958.1584519018256	1498.9058127966807
959.1592769634113	1503.9621094259273
960.1601020249972	1513.851256666027
961.1609270865829	1513.7611029464094
962.1617521481686	1510.867728206852
963.1625772097544	1503.5261404960766
964.1634022713401	1510.1694588749285
965.1642273329259	1503.3149698376594
966.1650523945116	1495.594276414688
967.1658774560974	1496.9670253541256
968.1667025176831	1509.222709589385
969.1675275792688	1521.695868176755
970.1683526408546	1535.3054250354187
971.1691777024404	1541.1995957592267
972.1700027640261	1548.343894501845
973.1708278256118	1546.0190941005324
974.1716528871975	1540.218730721129
975.1724779487834	1548.981109241332
976.1733030103691	1567.8391603521404
977.1741280719548	1573.6153402867158
978.1749531335406	1580.1824154365552
979.1757781951263	1580.2180382077424
980.176603256712	1571.424900322641
981.1774283182978	1580.2077707794335
982.1782533798836	1600.1588614726916
983.1790784414693	1605.8911895400627
984.179903503055	1599.264846475779
985.1807285646407	1581.8237114886606
986.1815536262266	1572.9208563624907
987.1823786878123	1575.2663765200616
988.183203749398	1567.0492329110089
989.1840288109837	1561.7331432743038
990.1848538725695	1559.6445063285319
991.1856789341552	1561.0906032807504
992.186503995741	1551.8352439311589
993.1873290573268	1542.6010635081057
994.1881541189125	1532.0407796982813
995.1889791804982	1529.7367392266717
996.1898042420839	1522.2812521735152
997.1906293036698	1507.8809403443263
998.1914543652555	1499.73741274556
999.1922794268412	1497.9373479518192
1000.1931044884269	1496.2301522275245
1001.1939295500127	1492.7280372234654
1002.1947546115985	1489.8942777743312
1003.1955796731842	1486.9782440753163
1004.1964047347699	1478.4909061208812
1005.1972297963557	1474.0071121528238
1006.1980548579414	1483.2420937204763
1007.1988799195271	1493.2804825817725
1008.199704981113	1502.9695086561424
1009.2005300426987	1520.4685588821276
1010.2013551042844	1537.2558828211909
1011.2021801658701	1539.4921353871075
1012.203005227456	1553.784335428319
1013.2038302890417	1568.7975527796225
1014.2046553506274	1586.1921610804063
1015.2054804122131	1590.1921158486748
1016.2063054737989	1590.5006905740172
1017.2071305353846	1597.525241800704
1018.2079555969704	1610.761993494314
1019.2087806585561	1615.7865883134168
1020.2096057201419	1623.390330470018
1021.2104307817276	1616.9105436409468
1022.2112558433133	1606.7819809288078
1023.212080904899	1598.261455024587
1024.2129059664849	1591.6295924130625
1025.2137310280707	1581.8647559958602
1026.2145560896563	1580.0600013314604
1027.2153811512421	1586.2235679631926
1028.216206212828	1584.962215048621
1029.2170312744136	1574.7326786076287
1030.2178563359994	1565.3907485574402
1031.2186813975852	1564.957646778794
1032.2195064591708	1562.318836205632
1033.2203315207566	1554.09500334089
1034.2211565823422	1541.576783611059
1035.221981643928	1533.4743957515207
1036.222806705514	1538.6273574636703
1037.2236317670995	1546.875679486968
1038.2244568286853	1550.1644877667416
1039.2252818902712	1558.1982402991441
1040.2261069518568	1569.4835750105597
1041.2269320134426	1580.6337854044687
1042.2277570750282	1578.474939875481
1043.228582136614	1574.1140531077779
1044.2294071981999	1567.1088055088514
1045.2302322597855	1569.7072060493024
1046.2310573213713	1568.9174573759442
1047.2318823829569	1568.261137983119
1048.2327074445427	1570.6385727633992
1049.2335325061285	1577.2415150538734
1050.2343575677141	1575.6735157441237
1051.2351826293	1576.6489407890165
1052.2360076908858	1567.8178696138632
1053.2368327524714	1551.7440007000848
1054.2376578140572	1545.5217122356353
1055.2384828756428	1538.698440293361
1056.2393079372287	1523.0494337389423
1057.2401329988145	1520.6827947948273
1058.2409580604	1521.7023132533197
1059.241783121986	1517.5934523324179
1060.2426081835717	1509.185754248968
1061.2434332451573	1496.1471521845808
1062.2442583067432	1490.3488171123095
1063.245083368329	1495.6573074386388
1064.2459084299146	1497.9317673379444
1065.2467334915004	1493.4817020322134
1066.247558553086	1493.650513976179
1067.2483836146719	1500.2846157264705
1068.2492086762577	1511.1178324659286
1069.2500337378433	1517.4635620510169
1070.2508587994291	1519.7488018289537
1071.251683861015	1522.6839456024863
1072.2525089226006	1525.300821117967
1073.2533339841864	1526.3373544351164
1074.2541590457722	1518.3145428757523
1075.2549841073578	1511.0116398720174
1076.2558091689436	1515.248203137149
1077.2566342305292	1520.1039470863223
1078.257459292115	1524.2032530487859
1079.258284353701	1528.5335226332247
1080.2591094152865	1525.572649321579
1081.2599344768723	1518.4236995602428
1082.2607595384582	1506.9776623074222
1083.2615846000438	1501.2838382944622
1084.2624096616296	1497.5325131608683
1085.2632347232152	1501.1731880023508
1086.264059784801	1510.467606883093
1087.2648848463868	1521.5740209285086
1088.2657099079725	1530.4775430634388
1089.2665349695583	1530.5204749955851
1090.267360031144	1525.0495825854969
1091.2681850927297	1525.5469735993258
1092.2690101543155	1529.4569807798696
1093.2698352159014	1535.611552037327
1094.270660277487	1539.8212761723732
1095.2714853390728	1542.7991907650426
1096.2723104006584	1538.0981254230796
1097.2731354622442	1539.0242417207637
1098.27396052383	1537.9361190182858
1099.2747855854157	1541.6837801846198
1100.2756106470015	1544.2018688662597
1101.2764357085873	1542.522577312014
1102.277260770173	1538.864497678869
1103.2780858317587	1534.5468799243313
1104.2789108933443	1536.7121953074877
1105.2797359549302	1533.353455959101
1106.280561016516	1529.0329612779458
1107.2813860781016	1531.652286955017
1108.2822111396874	1530.6609267924491
1109.2830362012733	1541.3046254539975
1110.2838612628589	1547.9420786881237
1111.2846863244447	1541.018110923611
1112.2855113860305	1539.9232315863505
1113.2863364476161	1530.3977650369789
1114.287161509202	1523.3398765314319
1115.2879865707876	1521.6950854060137
1116.2888116323734	1522.1053878541397
1117.2896366939592	1526.5138701209137
1118.2904617555448	1538.48161424528
1119.2912868171306	1540.8626524722515
1120.2921118787165	1538.7544524842153
1121.292936940302	1532.5004449656765
1122.293762001888	1527.0828156331745
1123.2945870634737	1531.701176795387
1124.2954121250593	1535.9666316429307
1125.2962371866452	1528.613200160443
1126.2970622482308	1519.5500681515837
1127.2978873098166	1500.9210552052157
1128.2987123714024	1496.2931797506988
1129.299537432988	1490.8133457125712
1130.3003624945738	1484.935102771315
1131.3011875561597	1476.5658619412573
1132.3020126177453	1471.0528131991173
1133.302837679331	1462.4829989257285
1134.3036627409167	1449.1447429625227
1135.3044878025025	1447.9303758383608
1136.3053128640884	1449.8652634946448
1137.306137925674	1451.8501527731803
1138.3069629872598	1451.2646098795997
1139.3077880488456	1449.3746780713695
1140.3086131104312	1462.2958401128851
1141.309438172017	1468.6662697602912
1142.3102632336029	1471.0696245349568
1143.3110882951885	1482.0701072051268
1144.3119133567743	1487.023210181868
1145.31273841836	1488.8999560796192
1146.3135634799457	1490.3327850638973
1147.3143885415316	1498.0855801721088
1148.3152136031172	1501.228832691932
1149.316038664703	1507.4039263511258
1150.3168637262888	1507.308629722819
1151.3176887878744	1511.3751586425735
1152.3185138494603	1510.5865911380238
1153.319338911046	1502.3045808816205
1154.3201639726317	1497.2544438976047
1155.3209890342175	1491.646372986674
1156.3218140958031	1486.4030073756664
1157.322639157389	1491.3365060198944
1158.3234642189748	1492.543904813011
1159.3242892805604	1498.4534034701187
1160.3251143421462	1509.8340471532117
1161.325939403732	1514.3487014136426
1162.3267644653176	1514.6190485015225
1163.3275895269035	1519.131885732346
1164.328414588489	1520.6202155986352
1165.329239650075	1518.370017156711
1166.3300647116607	1515.0468463273476
1167.3308897732463	1514.7048689330861
1168.3317148348322	1514.4555500170004
1169.332539896418	1511.0225256403655
1170.3333649580036	1510.6665644635152
1171.3341900195894	1516.929193934662
1172.3350150811752	1513.6337022641408
1173.3358401427608	1509.3676531410222
1174.3366652043467	1508.4212354430895
1175.3374902659323	1510.4711911991874
1176.338315327518	1505.7223596851873
1177.339140389104	1494.8474085861353
1178.3399654506895	1488.841453335831
1179.3407905122754	1488.5919490852068
1180.3416155738612	1495.4679826332097
1181.3424406354468	1498.266963904253
1182.3432656970326	1508.3676776412565
1183.3440907586182	1516.815385322581
1184.344915820204	1514.7283694708997
1185.3457408817899	1511.1398291965565
1186.3465659433755	1505.7355551971648
1187.3473910049613	1508.2831528638587
1188.3482160665471	1518.4603196341009
1189.3490411281327	1532.3347373736744
1190.3498661897186	1548.38678278213
1191.3506912513044	1560.468980975715
1192.35151631289	1569.1658837622094
1193.3523413744758	1575.156218871303
1194.3531664360614	1571.781334639055
1195.3539914976473	1571.9030941009016
1196.354816559233	1575.4280170031618
1197.3556416208187	1575.6119592919374
1198.3564666824045	1581.6324440918822
1199.3572917439903	1582.3512137591918
1200.358116805576	1576.5558767758432
1201.3589418671618	1575.2806356225026
1202.3597669287476	1570.926496395998
1203.3605919903332	1557.8293067289892
1204.361417051919	1541.8607561879555
1205.3622421135046	1523.110182980553
1206.3630671750905	1510.7224930328798
1207.3638922366763	1498.3219598928995
1208.364717298262	1483.0418799703227
1209.3655423598477	1469.7687128183409
1210.3663674214336	1461.7205100822646
1211.3671924830192	1454.1306424691406
1212.368017544605	1444.6428680285123
1213.3688426061906	1437.3633527603806
1214.3696676677764	1442.3195102966374
1215.3704927293622	1438.374730964308
1216.3713177909478	1430.7295404952038
1217.3721428525337	1426.510711641391
1218.3729679141195	1428.0889833453534
1219.373792975705	1426.3826816339508
1220.374618037291	1424.905520819989
1221.3754430988768	1436.6234002615852
1222.3762681604624	1444.9261719397698
1223.3770932220482	1456.8718101632371
1224.3779182836338	1466.2744336540145
1225.3787433452196	1467.6331476735618
1226.3795684068054	1472.8537217779863
1227.380393468391	1473.8342053219708
1228.3812185299769	1476.570698550631
1229.3820435915627	1486.4655041480275
1230.3828686531483	1497.5169291121313
1231.3836937147341	1510.8260623747028
1232.38451877632	1518.3959837135783
1233.3853438379056	1517.7396499549434
1234.3861688994914	1518.0079620795668
1235.386993961077	1523.1726785097012
1236.3878190226628	1523.5538640980847
1237.3886440842487	1513.9212418103682
1238.3894691458343	1505.265594935562
1239.39029420742	1500.0137466559343
1240.391119269006	1502.4696567588142
1241.3919443305915	1507.2995791841136
1242.3927693921773	1509.508394012379
1243.393594453763	1508.0772694616412
1244.3944195153488	1498.5986266170862
1245.3952445769346	1492.9129573308269
1246.3960696385202	1490.5642832953586
1247.396894700106	1484.8572945707074
1248.3977197616919	1483.0674171784021
1249.3985448232775	1479.6235296778846
1250.3993698848633	1472.7312465212058
1251.4001949464491	1461.501854324793
1252.4010200080347	1459.5429364589638
1253.4018450696205	1462.126379779985
1254.4026701312062	1465.5828703452785
1255.403495192792	1462.2301200742593
1256.4043202543778	1460.554425529956
1257.4051453159634	1467.3105121369338
1258.4059703775492	1471.0094710168967
1259.406795439135	1474.9247749540382
1260.4076205007207	1480.8308275464956
1261.4084455623065	1486.705648604188
1262.409270623892	1497.643789268421
1263.410095685478	1503.2654889347693
1264.4109207470638	1502.4651526887078
1265.4117458086494	1501.637034142738
1266.4125708702352	1507.1407666823827
1267.413395931821	1507.659871274541
1268.4142209934066	1501.3538552948305
1269.4150460549924	1490.5392368285554
1270.4158711165783	1483.3254541142649
1271.4166961781639	1482.3689523889161
1272.4175212397497	1485.6046400473244
1273.4183463013353	1484.888311354018
1274.4191713629211	1480.1384940998093
1275.419996424507	1470.9069288438634
1276.4208214860926	1458.4413534584119
1277.4216465476784	1450.2111571886762
1278.4224716092642	1440.0534819126433
1279.4232966708498	1428.6047244208958
1280.4241217324357	1425.769645988813
1281.4249467940215	1430.722806935683
1282.425771855607	1439.4216078209026
1283.426596917193	1446.0793383058392
1284.4274219787785	1450.5125741274442
1285.4282470403643	1457.315202783572
1286.4290721019502	1461.8071884861738
1287.4298971635358	1464.4020623331444
1288.4307222251216	1473.8628860604233
1289.4315472867074	1486.9796296038764
1290.432372348293	1502.80711222907
1291.4331974098789	1516.9368185392498
1292.4340224714645	1525.049310646994
1293.4348475330503	1530.2187594379714
1294.4356725946361	1533.487933992656
1295.4364976562217	1531.8059209854255
1296.4373227178075	1532.7649984688483
1297.4381477793934	1530.8982643114177
1298.438972840979	1525.0285040187264
1299.4397979025648	1521.3026695866217
1300.4406229641506	1519.383100606281
1301.4414480257362	1519.9432586345151
1302.442273087322	1515.5579011790346
1303.4430981489077	1508.7567139840726
1304.4439232104935	1499.4453726744473
1305.4447482720793	1498.1158833728455
1306.445573333665	1491.5025097293094
1307.4463983952508	1478.4450575654653
1308.4472234568366	1457.6162161316545
1309.4480485184222	1432.2969707559434
1310.448873580008	1411.2189640701633
1311.4496986415936	1410.0568764666798
1312.4505237031794	1419.7875018206717
1313.4513487647653	1427.8175931017497
1314.4521738263509	1432.908470317086
1315.4529988879367	1429.534569757026
1316.4538239495225	1427.5938821069592
1317.4546490111081	1429.1949911052445
1318.455474072694	1428.588046805136
1319.4562991342798	1428.3110950443167
1320.4571241958654	1433.4956451525647
1321.4579492574512	1437.9053179739662
1322.4587743190368	1439.265254453775
1323.4595993806226	1443.968184770623
1324.4604244422085	1445.760842878595
1325.461249503794	1445.5532141083602
1326.46207456538	1441.5663692219625
1327.4628996269657	1438.7888832841059
1328.4637246885513	1437.7826032760452
1329.4645497501372	1440.1411700695364
1330.465374811723	1438.410154947817
1331.4661998733086	1441.5187410752658
1332.4670249348944	1441.5168913977232
1333.46784999648	1436.4780002515322
1334.4686750580659	1428.5584269600201
1335.4695001196517	1429.2308211488719
1336.4703251812373	1441.4588163753083
1337.4711502428231	1446.3258847693955
1338.471975304409	1441.8547321920373
1339.4728003659945	1433.118434227886
1340.4736254275804	1419.8600810435707
1341.474450489166	1409.56867274534
1342.4752755507518	1413.9919114332138
1343.4761006123376	1424.8937593568194
1344.4769256739232	1433.4240651773673
1345.477750735509	1442.511009088964
1346.478575797095	1447.1803427305415
1347.4794008586805	1452.1007306370952
1348.4802259202663	1460.0459294903037
1349.4810509818521	1464.7764368131716
1350.4818760434378	1467.168668928583
1351.4827011050236	1466.4139143835907
1352.4835261666092	1463.4717702874714
1353.484351228195	1459.8917214454764
1354.4851762897808	1458.5195467200547
1355.4860013513664	1457.620753892492
1356.4868264129523	1454.9327152988535
1357.487651474538	1456.9352843221861
1358.4884765361237	1454.506483160038
1359.4893015977095	1456.043243337397
1360.4901266592951	1462.6042666681756
1361.490951720881	1458.8535144937737
1362.4917767824668	1457.056349953704
1363.4926018440524	1462.3110990849914
1364.4934269056382	1468.2440391662046
1365.494251967224	1471.525660021905
1366.4950770288096	1480.6505080826842
1367.4959020903955	1486.7636478181869
1368.4967271519813	1490.8937866511171
1369.497552213567	1497.7202535454499
1370.4983772751527	1505.606543376017
1371.4992023367383	1503.1800146431185
1372.5000273983242	1500.4391295427622
1373.50085245991	1497.2879160400219
1374.5016775214956	1486.578974452886
1375.5025025830814	1474.452388679761
1376.5033276446673	1472.255260526951
1377.5041527062529	1483.9799469189297
1378.5049777678387	1490.1892868053262
1379.5058028294245	1493.162572873156
1380.50662789101	1503.2520243196286
1381.507452952596	1511.4484268692534
1382.5082780141815	1509.7974158960549
1383.5091030757674	1504.3428914731487
1384.5099281373532	1503.82114703955
1385.5107531989388	1502.0656491757613
1386.5115782605246	1494.610486368887
1387.5124033221105	1486.7108333756373
1388.513228383696	1486.0298608742557
1389.514053445282	1483.7151687594048
1390.5148785068675	1484.5831032888213
1391.5157035684533	1488.9243572776816
1392.5165286300391	1482.8347376909132
1393.5173536916247	1478.2706511521137
1394.5181787532106	1483.1105650009679
1395.5190038147964	1488.2076357253338
1396.519828876382	1491.6036505860943
1397.5206539379678	1489.4194760758153
1398.5214789995537	1481.9814092760002
1399.5223040611393	1474.3356757312001
1400.523129122725	1469.356814122753
1401.5239541843107	1466.4751317404712
1402.5247792458965	1454.4281689291274
1403.5256043074824	1445.6731513786601
1404.526429369068	1437.6419782623802
1405.5272544306538	1416.7341154130447
1406.5280794922396	1394.8886663517603
1407.5289045538252	1387.8262790772433
1408.529729615411	1401.297761595243
1409.5305546769969	1417.0361696367622
1410.5313797385825	1418.4875865306528
1411.5322048001683	1424.078593111331
1412.533029861754	1424.777762402054
1413.5338549233397	1429.2403963512768
1414.5346799849256	1431.380059663989
1415.5355050465112	1437.448251026079
1416.536330108097	1443.9962386606355
1417.5371551696828	1447.2897748275393
1418.5379802312684	1455.0210846439782
1419.5388052928542	1467.8313169869346
1420.5396303544399	1479.3441872701774
1421.5404554160257	1489.2623362555207
1422.5412804776115	1503.7952650229292
1423.542105539197	1517.3048069571093
1424.542930600783	1531.2788942872255
1425.5437556623688	1538.2469368940756
1426.5445807239544	1545.1021738662364
1427.5454057855402	1553.7484306896645
1428.546230847126	1558.1599160200242
1429.5470559087116	1562.5977617937417
1430.5478809702975	1561.859047939407
1431.548706031883	1545.912260961204
1432.5495310934689	1534.516158445897
1433.5503561550547	1528.3980070009845
1434.5511812166403	1517.2050871904507
1435.5520062782261	1502.48068682163
1436.552831339812	1481.9013113496749
1437.5536564013976	1466.5832691876
1438.5544814629834	1455.0457254606335
1439.555306524569	1450.041965627651
1440.5561315861548	1451.0779276984465
1441.5569566477407	1446.7089907267684
1442.5577817093263	1438.5151687887271
1443.558606770912	1427.0426954280294
1444.559431832498	1416.7486344987826
1445.5602568940835	1410.765646358496
1446.5610819556694	1402.6967533427996
1447.5619070172552	1396.6254837544714
1448.5627320788408	1394.4469573518627
1449.5635571404266	1392.6915239306984
1450.5643822020122	1402.7223957363403
1451.565207263598	1405.9399870464943
1452.5660323251839	1405.0457405437903
1453.5668573867695	1408.3115189837083
1454.5676824483553	1407.5745907646788
1455.5685075099411	1408.95737581765
1456.5693325715267	1406.4511522901946
1457.5701576331126	1403.7632351925176
1458.5709826946984	1407.1476246188804
1459.571807756284	1413.9802521215174
1460.5726328178698	1422.2451938946072
1461.5734578794554	1428.8869722596073
1462.5742829410412	1421.0758340470331
1463.575108002627	1419.333897735601
1464.5759330642127	1430.0672581387141
1465.5767581257985	1446.1925703489562
1466.5775831873843	1454.8644500016442
1467.57840824897	1458.1527065928196
1468.5792333105558	1465.925167788335
1469.5800583721414	1468.4897102834052
1470.5808834337272	1475.5199027633066
1471.581708495313	1472.938147491162
1472.5825335568986	1477.9049636793957
1473.5833586184845	1484.2391440409967
1474.5841836800703	1491.2109724049822
1475.5850087416559	1490.1662293576576
1476.5858338032417	1483.0351409577088
1477.5866588648275	1473.0378700595243
1478.5874839264131	1467.4430061195044
1479.588308987999	1467.4495402602581
1480.5891340495846	1472.4469345165157
1481.5899591111704	1481.7965132379334
1482.5907841727562	1477.2703426362
1483.5916092343418	1475.5781387848274
1484.5924342959277	1470.3244619869783
1485.5932593575135	1452.9317861550842
1486.594084419099	1442.7541340516245
1487.594909480685	1430.2643885069351
1488.5957345422707	1423.0216573515254
1489.5965596038563	1421.357820789483
1490.5973846654422	1418.9134286432009
1491.5982097270278	1413.5043433694516
1492.5990347886136	1409.4627823749956
1493.5998598501994	1401.1834557670163
1494.600684911785	1396.9473794214714
1495.6015099733709	1396.268202366868
1496.6023350349567	1406.3600037638498
1497.6031600965423	1422.0979841710955
1498.6039851581281	1430.5453413784844
1499.6048102197137	1441.1799610701596
1500.6056352812996	1454.7984929799006
1501.6064603428854	1465.9951486415982
1502.607285404471	1465.6263977655833
1503.6081104660568	1470.2360404257693
1504.6089355276426	1480.570398112814
1505.6097605892282	1497.3354239265016
1506.610585650814	1503.7160974459546
1507.6114107124	1500.09525477792
1508.6122357739855	1498.4682051147186
1509.6130608355713	1498.339415146965
1510.613885897157	1498.1777848878194
1511.6147109587428	1502.494823793188
1512.6155360203286	1502.1377970645135
1513.6163610819142	1496.7366018654905
1514.6171861435	1499.116439668948
1515.6180112050858	1499.0410706280077
1516.6188362666715	1494.3302469394082
1517.6196613282573	1485.8562512588592
1518.6204863898429	1476.6518113414886
1519.6213114514287	1475.355220590771
1520.6221365130145	1473.437390385252
1521.6229615746001	1475.6830232751581
1522.623786636186	1476.3773859083756
1523.6246116977718	1469.567220914321
1524.6254367593574	1465.1892136487952
1525.6262618209432	1459.3399298066804
1526.627086882529	1450.5454642835057
1527.6279119441147	1446.7933274606874
1528.6287370057005	1444.664915531944
1529.629562067286	1435.961884007297
1530.630387128872	1426.5390609614033
1531.6312121904577	1426.052124955525
1532.6320372520433	1423.4639181939262
1533.6328623136292	1416.2015993015507
1534.633687375215	1406.651913924287
1535.6345124368006	1403.0523179809027
1536.6353374983864	1412.9542610416001
1537.6361625599723	1418.3227515971946
1538.6369876215579	1421.8427171526373
1539.6378126831437	1428.9763926668538
1540.6386377447293	1438.5983564356793
1541.6394628063151	1434.7062116550019
1542.640287867901	1434.6032438355335
1543.6411129294866	1436.572288846666
1544.6419379910724	1430.7039569471835
1545.6427630526582	1430.7045533518012
1546.6435881142438	1435.3599122361554
1547.6444131758296	1443.6284550121625
1548.6452382374152	1447.548314987643
1549.646063299001	1451.661955397363
1550.646888360587	1452.575131054024
1551.6477134221725	1452.4635058247675
1552.6485384837583	1463.5548140862986
1553.6493635453442	1477.8072458495235
1554.6501886069298	1479.3821822719565
1555.6510136685156	1481.7113114990298
1556.6518387301014	1478.4013585138716
1557.652663791687	1469.071535145823
1558.6534888532728	1469.574115971808
1559.6543139148584	1470.3041023071362
1560.6551389764443	1460.6251898229475
1561.65596403803	1451.0732719487053
1562.6567890996157	1445.2367129427791
1563.6576141612015	1437.7357376123944
1564.6584392227874	1430.620721937147
1565.659264284373	1414.1700430431094
1566.6600893459588	1396.602406098103
1567.6609144075444	1392.3685274216555
1568.6617394691302	1390.2740634200456
1569.662564530716	1386.8316965440015
1570.6633895923017	1386.0966709890058
1571.6642146538875	1387.4028765222959
1572.6650397154733	1382.1432044080805
1573.665864777059	1388.5557854853812
1574.6666898386447	1401.9216317260295
1575.6675149002306	1400.6111807911302
1576.6683399618162	1393.2007177915061
1577.669165023402	1392.8156297879366
1578.6699900849876	1399.469575646277
1579.6708151465734	1422.2732118152924
1580.6716402081593	1433.7587432662895
1581.6724652697449	1438.0882722536053
1582.6732903313307	1442.2146452994668
1583.6741153929165	1455.698149610379
1584.6749404545021	1477.998899275018
1585.675765516088	1486.7117619291002
1586.6765905776738	1496.4774682084199
1587.6774156392594	1506.2758015935462
1588.6782407008452	1512.332169936041
1589.6790657624308	1523.1213063254188
1590.6798908240166	1534.5899030994037
1591.6807158856025	1530.1523510070263
1592.681540947188	1530.2841013887976
1593.682366008774	1529.2763454855003
1594.6831910703597	1526.7146803015723
1595.6840161319453	1531.2974819857318
1596.6848411935312	1533.355796046102
1597.6856662551168	1534.3691285707996
1598.6864913167026	1532.7460550056576
1599.6873163782884	1530.2921206755898
1600.688141439874	1528.1202199085951
1601.6889665014598	1518.06315315629
1602.6897915630457	1507.3611960244805
1603.6906166246313	1495.61449891546
1604.691441686217	1483.9014600131736
1605.692266747803	1484.822258629681
1606.6930918093885	1482.645917554704
1607.6939168709744	1471.3834164248171
1608.69474193256	1465.4728700366154
1609.6955669941458	1466.334563442797
1610.6963920557316	1474.486189250947
1611.6972171173172	1467.7185869727718
1612.698042178903	1458.9655791295602
1613.6988672404889	1447.8901762442945
1614.6996923020745	1441.5938602986132
1615.7005173636603	1446.2170825359115
1616.701342425246	1454.8754552407186
1617.7021674868317	1460.4196546361418
1618.7029925484176	1461.4488084314335
1619.7038176100032	1462.094453895604
1620.704642671589	1470.240787015413
1621.7054677331748	1475.1457597287194
1622.7062927947604	1474.0171659869561
1623.7071178563463	1482.0770185941435
1624.707942917932	1483.4119390523165
1625.7087679795177	1479.528209679234
1626.7095930411035	1482.1216392907327
1627.7104181026891	1486.864369411482
1628.711243164275	1492.783333754306
1629.7120682258608	1493.7456535884721
1630.7128932874464	1495.53463454848
1631.7137183490322	1504.2407580804356
1632.714543410618	1500.6887049359873
1633.7153684722036	1495.424097044207
1634.7161935337895	1483.4021428735384
1635.7170185953753	1468.9978683678291
1636.717843656961	1471.361452937726
1637.7186687185467	1469.6452519573502
1638.7194937801323	1471.6128645745334
1639.7203188417182	1469.8386822211737
1640.721143903304	1465.5234834623518
1641.7219689648896	1452.3486348647382
1642.7227940264754	1444.3498959393953
1643.7236190880612	1445.2233761602843
1644.7244441496468	1441.4178314117426
1645.7252692112327	1426.7597866724548
1646.7260942728183	1424.5989338052393
1647.726919334404	1434.1571467743527
1648.72774439599	1431.2083838627268
1649.7285694575755	1426.0459933239924
1650.7293945191614	1419.3937355073758
1651.7302195807472	1424.6016188065348
1652.7310446423328	1429.0979228988167
1653.7318697039186	1436.759893333102
1654.7326947655044	1446.7517621345771
1655.73351982709	1462.9607924732263
1656.7343448886759	1469.366017587596
1657.7351699502615	1476.7008712804325
1658.7359950118473	1476.4971323982197
1659.7368200734331	1477.075343426006
1660.7376451350187	1474.5903581650389
1661.7384701966046	1471.7770333672097
1662.7392952581904	1472.9936125710183
1663.740120319776	1476.5079072436158
1664.7409453813618	1473.4625016647553
1665.7417704429477	1465.6686899152276
1666.7425955045333	1465.194034126663
1667.743420566119	1466.8862409196263
1668.7442456277047	1466.9782302371427
1669.7450706892905	1477.6485135808857
1670.7458957508763	1473.2627648027853
1671.746720812462	1461.5051858494496
1672.7475458740478	1440.1509422403917
1673.7483709356336	1435.227280086016
1674.7491959972192	1437.0390592328654
1675.750021058805	1439.8862958990408
1676.7508461203906	1430.1475712374197
1677.7516711819765	1437.5261990000645
1678.7524962435623	1452.2277957574547
1679.753321305148	1443.8348160321411
1680.7541463667337	1439.0267884556845
1681.7549714283195	1438.671570591403
1682.7557964899052	1440.8245719023225
1683.756621551491	1438.8727542095048
1684.7574466130768	1440.9646018743988
1685.7582716746624	1440.8193229872063
1686.7590967362482	1444.5334281844632
1687.7599217978338	1445.5366107484883
1688.7607468594197	1451.6910424677421
1689.7615719210055	1452.3646475789685
1690.762396982591	1451.1470843874065
1691.763222044177	1447.5500376820087
1692.7640471057628	1451.42513531169
1693.7648721673484	1457.2332242871237
1694.7656972289342	1458.4502677970913
1695.7665222905198	1459.8957169788698
1696.7673473521056	1455.482699157659
1697.7681724136914	1460.8224519444282
1698.768997475277	1463.643574257988
1699.7698225368629	1463.8767962436318
1700.7706475984487	1474.5831573354533
1701.7714726600343	1482.803003750054
1702.7722977216201	1486.4833549840293
1703.773122783206	1489.4916510019766
1704.7739478447916	1494.3338073440189
1705.7747729063774	1491.225610142813
1706.775597967963	1496.251952598305
1707.7764230295488	1502.8926323207506
1708.7772480911347	1512.5764012350987
1709.7780731527203	1529.663367637151
1710.778898214306	1533.4954230333249
1711.779723275892	1529.9465867118934
1712.7805483374775	1546.2971329028474
1713.7813733990633	1553.6613389154786
1714.7821984606492	1552.7373682237576
1715.7830235222348	1548.8067772738036
1716.7838485838206	1541.2857524981093
1717.7846736454062	1531.4053016734972
1718.785498706992	1534.3622773340849
1719.7863237685779	1544.9053850846522
1720.7871488301635	1546.2420140305026
1721.7879738917493	1531.0494428131894
1722.7887989533351	1528.7476953417483
1723.7896240149207	1532.5943183916968
1724.7904490765065	1534.5581416734472
1725.7912741380921	1524.2711120286428
1726.792099199678	1522.6235835946254
1727.7929242612638	1513.9733998928514
1728.7937493228494	1502.9550538815804
1729.7945743844352	1498.8199531397665
1730.795399446021	1493.7537085265683
1731.7962245076067	1482.9688074142553
1732.7970495691925	1474.2823645975914
1733.7978746307783	1466.3856855933575
1734.798699692364	1471.6402455532398
1735.7995247539498	1469.5400182795138
1736.8003498155354	1467.2841159783763
1737.8011748771212	1468.2420307120326
1738.801999938707	1465.515101766838
1739.8028250002926	1461.7159310796562
1740.8036500618784	1465.195870006286
1741.8044751234643	1474.9814115961408
1742.8053001850499	1477.351969836765
1743.8061252466357	1488.4381017070712
1744.8069503082215	1502.3789544227288
1745.8077753698071	1506.2942883226815
1746.808600431393	1507.2585592157811
1747.8094254929786	1491.9141385878886
1748.8102505545644	1479.626800082223
1749.8110756161502	1485.5651871710668
1750.8119006777358	1503.0910802409667
1751.8127257393216	1501.6750317022352
1752.8135508009075	1495.2700168703955
1753.814375862493	1485.363780614657
1754.815200924079	1486.6896527468696
1755.8160259856645	1486.5159982165421
1756.8168510472503	1481.3041845522343
1757.8176761088362	1478.483088155273
1758.8185011704218	1484.8165942982957
1759.8193262320076	1483.4723757522213
1760.8201512935934	1480.1868801356857
1761.820976355179	1489.9628799903724
1762.8218014167649	1480.5327937853508
1763.8226264783507	1469.4301833153672
1764.8234515399363	1465.4037158828971
1765.8242766015221	1460.9477191238032
1766.8251016631077	1462.6143279782461
1767.8259267246935	1465.6691561120479
1768.8267517862794	1461.3850062364668
1769.827576847865	1453.7920151911442
1770.8284019094508	1450.49075138637
1771.8292269710366	1452.2007594061063
1772.8300520326222	1465.7664640105997
1773.830877094208	1481.2539073930466
1774.8317021557937	1496.768543160343
1775.8325272173795	1516.6848715435679
1776.8333522789653	1519.5772571974273
1777.834177340551	1519.76537124932
1778.8350024021368	1514.0145627927952
1779.8358274637226	1515.6441210915684
1780.8366525253082	1524.6001379685615
1781.837477586894	1534.2604897522313
1782.8383026484798	1526.4239135799205
1783.8391277100654	1524.75262484789
1784.8399527716513	1510.824939447006
1785.8407778332369	1500.7967226343562
1786.8416028948227	1494.4910844672454
1787.8424279564085	1484.1049390911337
1788.8432530179941	1484.7779429304014
1789.84407807958	1495.8221063814515
1790.8449031411658	1508.5725223201546
1791.8457282027514	1515.1831693932186
1792.8465532643372	1520.4493498459658
1793.847378325923	1520.080974039342
1794.8482033875086	1522.0329768398924
1795.8490284490945	1524.012332265612
1796.84985351068	1520.7967480646996
1797.850678572266	1522.636987066104
1798.8515036338517	1516.3370080853585
1799.8523286954373	1497.1981048783546
1800.8531537570232	1489.797590584896
1801.853978818609	1478.4121813139727
1802.8548038801946	1472.7808979578901
1803.8556289417804	1465.1113857357125
1804.856454003366	1463.3913541668664
1805.8572790649519	1468.8484004589116
1806.8581041265377	1466.1050347863368
1807.8589291881233	1455.2440487770787
1808.859754249709	1437.990190809452
1809.860579311295	1432.2328633912882
1810.8614043728805	1437.2955414141782
1811.8622294344664	1439.4636880171415
1812.8630544960522	1435.2776554765476
1813.8638795576378	1422.4448773470453
1814.8647046192236	1411.8365483441862
1815.8655296808092	1407.2965807886915
1816.866354742395	1394.3149527768023
1817.867179803981	1387.284478384522
1818.8680048655665	1381.1330939584439
1819.8688299271523	1386.2858572869193
1820.8696549887381	1403.9743042411292
1821.8704800503237	1420.8274797662962
1822.8713051119096	1430.6975900906539
1823.8721301734952	1432.7548709873647
1824.872955235081	1438.4325960888775
1825.8737802966668	1449.3932118811797
1826.8746053582524	1461.4241400800854
1827.8754304198383	1474.222286786387
1828.876255481424	1483.8893382383808
1829.8770805430097	1488.7518795169158
1830.8779056045955	1493.7228305206806
1831.8787306661814	1515.032027111118
1832.879555727767	1523.1966887060753
1833.8803807893528	1533.6004929919302
1834.8812058509384	1540.5156992331415
1835.8820309125242	1547.107623451449
1836.88285597411	1559.431158242013
1837.8836810356956	1566.068088235681
1838.8845060972815	1560.6060702017674
1839.8853311588673	1568.8407936972812
1840.886156220453	1578.767127816387
1841.8869812820387	1581.7723318142243
1842.8878063436246	1581.8749999740558
1843.8886314052102	1572.6027868750452
1844.889456466796	1566.870829142193
1845.8902815283816	1555.1287068681715
1846.8911065899674	1551.8227834276825
1847.8919316515533	1544.5664504673966
1848.8927567131389	1536.9069991534034
1849.8935817747247	1520.221380948657
1850.8944068363105	1511.0733568342462
1851.895231897896	1516.6723191142974
1852.896056959482	1520.023548203447
1853.8968820210675	1512.3152515355978
1854.8977070826534	1500.0932101937908
1855.8985321442392	1488.3303988983382
1856.8993572058248	1484.6235376426873
1857.9001822674106	1480.1216597554483
1858.9010073289965	1475.3104303812518
1859.901832390582	1463.004538664851
1860.902657452168	1454.466960158425
1861.9034825137537	1452.6801576088178
1862.9043075753393	1457.4171209635372
1863.9051326369251	1455.4730856722756
1864.9059576985107	1452.1482050921513
1865.9067827600966	1452.6483570797354
1866.9076078216824	1443.9852929111994
1867.908432883268	1439.9204488113503
1868.9092579448538	1453.198294887176
1869.9100830064397	1445.538101998545
1870.9109080680253	1459.8736467208766
1871.911733129611	1459.3784860655287
1872.9125581911967	1451.615870038755
1873.9133832527825	1456.2201887406252
1874.9142083143684	1448.4113914611212
1875.915033375954	1443.6211272823975
1876.9158584375398	1429.683832862405
1877.9166834991256	1438.5975044551114
1878.9175085607112	1445.9820113774877
1879.918333622297	1452.7280614613592
1880.9191586838829	1436.6986791401025
1881.9199837454685	1435.3239055491072
1882.9208088070543	1442.2310630412771
1883.92163386864	1448.4854111820634
1884.9224589302257	1450.7459912143918
1885.9232839918116	1447.605906106269
1886.9241090533972	1454.5286574327458
1887.924934114983	1460.9677774623688
1888.9257591765688	1459.8101938760326
1889.9265842381544	1459.4827880796431
1890.9274092997402	1451.530731938812
1891.928234361326	1460.3593174201308
1892.9290594229117	1469.4710151964186
1893.9298844844975	1467.839320222534
1894.930709546083	1474.1681077188089
1895.931534607669	1475.7420235197783
1896.9323596692548	1485.0313035913487
1897.9331847308404	1490.5738242365678
1898.9340097924262	1493.2407757321673
1899.934834854012	1505.7892092080078
1900.9356599155976	1509.4887601628345
1901.9364849771835	1519.2696578471964
1902.937310038769	1508.4629978513717
1903.9381351003549	1494.0731749959698
1904.9389601619407	1489.6115453336186
1905.9397852235263	1489.6416790738208
1906.9406102851121	1480.6602906679632
1907.941435346698	1472.3080945393042
1908.9422604082836	1483.40543068178
1909.9430854698694	1499.2702419276018
1910.9439105314552	1508.6519877860592
1911.9447355930408	1508.250346942596
1912.9455606546267	1517.7022484414274
1913.9463857162123	1527.011409315603
1914.947210777798	1542.1119953888485
1915.948035839384	1549.860867528826
1916.9488609009695	1539.78148383279
1917.9496859625553	1543.9348994173952
1918.9505110241412	1547.1271092946065
1919.9513360857268	1552.0187278400515
1920.9521611473126	1546.7993466358882
1921.9529862088984	1541.6728215385765
1922.953811270484	1548.8508251260114
1923.9546363320699	1550.3963218280976
1924.9554613936555	1546.8257163672447
1925.9562864552413	1550.7024337747266
1926.9571115168271	1539.3163523472213
1927.9579365784127	1543.063773657343
1928.9587616399986	1548.377165163045
1929.9595867015844	1547.620951857976
1930.96041176317	1542.1657235590803
1931.9612368247558	1540.127093029905
1932.9620618863414	1539.5531924699183
1933.9628869479272	1525.7469155386234
1934.963712009513	1509.6433112750206
1935.9645370710987	1492.9951666754164
1936.9653621326845	1486.94474928627
1937.9661871942703	1483.1251307287282
1938.967012255856	1483.9687399585432
1939.9678373174418	1494.6723350918614
1940.9686623790276	1507.6156116972109
1941.9694874406132	1509.984838108222
1942.970312502199	1507.1808534844263
1943.9711375637846	1504.651204008937
1944.9719626253705	1503.8962880042243
1945.9727876869563	1510.266745725597
1946.9736127485419	1510.650249568755
1947.9744378101277	1504.6232211294302
1948.9752628717135	1511.759751581706
1949.9760879332991	1514.1082326505455
1950.976912994885	1509.6954167120537
1951.9777380564706	1507.7493237268861
1952.9785631180564	1509.0183897775014
1953.9793881796422	1514.4561166474318
1954.9802132412278	1529.2559355959913
1955.9810383028137	1546.9353315071246
1956.9818633643995	1558.5554421712513
1957.982688425985	1558.3607906829814
1958.983513487571	1553.8784704649058
1959.9843385491567	1543.489105903681
1960.9851636107423	1531.2277002510198
1961.9859886723282	1536.3914036352844
1962.9868137339138	1540.2293462256853
1963.9876387954996	1536.4308781629072
1964.9884638570854	1528.361078043824
1965.989288918671	1529.498307506596
1966.9901139802569	1524.0937283182946
1967.9909390418427	1521.1852009983743
1968.9917641034283	1531.2256465559838
1969.9925891650141	1536.7175092964756
1970.9934142266	1545.2922040550932
1971.9942392881856	1553.7107624165465
1972.9950643497714	1551.6286326588395
1973.995889411357	1546.0041973766486
1974.9967144729428	1534.788147893052
1975.9975395345286	1528.7861538274872
1976.9983645961142	1516.7344132723242
1977.9991896577	1504.3899531307693
1979.000014719286	1503.7543265218992
1980.0008397808715	1509.5771901262503
1981.0016648424573	1520.3567698725078
1982.002489904043	1510.95840024956
1983.0033149656288	1506.4881868708133
1984.0041400272146	1518.1849816179858
