mean fit 1 params E0, Eb, d0	2.307888077207947e-05	2.965760405128028e-06	144.5176902822884
mean fit 1 std dev E0, Eb, d0	2.31207862784507e-06	6.348017664054204e-09	6.221278924370641
mean fit 2 params E0, Eb, d0	1.8688625687264523e-05	2.5136825437705265e-06	174.09417571090512
mean fit 2 std dev E0, Eb, d0	1.4691483720014644e-05	1.6525677724931638e-06	138.20239931174567
mean fit 3 params E0, Eb, d0	0.00010426636310938315	2.967868984207e-06	105.73599791814509
mean fit 3 std dev E0, Eb, d0	4.579495590640555e-05	6.059026810313544e-09	9.564403780856257
mean fit 4 params E0, Eb, d0	2.2560431656557687e-05	2.983163440504606e-06	142.74961458187641
mean fit 4 std dev E0, Eb, d0	2.483209662642123e-05	1.491429333888304e-06	123.33168370757818
Ex	Ey
31.0	4945.686980558741
32.00051626226123	4825.685274292785
33.00103252452246	4771.436037871325
34.00154878678369	4838.481323918044
35.002065049044916	5038.232352697908
36.002581311306145	5173.186987311737
37.00309757356737	5426.425000023629
38.0036138358286	5913.805379531072
39.00413009808983	6444.410789800913
40.00464636035106	7031.517289961034
41.00516262261229	7380.766509310342
42.00567888487352	7633.074769595607
43.00619514713475	7917.935215679708
44.006711409395976	7983.360763731893
45.007227671657205	7867.811221940796
46.007743933918434	7586.841292345787
47.00826019617966	7227.011581855324
48.00877645844089	6771.968492002362
49.00929272070212	6329.847760330322
50.00980898296335	5864.021637990275
51.01032524522458	5419.077541369156
52.01084150748581	5125.72197712175
53.011357769747036	4807.29810180471
54.011874032008265	4370.0246779517975
55.01239029426949	3979.7067992022207
56.012906556530716	3834.8825423029343
57.013422818791945	3777.923354114544
58.013939081053174	3769.1085381949947
59.0144553433144	3766.3122577857207
60.01497160557563	3615.5220395401416
61.01548786783686	3612.557991365066
62.01600413009809	3888.3943751760326
63.01652039235932	4161.288557279026
64.01703665462054	4384.833113445066
65.01755291688178	4667.501001790837
66.018069179143	4947.85591512355
67.01858544140424	4883.2782614991565
68.01910170366546	4700.398424070597
69.0196179659267	4588.426472398718
70.02013422818791	4497.199172113181
71.02065049044916	4473.214966781687
72.02116675271037	4302.027963136474
73.02168301497161	4184.884923336923
74.02219927723283	4101.919617330767
75.02271553949407	3983.3068776881964
76.02323180175529	3969.4590678295235
77.02374806401653	3857.713803212455
78.02426432627774	3705.7852631736177
79.02478058853897	3481.226147384205
80.0252968508002	3378.0041309786884
81.02581311306143	3373.0532791430737
82.02632937532266	3426.5189235530565
83.02684563758389	3547.047939884725
84.02736189984512	3754.3279584819475
85.02787816210635	3935.546872800812
86.02839442436758	3981.600765967881
87.0289106866288	4046.6822254514864
88.02942694889003	4201.424362347049
89.02994321115126	4377.936634111566
90.03045947341249	4498.870906819084
91.03097573567372	4489.480076218386
92.03149199793495	4389.543245886458
93.03200826019618	4433.125682835273
94.03252452245741	4479.341151960969
95.03304078471864	4472.919792119706
96.03355704697987	4401.986794351329
97.0340733092411	4369.089463184719
98.03458957150232	4265.616490584084
99.03510583376355	4063.8942623459966
100.03562209602478	3886.9672090823633
101.03613835828601	3735.308699905944
102.03665462054724	3635.8081371935878
103.03717088280847	3487.305336793493
104.0376871450697	3450.938920347747
105.03820340733093	3447.9188145340286
106.03871966959215	3379.17932191645
107.03923593185338	3496.5544247406738
108.03975219411461	3551.8580877156596
109.04026845637584	3664.852167655819
110.04078471863707	3658.236968428973
111.0413009808983	3680.683753603694
112.04181724315953	3754.3167378209173
113.04233350542076	3830.2313223957135
114.04284976768199	3915.7918611324826
115.04336602994321	4003.5539976885616
116.04388229220444	4125.191815134574
117.04439855446567	4198.203927005102
118.0449148167269	4201.163117329377
119.04543107898813	4227.576211999214
120.04594734124936	4283.100654688663
121.04646360351059	4288.109986593108
122.04697986577182	4275.214629124768
123.04749612803305	4225.067989771463
124.04801239029428	4072.549636086739
125.0485286525555	3943.359286910044
126.04904491481673	3864.5458219696648
127.04956117707795	3749.9585187151292
128.0500774393392	3586.127264391444
129.0505937016004	3485.1155984707666
130.05110996386162	3393.9030584748393
131.05162622612286	3332.5652152616035
132.0521424883841	3276.2423411796854
133.05265875064532	3284.791553177324
134.05317501290654	3244.3041205831
135.05369127516778	3223.981478071829
136.05420753742902	3271.006144788464
137.05472379969024	3320.7729491306077
138.05524006195145	3449.332195467072
139.0557563242127	3474.3796319537614
140.05627258647394	3569.451086263655
141.05678884873515	3603.209997559788
142.05730511099637	3671.481182421828
143.0578213732576	3809.73999047576
144.05833763551885	3906.7551713922303
145.05885389778007	4032.2585108896733
146.05937016004128	4089.256402534283
147.05988642230253	4072.5258792819864
148.06040268456377	4034.6774989986466
149.06091894682498	3972.0497328018387
150.0614352090862	3879.130583891663
151.06195147134744	3888.8572141766226
152.06246773360868	3824.8160995968874
153.0629839958699	3755.9393396656787
154.0635002581311	3715.7781608895634
155.06401652039236	3701.388995870897
156.0645327826536	3720.9632629008374
157.06504904491482	3762.9193963088283
158.06556530717603	3737.587206944303
159.06608156943727	3657.5589330766584
160.0665978316985	3615.4111224734743
161.06711409395973	3551.6777693392714
162.06763035622095	3514.2858709217085
163.0681466184822	3521.974343472131
164.0686628807434	3562.9178710682568
165.06917914300465	3553.1363302802724
166.06969540526586	3527.89626659337
167.0702116675271	3508.943878097321
168.07072792978832	3566.5312283421754
169.07124419204956	3668.5209430557006
170.07176045431078	3687.8648825977775
171.07227671657202	3650.460915942973
172.07279297883323	3515.3389866035513
173.07330924109448	3432.7792174937495
174.0738255033557	3446.20653942588
175.07434176561694	3422.375709540869
176.07485802787815	3487.4789190831884
177.0753742901394	3548.6081164451816
178.0758905524006	3581.980558329329
179.07640681466185	3617.74158293471
180.07692307692307	3685.485478751895
181.0774393391843	3676.077004723447
182.07795560144552	3709.224318191838
183.07847186370677	3673.2427458031434
184.07898812596798	3609.5104420437146
185.07950438822922	3458.393672225249
186.08002065049044	3328.9921014953297
187.08053691275168	3247.1460260535796
188.0810531750129	3267.0518804158396
189.08156943727414	3274.047941600052
190.08208569953536	3206.263016219508
191.0826019617966	3162.1213210935957
192.0831182240578	3108.542739083234
193.08363448631906	3045.4390900115477
194.08415074858027	3022.636501581812
195.0846670108415	2967.1786582603177
196.08518327310273	2972.0365768129336
197.08569953536397	2964.260079876571
198.0862157976252	2996.2866015335326
199.08673205988643	3056.919733051663
200.08724832214764	3156.017771984979
201.0877645844089	3249.195921632108
202.0882808466701	3266.9096522436444
203.08879710893135	3255.7603621496587
204.08931337119256	3292.261009399703
205.0898296334538	3307.8249337125158
206.09034589571502	3263.1208704386677
207.09086215797626	3176.5739926339966
208.09137842023748	3024.1550603913174
209.09189468249872	2953.253496553902
210.09241094475993	2905.849110451996
211.09292720702118	2888.8015249631258
212.0934434692824	2866.601600733744
213.09395973154363	2852.587675806015
214.09447599380485	2907.9607184453166
215.0949922560661	2946.684490099653
216.0955085183273	3010.63336283833
217.09602478058855	3044.2780058911985
218.09654104284976	3051.3437591468055
219.097057305111	3179.427882538415
220.09757356737222	3347.792615933421
221.09808982963347	3437.3062447776792
222.09860609189468	3490.623617124365
223.0991223541559	3554.0087061546083
224.09963861641714	3607.231596367708
225.10015487867835	3614.843166409941
226.1006711409396	3574.6324864013777
227.1011874032008	3580.1704385281505
228.10170366546205	3485.3965854876556
229.10221992772327	3386.341098853744
230.1027361899845	3264.502658174779
231.10325245224573	3229.8537295965116
232.10376871450697	3220.3579457527526
233.10428497676818	3149.7871562827963
234.10480123902943	3032.1727243160217
235.10531750129064	2984.942685052319
236.10583376355189	2977.5415626620243
237.1063500258131	3069.2727652957724
238.10686628807434	3127.7568016031382
239.10738255033556	3110.3214551767273
240.1078988125968	3139.074491379977
241.10841507485802	3172.481396473781
242.10893133711926	3233.564848612067
243.10944759938047	3261.924475102759
244.10996386164172	3285.835639178643
245.11048012390293	3354.5930584268913
246.11099638616417	3361.7810015617524
247.1115126484254	3359.3151161059245
248.11202891068663	3295.2195140570093
249.11254517294785	3170.2429656941385
250.1130614352091	3120.277836377823
251.1135776974703	3096.3905443902327
252.11409395973155	3043.860184872431
253.11461022199276	2995.935397769588
254.115126484254	2929.548052012811
255.11564274651522	2867.1556353564274
256.11615900877644	2751.2805562185886
257.1166752710377	2663.883423453256
258.1171915332989	2677.235165386543
259.11770779556014	2693.2460539176323
260.1182240578214	2680.611462006853
261.11874032008257	2672.087670747359
262.11925658234384	2675.1068825410534
263.11977284460505	2782.043606329584
264.12028910686627	2895.9477971030155
265.12080536912754	2988.7040046697466
266.12132163138875	3032.031305489527
267.12183789364997	3063.9008746540117
268.12235415591124	3178.214073201888
269.1228704181724	3289.574538426136
270.12338668043367	3298.735645779196
271.1239029426949	3297.54072534892
272.1244192049561	3256.8054439405137
273.12493546721737	3207.061072815651
274.1254517294786	3146.4161216763446
275.1259679917398	3097.929077943085
276.12648425400107	3104.218783077597
277.1270005162622	3116.126275522431
278.1275167785235	3086.0926178482114
279.1280330407847	3053.0036498415757
280.12854930304593	3006.3067202850048
281.1290655653072	2960.9883973845085
282.1295818275684	2949.9024496920892
283.13009808982963	2954.7787115642304
284.1306143520909	3009.5271292731404
285.13113061435206	3089.4292519411633
286.13164687661333	3184.0882440677738
287.13216313887455	3259.203034432268
288.13267940113576	3297.3049002215284
289.133195663397	3340.0113072899453
290.13371192565825	3393.57870625411
291.13422818791946	3397.8738423741665
292.1347444501807	3386.177655575802
293.1352607124419	3321.9133738284704
294.13577697470316	3239.5773386468827
295.1362932369644	3142.461413106053
296.1368094992256	3048.299795353116
297.1373257614868	2991.357255144879
298.1378420237481	2953.6284911967496
299.1383582860093	2958.4945214038103
300.1388745482705	3013.1902224618084
301.1393908105317	3032.0711060018207
302.139907072793	3022.3946564522516
303.1404233350542	3013.950034681732
304.1409395973154	2971.664181577301
305.14145585957664	2985.495930498468
306.1419721218379	2984.2203240117137
307.1424883840991	3039.418129456619
308.14300464636034	3133.428478638776
309.14352090862155	3185.2744957122172
310.1440371708828	3253.385004937853
311.14455343314404	3292.6386459790438
312.14506969540525	3316.898415097221
313.14558595766647	3324.121984562843
314.14610221992774	3324.2950464413384
315.14661848218896	3303.2916566341873
316.14713474445017	3325.746299698127
317.1476510067114	3319.358528788271
318.14816726897266	3279.758579601346
319.14868353123387	3211.6297567024885
320.1491997934951	3140.50841098455
321.1497160557563	3109.272013555566
322.1502323180176	3063.2251014551007
323.1507485802788	3009.6582512954806
324.15126484254	3003.4896639780895
325.1517811048012	2945.0840355695823
326.1522973670625	2893.0705127075603
327.1528136293237	2768.5002350048953
328.1533298915849	2682.8487729405724
329.15384615384613	2625.296212114726
330.1543624161074	2602.0517410211132
331.1548786783686	2565.4868956242112
332.15539494062983	2572.4687222441326
333.15591120289105	2541.220536982478
334.1564274651523	2532.2629838578055
335.15694372741353	2512.130917181219
336.15745998967475	2556.5640178196168
337.15797625193596	2607.6177811805755
338.15849251419723	2656.491355513898
339.15900877645845	2748.16878466935
340.15952503871966	2816.572459998308
341.1600413009809	2927.690395558305
342.16055756324215	3006.8369915812755
343.16107382550337	3051.110229188341
344.1615900877646	3064.145468310175
345.1621063500258	3052.876312050538
346.16262261228707	3035.63343039923
347.1631388745483	3068.2537386534577
348.1636551368095	3097.1869671549357
349.1641713990707	3112.465869473279
350.164687661332	3075.8306599030193
351.1652039235932	3024.815669934934
352.1657201858544	2983.0286802686733
353.1662364481156	2957.039489665901
354.16675271037684	2925.1447163995667
355.1672689726381	2943.268662118095
356.1677852348993	2965.987866626266
357.16830149716054	3035.3132586985334
358.16881775942176	3032.747106782745
359.169334021683	3018.1746339926494
360.16985028394424	3036.730838146482
361.17036654620546	3117.6993771490356
362.1708828084667	3206.8275697770578
363.17139907072794	3296.4567726430087
364.17191533298916	3308.6732255795346
365.1724315952504	3333.2506572498755
366.1729478575116	3314.845906398034
367.17346411977286	3302.6149933040083
368.1739803820341	3300.61142435596
369.1744966442953	3273.327311946675
370.1750129065565	3239.4835647624677
371.1755291688178	3201.0857676107616
372.176045431079	3214.4847249271506
373.1765616933402	3216.21862036149
374.1770779556014	3179.3957834760654
375.1775942178627	3121.056117856591
376.1781104801239	3058.7508157920483
377.1786267423851	2997.224376949244
378.17914300464633	2956.9952484489495
379.1796592669076	2892.7333621640846
380.1801755291688	2842.73083058293
381.18069179143004	2783.498429176296
382.18120805369125	2750.738012862926
383.1817243159525	2737.4928522311834
384.18224057821374	2746.475663683614
385.18275684047495	2721.9235962906837
386.18327310273617	2726.309880791673
387.18378936499744	2767.040534539284
388.18430562725865	2854.8071909814134
389.18482188951987	2951.948969169734
390.1853381517811	3016.9574253527553
391.18585441404235	3046.2137790966403
392.18637067630357	3078.039249693605
393.1868869385648	3106.282283806401
394.187403200826	3130.195370318502
395.18791946308727	3128.110793693384
396.1884357253485	3141.234474569922
397.1889519876097	3153.353707360173
398.1894682498709	3160.72521958723
399.1899845121322	3138.4994765303577
400.1905007743934	3108.4152088736532
401.1910170366546	3013.5423111995906
402.19153329891583	2952.4243281007693
403.1920495611771	2922.049541703202
404.1925658234383	2910.7981990182543
405.19308208569953	2889.1260990980763
406.19359834796074	2880.6723670212496
407.194114610222	2896.4069124015246
408.19463087248323	2942.6433393466295
409.19514713474445	3022.9377463411515
410.19566339700566	3053.6449340789377
411.19617965926693	3066.371402777037
412.19669592152815	3067.2736279392575
413.19721218378936	3104.5378692501563
414.1977284460506	3148.8204584897276
415.1982447083118	3172.093452246624
416.19876097057306	3117.92453426429
417.1992772328343	3045.1234175193395
418.1997934950955	2999.4852772015947
419.2003097573567	2970.1246699946973
420.200826019618	2987.3319520538503
421.2013422818792	3012.4623950371847
422.2018585441404	3048.1656975633214
423.2023748064016	3044.5252445707824
424.2028910686629	2997.702930914797
425.2034073309241	2924.7453196478264
426.2039235931853	2887.4207990376735
427.20443985544654	2834.1628422393164
428.2049561177078	2799.136538469552
429.205472379969	2765.2731082611426
430.20598864223024	2747.9511757669875
431.20650490449145	2760.9248512336226
432.2070211667527	2727.9285552416086
433.20753742901394	2699.966701690782
434.20805369127515	2664.8232324375062
435.20856995353637	2654.975292484707
436.20908621579764	2601.686345985184
437.20960247805886	2574.8651049954055
438.21011874032007	2558.9139860756745
439.2106350025813	2563.4495211315684
440.21115126484256	2619.6975804810168
441.21166752710377	2674.110563325976
442.212183789365	2706.019809775569
443.2127000516262	2723.665017775099
444.2132163138875	2764.4539943119
445.2137325761487	2815.072860743041
446.2142488384099	2896.9962496345097
447.2147651006711	2937.7154497201795
448.2152813629324	2966.1269296601195
449.2157976251936	2960.318935609468
450.2163138874548	2942.943688474827
451.21683014971603	2942.3114542898575
452.2173464119773	2949.5892062875587
453.2178626742385	2991.4378555764797
454.21837893649973	3004.0994348542004
455.21889519876095	3011.8107353645582
456.2194114610222	3002.1670228213256
457.21992772328343	2995.7688304569983
458.22044398554465	2978.8780561943604
459.22096024780586	2946.4562465847275
460.22147651006713	2887.489578300845
461.22199277232835	2831.904731666487
462.22250903458956	2802.4459473608645
463.2230252968508	2783.289882266065
464.22354155911205	2738.500155449316
465.22405782137326	2682.949576756769
466.2245740836345	2636.7600537382086
467.2250903458957	2570.5735015414148
468.22560660815697	2515.935056417837
469.2261228704182	2476.150209051015
470.2266391326794	2451.3570700015543
471.2271553949406	2455.5971604862775
472.2276716572019	2509.6793629135577
473.2281879194631	2545.857379611477
474.2287041817243	2571.2844074862883
475.2292204439855	2589.5352696343657
476.2297367062468	2586.4580712665966
477.230252968508	2591.49002447406
478.2307692307692	2607.10720454825
479.23128549303044	2676.7735083664247
480.23180175529166	2748.838999967006
481.2323180175529	2834.404065791325
482.23283427981414	2875.5402224581835
483.23335054207536	2932.3506564929166
484.23386680433657	2932.608780841434
485.23438306659784	2892.90580841997
486.23489932885906	2867.4879408929332
487.2354155911203	2880.168421393957
488.2359318533815	2899.377776437252
489.23644811564276	2898.079478787202
490.236964377904	2869.996852207922
491.2374806401652	2853.091609437589
492.2379969024264	2829.313310385661
493.2385131646877	2801.9734725947906
494.2390294269489	2787.1361222868813
495.2395456892101	2800.12105066157
496.2400619514713	2835.122880582725
497.2405782137326	2844.5343278595287
498.2410944759938	2805.7718645166838
499.241610738255	2759.450594455339
500.24212700051623	2733.798131397667
501.2426432627775	2734.0287889287024
502.2431595250387	2727.11687345809
503.24367578729994	2749.9797471884085
504.24419204956115	2774.800548303015
505.2447083118224	2817.5002776232654
506.24522457408364	2905.31556172221
507.24574083634485	3008.7162918965305
508.24625709860607	3083.952182223126
509.24677336086734	3108.2056437335305
510.24728962312855	3133.321972226165
511.24780588538977	3116.95931890807
512.2483221476509	3077.136493801512
513.2488384099122	3071.335719657946
514.2493546721735	3085.179206546323
515.2498709344347	3043.751053707185
516.2503871966959	2983.4194127880287
517.2509034589572	2903.1768752729618
518.2514197212183	2825.734645194949
519.2519359834796	2795.4846764217696
520.2524522457409	2757.2538980171166
521.2529685080021	2703.7086067455016
522.2534847702633	2706.172920643701
523.2540010325245	2750.6561692950922
524.2545172947857	2775.1617240646797
525.255033557047	2734.562811763224
526.2555498193083	2683.618840397279
527.2560660815694	2687.1087032337505
528.2565823438306	2738.0249019832927
529.2570986060919	2751.536978823913
530.2576148683531	2761.6843456466772
531.2581311306144	2785.2874915189786
532.2586473928756	2858.4503880451325
533.2591636551368	2942.2144198726146
534.259679917398	3015.150220514271
535.2601961796593	3041.375357778335
536.2607124419205	3045.093523063653
537.2612287041818	3054.757833947627
538.261744966443	3050.584413963239
539.2622612287041	3068.4769422740496
540.2627774909654	3085.2129876719036
541.2632937532267	3111.755623049002
542.2638100154879	3121.6478885800566
543.2643262777491	3059.29265428064
544.2648425400104	3010.763366576998
545.2653588022715	2964.0627300302376
546.2658750645328	2909.3597626815117
547.266391326794	2900.8938093870793
548.2669075890552	2849.30832288882
549.2674238513165	2739.390201781783
550.2679401135777	2672.020630521595
551.2684563758389	2634.5469393447092
552.2689726381002	2589.320785309704
553.2694889003614	2565.979634838938
554.2700051626226	2601.5135254560346
555.2705214248838	2687.0119515419824
556.271037687145	2752.7659916675525
557.2715539494063	2777.550618441672
558.2720702116675	2824.820957249555
559.2725864739288	2903.6798938185893
560.27310273619	2990.641812630294
561.2736189984512	3064.436323587939
562.2741352607125	3069.7680222306626
563.2746515229736	3056.9073877809305
564.2751677852349	3075.9796091893886
565.2756840474962	3103.415927836721
566.2762003097573	3098.3616131579797
567.2767165720186	3090.693804840665
568.2772328342799	3066.628766543673
569.277749096541	2992.369592652746
570.2782653588023	2909.431981801044
571.2787816210634	2836.6595381271486
572.2792978833247	2770.8935321362214
573.279814145586	2701.7114041293617
574.2803304078471	2637.4958498118062
575.2808466701084	2613.6396776066695
576.2813629323697	2614.93137319907
577.2818791946308	2605.570708507228
578.2823954568921	2666.5392763545806
579.2829117191533	2725.479857300737
580.2834279814145	2721.5232494158313
581.2839442436758	2731.990829108533
582.284460505937	2758.7822032526747
583.2849767681982	2776.136660267169
584.2854930304595	2774.6614291537717
585.2860092927207	2808.356928041137
586.286525554982	2895.6326955805466
587.2870418172431	2963.755733531778
588.2875580795044	2976.7770517653694
589.2880743417657	2997.8552232258294
590.2885906040268	3004.2925524556335
591.2891068662881	3013.2139895533114
592.2896231285494	3015.3891773116843
593.2901393908105	2985.966709579756
594.2906556530718	2934.5196382792433
595.2911719153329	2881.7952999027416
596.2916881775942	2839.457062636536
597.2922044398555	2798.1626719848045
598.2927207021166	2798.5132135495364
599.2932369643779	2818.130773829665
600.2937532266392	2835.9065749094702
601.2942694889003	2857.649323383277
602.2947857511616	2898.4098940480008
603.2953020134228	2961.6641104401165
604.295818275684	2966.109790704129
605.2963345379453	2947.9049951823113
606.2968508002065	2967.572517322592
607.2973670624677	3022.4991641601496
608.2978833247289	3059.888125621829
609.2983995869902	3077.6438795413655
610.2989158492514	3087.8979518642236
611.2994321115126	3054.0969252652326
612.2999483737739	3025.1049226897035
613.3004646360351	2999.1788671259933
614.3009808982963	2948.4100258479507
615.3014971605576	2868.1692619969135
616.3020134228187	2803.556729419192
617.30252968508	2768.9353281911244
618.3030459473413	2765.6337410088754
619.3035622096024	2743.405872987396
620.3040784718637	2746.4736312965215
621.304594734125	2747.962856791366
622.3051109963861	2749.5879939334854
623.3056272586474	2764.607865856541
624.3061435209086	2796.349064160574
625.3066597831698	2840.2522954906426
626.3071760454311	2909.906398726279
627.3076923076923	2970.759486829034
628.3082085699535	3000.5073038479763
629.3087248322148	3022.5708309964893
630.309241094476	3018.2381991293887
631.3097573567372	3004.448376979336
632.3102736189984	2963.1951203061676
633.3107898812597	2925.288149910767
634.3113061435209	2925.941012817902
635.3118224057821	2903.5666246198975
636.3123386680434	2847.475802762297
637.3128549303046	2766.6268945779084
638.3133711925658	2721.347226796937
639.3138874548271	2725.077195447005
640.3144037170882	2727.3516311406797
641.3149199793495	2728.608039675686
642.3154362416108	2734.898812169283
643.3159525038719	2743.1476535029446
644.3164687661332	2760.9408684765403
645.3169850283945	2765.0780546379306
646.3175012906556	2784.945521249382
647.3180175529169	2829.310264703564
648.3185338151781	2865.233372151518
649.3190500774393	2928.827015331395
650.3195663397006	3007.544060470268
651.3200826019618	3080.9338736462046
652.320598864223	3116.538402339417
653.3211151264843	3085.4097420522926
654.3216313887455	3062.6688504790573
655.3221476510067	3051.6679470263616
656.3226639132679	3018.002912165331
657.3231801755292	3014.7547286196545
658.3236964377904	3017.1108058724335
659.3242127000516	3012.8196236242907
660.3247289623129	3022.0417394913457
661.3252452245741	3008.2771446690617
662.3257614868353	2976.091671703494
663.3262777490966	2933.677865108314
664.3267940113577	2866.8277248208697
665.327310273619	2803.7407613105884
666.3278265358803	2767.2219207290887
667.3283427981414	2752.7913042876794
668.3288590604027	2716.1952814040465
669.329375322664	2670.0565142440632
670.3298915849251	2645.136136410302
671.3304078471864	2673.2852823510125
672.3309241094476	2705.842852603923
673.3314403717088	2727.189555256873
674.3319566339701	2777.4554805028306
675.3324728962313	2865.241204904896
676.3329891584925	2946.5477778058093
677.3335054207537	2995.504830315535
678.334021683015	3017.773621513341
679.3345379452762	3038.9420454493275
680.3350542075374	3079.160054104509
681.3355704697987	3144.9711339180794
682.3360867320599	3215.193586474339
683.3366029943211	3272.625189074272
684.3371192565824	3279.322991320363
685.3376355188435	3238.7408687523266
686.3381517811048	3186.580556485052
687.338668043366	3113.8616246477977
688.3391843056272	3047.6786904644446
689.3397005678885	2966.9741964847844
690.3402168301498	2865.5426560626242
691.3407330924109	2785.485650896972
692.3412493546722	2717.412495051995
693.3417656169333	2675.149942560152
694.3422818791946	2670.685531110421
695.3427981414559	2672.184121569103
696.343314403717	2701.538840676796
697.3438306659783	2747.686082192031
698.3443469282396	2798.6220002307396
699.3448631905007	2859.210885568389
700.345379452762	2904.5988181378434
701.3458957150232	2928.390634696522
702.3464119772844	2964.1003078194058
703.3469282395457	2974.862046241814
704.3474445018069	2944.601479956999
705.3479607640681	2948.4465208267084
706.3484770263294	2983.9241934496567
707.3489932885906	3015.83347383137
708.3495095508518	3029.6965123586588
709.350025813113	2997.0233315877604
710.3505420753743	2936.529963467532
711.3510583376355	2882.9494897062064
712.3515745998967	2829.9616072876984
713.352090862158	2776.1987620006284
714.3526071244193	2734.5885502729443
715.3531233866804	2724.839660704474
716.3536396489417	2703.212216420787
717.3541559112028	2654.28136577366
718.3546721734641	2606.827481260747
719.3551884357254	2614.2413183743633
720.3557046979865	2634.4417048829514
721.3562209602478	2644.845989118271
722.3567372225091	2639.303111815775
723.3572534847702	2628.6557735258375
724.3577697470315	2604.5863435447827
725.3582860092927	2593.9900809051537
726.3588022715539	2609.3752652208077
727.3593185338152	2659.6938316872665
728.3598347960764	2730.2997155173
729.3603510583376	2805.8832196798326
730.3608673205989	2879.5023109818335
731.3613835828601	2944.87221701721
732.3618998451213	3032.914455390717
733.3624161073825	3128.2058146352356
734.3629323696438	3168.5811113772147
735.363448631905	3123.600312391825
736.3639648941662	3078.929840123455
737.3644811564275	3063.80074547645
738.3649974186886	3048.67260150093
739.3655136809499	3046.9184073706174
740.3660299432112	3028.4233875883892
741.3665462054723	2977.5981069446407
742.3670624677336	2925.705923414902
743.3675787299949	2887.6063025700655
744.368094992256	2861.0568245121285
745.3686112545173	2864.2224336826052
746.3691275167785	2886.457304674505
747.3696437790397	2905.6353984218417
748.370160041301	2890.6896504621445
749.3706763035622	2860.330121417067
750.3711925658234	2866.3952358361576
751.3717088280847	2876.255424871473
752.3722250903459	2896.1335087706207
753.3727413526071	2915.8748320336317
754.3732576148683	2938.896952820347
755.3737738771296	2915.9658144273308
756.3742901393908	2877.7399947905888
757.374806401652	2864.1026363684728
758.3753226639133	2856.8982694858423
759.3758389261745	2826.0508953962017
760.3763551884357	2799.2165117399113
761.376871450697	2773.0519699930333
762.3773877129581	2700.9929492474607
763.3779039752194	2639.7080525422766
764.3784202374807	2632.2406251816765
765.3789364997418	2639.19309505116
766.3794527620031	2636.129477973521
767.3799690242644	2632.9393412730406
768.3804852865255	2639.389760200728
769.3810015487868	2655.048343649183
770.381517811048	2715.522287789472
771.3820340733092	2790.858368187457
772.3825503355705	2827.8955104301035
773.3830665978317	2852.558609970322
774.3835828600929	2893.5130551698503
775.3840991223542	2934.3366941701543
776.3846153846154	2986.4772638117274
777.3851316468766	3042.1103728347834
778.3856479091378	3075.5610360162586
779.3861641713991	3103.9558488565317
780.3866804336603	3120.6272143673104
781.3871966959215	3119.7127923426247
782.3877129581828	3069.1905556072893
783.388229220444	2989.9508114992905
784.3887454827052	2937.5913096050963
785.3892617449665	2905.883040144343
786.3897780072276	2853.5498816745985
787.3902942694889	2776.357523019019
788.3908105317502	2711.3823788453697
789.3913267940113	2655.7884017239066
790.3918430562726	2598.325868231614
791.3923593185339	2541.6469547870097
792.392875580795	2521.2766039691032
793.3933918430563	2520.3393818916925
794.3939081053175	2537.0093522124716
795.3944243675787	2568.9602318736047
796.39494062984	2586.911226778686
797.3954568921012	2609.750187922811
798.3959731543624	2651.062019418475
799.3964894166236	2713.6461333133984
800.3970056788849	2778.6503244001638
801.3975219411461	2869.875208196077
802.3980382034073	2971.786423365031
803.3985544656686	3029.4023488961134
804.3990707279298	3031.890902255577
805.399586990191	3003.0902660978136
806.4001032524523	2959.8587933111708
807.4006195147134	2907.892271594383
808.4011357769747	2856.012377813167
809.401652039236	2781.267839938409
810.4021683014971	2737.099453401841
811.4026845637584	2733.0681242275587
812.4032008260197	2749.110780196598
813.4037170882808	2762.381522575314
814.4042333505421	2765.323061271793
815.4047496128032	2773.8809669717216
816.4052658750645	2800.7933408542253
817.4057821373258	2849.8836841072753
818.406298399587	2877.695731558785
819.4068146618482	2878.2532565997726
820.4073309241095	2885.7317686759425
821.4078471863706	2908.925785017025
822.4083634486319	2899.4965158658374
823.4088797108931	2861.448179344058
824.4093959731543	2854.7621842077606
825.4099122354156	2874.3748121533604
826.4104284976768	2887.960109200824
827.410944759938	2873.7348615457768
828.4114610221993	2815.6163143020754
829.4119772844605	2745.8731580263475
830.4124935467217	2661.578134712216
831.4130098089829	2574.382983292314
832.4135260712442	2519.147743149246
833.4140423335054	2487.416763300041
834.4145585957666	2478.6559124194155
835.4150748580279	2474.6636840122187
836.4155911202892	2489.2401615823387
837.4161073825503	2537.367053399471
838.4166236448116	2594.5404672239874
839.4171399070727	2647.6424683245964
840.417656169334	2688.7632354081456
841.4181724315953	2727.385196735449
842.4186886938564	2749.923746145552
843.4192049561177	2762.4180287347995
844.419721218379	2772.3724871588865
845.4202374806401	2798.402479877775
846.4207537429014	2840.112644707388
847.4212700051626	2874.8823245830717
848.4217862674238	2911.0033726172496
849.4223025296851	2945.4195786398764
850.4228187919463	2956.2517262402675
851.4233350542075	2946.940720790623
852.4238513164688	2932.7384730209287
853.42436757873	2916.851588170315
854.4248838409912	2888.209192037704
855.4254001032524	2865.16761875477
856.4259163655137	2855.6295665111106
857.426432627775	2863.468274343167
858.4269488900361	2857.120415084738
859.4274651522974	2819.4972582477235
860.4279814145586	2775.2569390061194
861.4284976768198	2740.5286870714176
862.4290139390811	2723.4362273992015
863.4295302013422	2718.32383856248
864.4300464636035	2714.5920167495033
865.4305627258648	2696.7980763771507
866.4310789881259	2654.5573496468637
867.4315952503872	2621.2399815607005
868.4321115126484	2615.2658647395247
869.4326277749096	2648.8710562203437
870.4331440371709	2687.943479269809
871.4336602994321	2726.318010018269
872.4341765616933	2764.252554418871
873.4346928239546	2769.6894491730636
874.4352090862158	2793.744800775524
875.435725348477	2831.282410076693
876.4362416107382	2872.3965073102163
877.4367578729995	2942.898462522438
878.4372741352607	3011.4883747158774
879.4377903975219	3054.4280006125477
880.4383066597832	3074.002861572384
881.4388229220444	3100.4628186152554
882.4393391843056	3113.8515746148764
883.4398554465669	3093.7755399992293
884.440371708828	3043.4705415858602
885.4408879710893	2999.6501757315564
886.4414042333506	2965.6234860650206
887.4419204956117	2938.6924795162095
888.442436757873	2945.7331911994806
889.4429530201343	2960.4561693182504
890.4434692823954	2964.6933127590546
891.4439855446567	2942.7283213461947
892.4445018069179	2917.590869111038
893.4450180691791	2890.9184381908835
894.4455343314404	2851.7765012378336
895.4460505937016	2829.9033659692222
896.4465668559628	2836.8971994530953
897.4470831182241	2843.7542398882388
898.4475993804853	2833.6597789109665
899.4481156427465	2800.8854830585606
900.4486319050077	2771.9988072176066
901.449148167269	2761.4153836933656
902.4496644295302	2777.4697215760443
903.4501806917914	2814.3264569223916
904.4506969540527	2811.8465743217635
905.4512132163139	2799.7086912090203
906.4517294785751	2799.971828945113
907.4522457408364	2809.7239829672994
908.4527620030975	2825.199285100073
909.4532782653588	2835.856153115298
910.4537945276201	2829.4068093967057
911.4543107898812	2804.385126917245
912.4548270521425	2799.793301659293
913.4553433144038	2821.807452082933
914.4558595766649	2841.5475474590708
915.4563758389262	2828.451766311376
916.4568921011873	2824.7716708733924
917.4574083634486	2837.010324922941
918.4579246257099	2808.4278679434074
919.458440887971	2776.8923295835607
920.4589571502323	2772.089090486267
921.4594734124936	2771.1400317865555
922.4599896747548	2768.4008361478723
923.460505937016	2771.655415488327
924.4610221992772	2782.188600485442
925.4615384615385	2786.792470737567
926.4620547237997	2774.1266643078116
927.4625709860609	2773.301176593997
928.4630872483222	2802.0135089888745
929.4636035105833	2856.5191038830435
930.4641197728446	2922.1714675423987
931.4646360351059	2975.9671194861935
932.465152297367	3020.2470798600807
933.4656685596283	3068.75637380203
934.4661848218896	3111.3379788635066
935.4667010841507	3132.2020310768066
936.467217346412	3157.7999787203385
937.4677336086731	3191.479346411178
938.4682498709344	3234.09975014534
939.4687661331957	3272.814740587354
940.4692823954568	3265.762195625134
941.4697986577181	3223.064532203631
942.4703149199794	3165.5114413707634
943.4708311822405	3101.9683064109604
944.4713474445018	3034.574110324621
945.471863706763	2954.3304040903304
946.4723799690242	2856.9998243362097
947.4728962312855	2765.1973566211723
948.4734124935467	2704.8568131492957
949.473928755808	2647.989702655335
950.4744450180692	2605.0818788614733
951.4749612803304	2607.8253128144274
952.4754775425916	2632.5040137773326
953.4759938048528	2642.332405998586
954.4765100671141	2634.403704066183
955.4770263293753	2669.6835998446318
956.4775425916365	2742.2530452463648
957.4780588538978	2804.2648991869614
958.478575116159	2863.3643427205866
959.4790913784202	2924.017622240245
960.4796076406815	2973.4659595260155
961.4801239029426	3044.502506170585
962.4806401652039	3037.179174546978
963.4811564274652	3011.1860961193074
964.4816726897263	2988.135825558343
965.4821889519876	2953.432190089897
966.4827052142489	2887.4043373248364
967.48322147651	2848.9020697835817
968.4837377387713	2851.9787710054843
969.4842540010325	2854.5793872416634
970.4847702632937	2851.050523331006
971.485286525555	2830.979246150163
972.4858027878162	2801.5651322125186
973.4863190500774	2798.139512697828
974.4868353123387	2819.2497439131816
975.4873515745999	2835.8892893643906
976.4878678368611	2844.246499685342
977.4883840991223	2864.5555126550057
978.4889003613836	2889.9449499647367
979.4894166236448	2891.78738137018
980.489932885906	2861.9569397911923
981.4904491481673	2830.1402648016347
982.4909654104285	2825.0108012017868
983.4914816726897	2827.00301039903
984.491997934951	2801.744830957293
985.4925141972121	2734.462400698465
986.4930304594734	2663.9700151949255
987.4935467217347	2615.271961557774
988.4940629839958	2554.6147417260627
989.4945792462571	2506.8176576745923
990.4950955085184	2492.2674104795365
991.4956117707795	2504.286435462416
992.4961280330408	2553.1869886499544
993.496644295302	2619.7570272303833
994.4971605575632	2684.541456203141
995.4976768198245	2743.770957355929
996.4981930820857	2791.9080059737726
997.4987093443469	2822.284585376365
998.4992256066081	2841.1166426267696
999.4997418688694	2871.9760287639856
1000.5002581311306	2894.0139850028118
1001.5007743933918	2879.382664393296
1002.5012906556531	2868.0609672546166
1003.5018069179143	2866.701205644629
1004.5023231801755	2865.3886569674282
1005.5028394424368	2882.3272561084486
1006.5033557046979	2883.1214956579215
1007.5038719669592	2844.60225689407
1008.5043882292205	2800.3308503545886
1009.5049044914816	2782.0934155952423
1010.5054207537429	2759.625939040613
1011.5059370160042	2706.7405436438908
1012.5064532782653	2648.0702429829566
1013.5069695405266	2629.474006215685
1014.5074858027878	2652.1170383898075
1015.508002065049	2678.2709724251013
1016.5085183273103	2689.684634211489
1017.5090345895715	2676.214388792194
1018.5095508518327	2694.3779603967496
1019.510067114094	2748.7524077641847
1020.5105833763552	2798.494980562795
1021.5110996386164	2842.274852192532
1022.5116159008776	2873.966756842058
1023.5121321631389	2898.95816350984
1024.5126484254001	2910.6077304636055
1025.5131646876612	2910.4606667392595
1026.5136809499227	2918.284357513084
1027.5141972121837	2933.642394835028
1028.514713474445	2954.029116051629
1029.5152297367063	2973.940274569561
1030.5157459989673	2983.8161885257805
1031.5162622612288	2974.0604115076735
1032.5167785234898	2931.720906571987
1033.5172947857511	2899.537765294127
1034.5178110480124	2889.6662371713023
1035.5183273102737	2861.329359920601
1036.518843572535	2833.3435617459245
1037.519359834796	2798.8395720108665
1038.5198760970572	2749.919216336277
1039.5203923593185	2724.3327797498505
1040.5209086215798	2740.2471979496195
1041.521424883841	2753.4214767658386
1042.521941146102	2742.0867819254445
1043.5224574083636	2712.995179754863
1044.5229736706247	2706.0917113572605
1045.523489932886	2738.3642900952054
1046.5240061951472	2777.2602054607823
1047.5245224574082	2805.099548137525
1048.5250387196697	2794.0584553258213
1049.5255549819308	2776.628838545203
1050.526071244192	2768.7561459729786
1051.5265875064533	2749.589257489561
1052.5271037687144	2730.5293763791356
1053.5276200309759	2748.7345335191358
1054.528136293237	2784.8320121305537
1055.5286525554982	2829.6061033498904
1056.5291688177595	2860.6222386917275
1057.5296850800207	2879.1209697307836
1058.5302013422818	2888.5416714201447
1059.530717604543	2888.1022981401657
1060.5312338668043	2892.2949688743593
1061.5317501290656	2891.8676777581354
1062.5322663913269	2877.4157207678595
1063.532782653588	2840.174503993668
1064.5332989158492	2815.3330136186787
1065.5338151781104	2814.2678290621348
1066.5343314403717	2826.1695048644174
1067.534847702633	2831.0579412296843
1068.5353639648943	2817.3415849324642
1069.5358802271553	2792.3753202553403
1070.5363964894166	2776.3181687963433
1071.5369127516778	2795.925044136257
1072.5374290139391	2817.833514255143
1073.5379452762004	2815.306432254945
1074.5384615384614	2809.965400725318
1075.5389778007227	2819.4567447742443
1076.539494062984	2839.5278923515584
1077.5400103252452	2853.763066883207
1078.5405265875065	2878.8410187784198
1079.5410428497676	2927.655892657318
1080.5415591120288	2962.551585698479
1081.54207537429	2965.3266863351746
1082.5425916365514	2960.106368577793
1083.5431078988127	2921.923741933644
1084.543624161074	2891.402030372531
1085.544140423335	2860.391379366906
1086.5446566855962	2829.024788111675
1087.5451729478575	2807.1461812854677
1088.5456892101188	2806.1055722264905
1089.54620547238	2794.1128110350433
1090.546721734641	2768.141453391133
1091.5472379969024	2753.0048579473237
1092.5477542591636	2750.9584304306886
1093.548270521425	2760.9324594868754
1094.5487867836862	2754.804783169101
1095.5493030459472	2751.1888430415443
1096.5498193082085	2754.9708789091515
1097.5503355704698	2757.8853004835714
1098.550851832731	2758.584598078343
1099.5513680949923	2742.4785675488592
1100.5518843572536	2722.1661644954615
1101.5524006195146	2711.8109388783128
1102.552916881776	2721.313213494359
1103.5534331440372	2739.967273270661
1104.5539494062984	2757.398135106295
1105.5544656685597	2789.91764066701
1106.5549819308208	2832.8588821747276
1107.555498193082	2858.1713750063936
1108.5560144553433	2859.3007803926516
1109.5565307176046	2876.710160633522
1110.5570469798658	2938.4223477536025
1111.557563242127	2985.203900308461
1112.5580795043882	2994.374817633169
1113.5585957666494	3007.114861014004
1114.5591120289107	3004.107168648362
1115.559628291172	2995.8610913304256
1116.5601445534332	2998.049881518861
1117.5606608156943	2997.150066279507
1118.5611770779556	2958.966469132
1119.5616933402168	2915.277404860151
1120.562209602478	2869.8938969274263
1121.5627258647394	2807.0730631256342
1122.5632421270004	2749.3015645203022
1123.5637583892617	2721.3368944685917
1124.564274651523	2722.3444275233037
1125.5647909137842	2717.8404604440907
1126.5653071760455	2712.9705845723543
1127.5658234383066	2740.3553585153827
1128.5663397005678	2774.0419138090547
1129.566855962829	2812.243978615007
1130.5673722250904	2834.761877355184
1131.5678884873516	2850.9518699050423
1132.5684047496127	2871.9538674876826
1133.568921011874	2905.593504001265
1134.5694372741352	2940.6643233349496
1135.5699535363965	2965.479247846602
1136.5704697986578	2993.83809099831
1137.570986060919	3041.144742154325
1138.57150232318	3065.5675761289895
1139.5720185854414	3049.400102070518
1140.5725348477026	3014.8734478307642
1141.573051109964	2986.456735254518
1142.5735673722252	2945.102850691847
1143.5740836344862	2896.41916641753
1144.5745998967475	2865.1364631932365
1145.5751161590088	2846.325175136956
1146.57563242127	2825.9220901260564
1147.5761486835313	2776.1122657360393
1148.5766649457923	2735.092131170482
1149.5771812080536	2709.6484051883626
1150.577697470315	2694.1739766452065
1151.5782137325762	2706.020477968809
1152.5787299948374	2719.799052343193
1153.5792462570987	2740.628959624472
1154.5797625193597	2787.260652234789
1155.580278781621	2845.26658371911
1156.5807950438823	2890.6140785279435
1157.5813113061436	2915.3811506445286
1158.5818275684048	2930.120766830276
1159.5823438306659	2944.3288301281955
1160.5828600929271	2947.203012411104
1161.5833763551884	2930.136040466348
1162.5838926174497	2920.412940456073
1163.584408879711	2896.953521568802
1164.584925141972	2865.455923266646
1165.5854414042333	2823.3952667732406
1166.5859576664946	2759.8384482036536
1167.5864739287558	2679.993742689737
1168.586990191017	2609.2202571462326
1169.5875064532784	2575.519371090111
1170.5880227155394	2582.66133654179
1171.5885389778007	2616.089407704961
1172.589055240062	2652.499529495702
1173.5895715023232	2691.134086356393
1174.5900877645845	2730.0499882581316
1175.5906040268455	2788.254605178243
1176.5911202891068	2884.4186962782846
1177.591636551368	3010.1892296492047
1178.5921528136294	3087.7251879849473
1179.5926690758906	3098.4069976143483
1180.5931853381517	3092.2121166711195
1181.593701600413	3079.5346157178083
1182.5942178626742	3067.0083860190975
1183.5947341249355	3029.5774769295376
1184.5952503871968	2992.3016126189464
1185.5957666494578	2960.940052858164
1186.596282911719	2940.0519889906313
1187.5967991739803	2922.4414305739388
1188.5973154362416	2903.8012129688273
1189.597831698503	2873.574628896043
1190.5983479607642	2835.94038886383
1191.5988642230252	2800.531169972465
1192.5993804852865	2755.709677083139
1193.5998967475477	2712.914640236286
1194.600413009809	2698.6847558455897
1195.6009292720703	2709.5648969680637
1196.6014455343313	2748.2183512162137
1197.6019617965926	2803.2151812500124
1198.6024780588539	2850.999003633022
1199.6029943211151	2868.1183001075883
1200.6035105833764	2873.9458006009536
1201.6040268456375	2879.173356022357
1202.6045431078987	2877.3417132126033
1203.60505937016	2870.699100210774
1204.6055756324213	2859.271775141394
1205.6060918946825	2830.4746431201124
1206.6066081569438	2821.805052932692
1207.6071244192049	2845.340183838102
1208.6076406814661	2904.3091820990835
1209.6081569437274	2967.312907936848
1210.6086732059887	2975.8951199146245
1211.60918946825	2952.7641913299562
1212.609705730511	2933.2688247551187
1213.6102219927723	2937.1382317601124
1214.6107382550335	2935.079350041696
1215.6112545172948	2928.378066859132
1216.611770779556	2906.742800821532
1217.6122870418171	2895.773588274505
1218.6128033040784	2887.6561211987446
1219.6133195663397	2888.7309078885114
1220.613835828601	2884.728415446512
1221.6143520908622	2868.506469331619
1222.6148683531235	2874.0254626437472
1223.6153846153845	2884.6780322814607
1224.6159008776458	2870.8650160397324
1225.616417139907	2853.7500884944056
1226.6169334021683	2828.759590382911
1227.6174496644296	2832.183285998753
1228.6179659266907	2857.9174634207834
1229.618482188952	2870.848123763349
1230.6189984512132	2881.81142037687
1231.6195147134745	2905.4154742759383
1232.6200309757357	2944.003930712671
1233.6205472379968	2967.235236297461
1234.621063500258	2994.3437076870778
1235.6215797625193	3023.82268788951
1236.6220960247806	3015.0743886754253
1237.6226122870419	3001.741648499635
1238.6231285493031	2997.7354489223785
1239.6236448115642	3007.6307000431125
1240.6241610738255	3029.9775023384464
1241.6246773360867	3032.6185278873854
1242.625193598348	3004.9090279488046
1243.6257098606093	2960.663703963735
1244.6262261228703	2932.412992358069
1245.6267423851316	2913.148417899978
1246.6272586473929	2903.6288438558845
1247.6277749096541	2882.1020841227055
1248.6282911719154	2868.9795392209207
1249.6288074341765	2852.3174928023795
1250.6293236964377	2851.569732800177
1251.629839958699	2836.950199101643
1252.6303562209603	2794.5215029050646
1253.6308724832215	2760.5046862040413
1254.6313887454826	2713.569076636961
1255.6319050077439	2668.847879653124
1256.6324212700051	2628.7811804284383
1257.6329375322664	2592.340499041643
1258.6334537945277	2602.6465398275923
1259.633970056789	2660.960962772016
1260.63448631905	2721.8687414267342
1261.6350025813113	2778.1621199312585
1262.6355188435725	2823.7820137211615
1263.6360351058338	2879.9518469372024
1264.636551368095	2937.018827663167
1265.6370676303561	2984.7810776062393
1266.6375838926174	3045.1704788122674
1267.6381001548787	3078.6839283492927
1268.63861641714	3115.8477027111458
1269.6391326794012	3165.0562365022543
1270.6396489416622	3206.337559807139
1271.6401652039235	3251.683069076753
1272.6406814661848	3304.0455002156477
1273.641197728446	3316.6594918484307
1274.6417139907073	3280.5655517801833
1275.6422302529686	3221.164958932348
1276.6427465152296	3137.978338546253
1277.643262777491	3059.049657707722
1278.6437790397522	2972.939449658836
1279.6442953020135	2904.3372741242883
1280.6448115642747	2849.5352276625354
1281.6453278265358	2831.595366150835
1282.645844088797	2839.6052724875717
1283.6463603510583	2843.6563411090124
1284.6468766133196	2866.847312080512
1285.6473928755809	2898.594570762967
1286.647909137842	2932.892609976267
1287.6484254001032	2939.4839098918187
1288.6489416623645	2924.2405010419043
1289.6494579246257	2914.409298358773
1290.649974186887	2903.070729104551
1291.6504904491483	2911.3097096492156
1292.6510067114093	2933.6226316591597
1293.6515229736706	2947.519535962911
1294.6520392359319	2968.022466872751
1295.6525554981931	2976.552903557492
1296.6530717604544	2967.1366092007897
1297.6535880227154	2964.443700507975
1298.6541042849767	2950.9620831255843
1299.654620547238	2934.602177257153
1300.6551368094993	2910.0267371155205
1301.6556530717605	2893.894450006441
1302.6561693340216	2862.275596275421
1303.6566855962828	2844.2121736834315
1304.657201858544	2842.3196062556312
1305.6577181208054	2825.8739827369313
1306.6582343830667	2790.6135723202965
1307.658750645328	2743.761767902868
1308.659266907589	2705.760376479761
1309.6597831698502	2682.2167001102707
1310.6602994321115	2679.084552633395
1311.6608156943728	2686.1343728415795
1312.661331956634	2716.412908287589
1313.661848218895	2768.8237774760914
1314.6623644811564	2830.16865791894
1315.6628807434176	2897.604142600752
1316.663397005679	2992.983950987249
1317.6639132679402	3080.657488838684
1318.6644295302012	3142.686172002794
1319.6649457924625	3177.0149097160906
1320.6654620547238	3190.3481953619457
1321.665978316985	3183.6469687018016
1322.6664945792463	3161.329903106429
1323.6670108415074	3140.2949667998255
1324.6675271037686	3115.205383914467
1325.66804336603	3095.9416909243373
1326.6685596282912	3084.388901117626
1327.6690758905524	3047.684045227764
1328.6695921528137	2990.4992200536544
1329.6701084150748	2936.672117078265
1330.670624677336	2851.6643782564793
1331.6711409395973	2755.8762898298937
1332.6716572018586	2715.6081370628335
1333.6721734641199	2690.297799518778
1334.672689726381	2691.892665665573
1335.6732059886422	2739.2125774095502
1336.6737222509034	2799.1432386320967
1337.6742385131647	2860.3087429689613
1338.674754775426	2924.1420875440494
1339.675271037687	2982.8993831279386
1340.6757872999483	3054.796045604365
1341.6763035622096	3114.517041477284
1342.6768198244708	3142.819756539798
1343.677336086732	3147.864350441445
1344.6778523489934	3148.4545784484585
1345.6783686112544	3130.8347256783827
1346.6788848735157	3097.0889138283014
1347.679401135777	3081.564677862833
1348.6799173980382	3077.888426069368
1349.6804336602995	3094.8446598785963
1350.6809499225606	3092.3272518411236
1351.6814661848218	3063.068159676605
1352.681982447083	3045.470345836792
1353.6824987093444	3043.338642953393
1354.6830149716056	3034.0295176172763
1355.6835312338667	3004.0620413075408
1356.684047496128	2946.3038324602335
1357.6845637583892	2909.017242902895
1358.6850800206505	2897.7572742305456
1359.6855962829118	2901.1241149988496
1360.686112545173	2945.7513408286773
1361.686628807434	2986.1922988516467
1362.6871450696954	2997.644316769826
1363.6876613319566	2996.992567548876
1364.688177594218	2971.0224099538186
1365.6886938564792	2949.566471182863
1366.6892101187402	2945.8418916550395
1367.6897263810015	2934.6134103475556
1368.6902426432628	2906.5831468304104
1369.690758905524	2876.433811292048
1370.6912751677853	2841.11556215969
1371.6917914300464	2805.5058744063963
1372.6923076923076	2770.611727451135
1373.692823954569	2758.801239379779
1374.6933402168302	2760.9362623500947
1375.6938564790914	2783.6350969352948
1376.6943727413525	2815.0623439560195
1377.6948890036138	2865.18235777542
1378.695405265875	2930.037192477248
1379.6959215281363	2991.4873762933407
1380.6964377903976	3053.0940969078533
1381.6969540526588	3103.0819674940885
1382.6974703149199	3133.9265927425117
1383.6979865771812	3156.340317983153
1384.6985028394424	3201.06092590175
1385.6990191017037	3237.415715414834
1386.699535363965	3266.685654965793
1387.700051626226	3250.325144952105
1388.7005678884873	3187.358985530931
1389.7010841507486	3100.864176924097
1390.7016004130098	2980.746833557992
1391.702116675271	2850.376344649895
1392.7026329375321	2731.366105637569
1393.7031491997934	2649.7393312828567
1394.7036654620547	2582.8591023577483
1395.704181724316	2535.9835237524558
1396.7046979865772	2503.970944945218
1397.7052142488385	2504.491210760821
1398.7057305110995	2532.5777178805197
1399.7062467733608	2556.0015608273834
1400.706763035622	2612.5126040529412
1401.7072792978834	2707.816313313106
1402.7077955601446	2781.8388484276525
1403.7083118224057	2843.0503756312614
1404.708828084667	2921.553833721074
1405.7093443469282	2997.2618847768513
1406.7098606091895	3059.3785690734608
1407.7103768714508	3094.0713404903145
1408.7108931337118	3097.299519577408
1409.711409395973	3105.393672088535
1410.7119256582343	3119.9304346062077
1411.7124419204956	3125.3177085719494
1412.712958182757	3101.7239283897848
1413.7134744450182	3054.626460812402
1414.7139907072792	3024.249436267804
1415.7145069695405	2993.671648591758
1416.7150232318018	2928.3063375787406
1417.715539494063	2881.924366934648
1418.7160557563243	2849.5704780430565
1419.7165720185853	2833.6822061372577
1420.7170882808466	2847.2222114729398
1421.7176045431079	2878.5478673235666
1422.7181208053692	2892.8509028995586
1423.7186370676304	2885.6835878828374
1424.7191533298915	2890.300487455635
1425.7196695921527	2893.5296192417245
1426.720185854414	2895.554373038667
1427.7207021166753	2900.905998324457
1428.7212183789366	2923.3711641357445
1429.7217346411978	2961.7578254933587
1430.7222509034589	2977.4266132144485
1431.7227671657201	2991.8080049548707
1432.7232834279814	3034.5771687630076
1433.7237996902427	3063.660555850286
1434.724315952504	3094.089371325978
1435.724832214765	3144.4148048351904
1436.7253484770263	3202.316696675863
1437.7258647392875	3277.254248187224
1438.7263810015488	3332.269987647188
1439.72689726381	3333.9170140040965
1440.7274135260711	3308.4756603217597
1441.7279297883324	3299.754473883398
1442.7284460505937	3290.7613737619085
1443.728962312855	3296.1341049440834
1444.7294785751162	3281.555281735652
1445.7299948373773	3301.438088503563
1446.7305110996385	3321.6207887044957
1447.7310273618998	3275.662038551254
1448.731543624161	3221.33089853496
1449.7320598864223	3124.378828118596
1450.7325761486836	3027.3463773528993
1451.7330924109447	2954.6698176163673
1452.733608673206	2916.015129732601
1453.7341249354672	2878.664844578119
1454.7346411977285	2830.1114507220846
1455.7351574599898	2788.355965513401
1456.7356737222508	2747.6127936603466
1457.736189984512	2740.7617232274924
1458.7367062467733	2773.7069957157
1459.7372225090346	2829.787687834415
1460.7377387712959	2906.2385413834704
1461.738255033557	2994.857787552292
1462.7387712958182	3068.038689701891
1463.7392875580795	3133.276049123761
1464.7398038203407	3192.4652250518325
1465.740320082602	3211.4806301112685
1466.7408363448633	3211.8919286336372
1467.7413526071243	3229.7521472005733
1468.7418688693856	3283.766572231207
1469.7423851316469	3299.7565096430044
1470.7429013939081	3266.0905697790627
1471.7434176561694	3192.1271611026827
1472.7439339184305	3124.76181689333
1473.7444501806917	3019.634900621137
1474.744966442953	2914.4810647554464
1475.7454827052143	2824.0344799406694
1476.7459989674755	2750.9065832634246
1477.7465152297366	2675.7262350864307
1478.7470314919979	2650.6294619547293
1479.7475477542591	2659.7716634899684
1480.7480640165204	2650.736353141675
1481.7485802787817	2661.741577915817
1482.749096541043	2705.2215426497896
1483.749612803304	2783.717091451978
1484.7501290655653	2869.1371093348525
1485.7506453278265	2938.95420965156
1486.7511615900878	3007.149397738008
1487.751677852349	3031.5201474742994
1488.7521941146101	3066.6720496448456
1489.7527103768714	3127.965054028744
1490.7532266391327	3179.6352907020337
1491.753742901394	3229.165517928702
1492.7542591636552	3269.5699322809573
1493.7547754259163	3312.7402247217774
1494.7552916881775	3340.2834280360466
1495.7558079504388	3356.5663227953855
1496.7563242127	3341.5900183812573
1497.7568404749613	3314.6338882715595
1498.7573567372226	3285.620382800927
1499.7578729994837	3282.4556888629554
1500.758389261745	3250.6197410207974
1501.7589055240062	3189.5293795427483
1502.7594217862675	3110.0011816611263
1503.7599380485287	3046.679979913932
1504.7604543107898	2986.2252872229724
1505.760970573051	2916.2901198570653
1506.7614868353123	2882.0117973774677
1507.7620030975736	2879.2670066339438
1508.7625193598349	2845.454801373934
1509.763035622096	2824.8338256675643
1510.7635518843572	2809.6334435795443
1511.7640681466185	2776.4053358261203
1512.7645844088797	2777.6424686859896
1513.765100671141	2801.1502192828575
1514.765616933402	2864.512443103026
1515.7661331956633	2940.967539322688
1516.7666494579246	3022.205926968403
1517.7671657201859	3091.819771265771
1518.7676819824471	3129.0744842069626
1519.7681982447084	3138.8002757437807
1520.7687145069694	3163.092452367444
1521.7692307692307	3204.1047305533916
1522.769747031492	3242.562152857607
1523.7702632937533	3248.2417771295563
1524.7707795560145	3250.3610377809496
1525.7712958182756	3246.999553527973
1526.7718120805368	3219.265662989094
1527.7723283427981	3175.9980767609004
1528.7728446050594	3146.897000208805
1529.7733608673207	3123.879513340084
1530.7738771295817	3135.6680335366914
1531.774393391843	3158.328036127791
1532.7749096541042	3170.860502182245
1533.7754259163655	3194.3264552981373
1534.7759421786268	3201.7129038250637
1535.776458440888	3196.115944911354
1536.776974703149	3173.8847232509015
1537.7774909654104	3140.6130049992057
1538.7780072276717	3128.9898522165317
1539.778523489933	3120.7730102124247
1540.7790397521942	3117.4149717122295
1541.7795560144552	3088.148353911949
1542.7800722767165	3033.866845787695
1543.7805885389778	2993.77463987976
1544.781104801239	2991.9646456852315
1545.7816210635003	2932.341590426339
1546.7821373257614	2888.8289110062638
1547.7826535880226	2869.747287800072
1548.783169850284	2884.6550333751115
1549.7836861125452	2900.1987406414014
1550.7842023748065	2882.2637081798966
1551.7847186370677	2858.5695682377277
1552.7852348993288	2869.916768532797
1553.78575116159	2925.6335622858164
1554.7862674238513	2996.14527730825
1555.7867836861126	3081.469797839846
1556.7872999483739	3156.365728618774
1557.787816210635	3202.646533093553
1558.7883324728962	3228.173792866366
1559.7888487351574	3275.0676598233363
1560.7893649974187	3310.154210292853
1561.78988125968	3351.6700642887595
1562.790397521941	3379.482237998564
1563.7909137842023	3367.594895255988
1564.7914300464636	3362.0580916739887
1565.7919463087248	3337.3269288388833
1566.7924625709861	3279.197609337598
1567.7929788332472	3235.7970380261495
1568.7934950955084	3174.0182434341996
1569.7940113577697	3101.797113634094
1570.794527620031	3050.7831794055237
1571.7950438822922	3042.734123701083
1572.7955601445535	3040.5390584932816
1573.7960764068146	2998.1202102053285
1574.7965926690758	2980.6379301863735
1575.797108931337	3003.95496717448
1576.7976251935984	3035.8419918247682
1577.7981414558596	3068.948156042963
1578.7986577181207	3104.2825222713223
1579.799173980382	3170.72716988418
1580.7996902426432	3226.1339417795193
1581.8002065049045	3281.2031953666956
1582.8007227671658	3306.5700560664777
1583.8012390294268	3334.6049152800356
1584.801755291688	3362.522089604461
1585.8022715539494	3357.750562518001
1586.8027878162106	3357.7449975521063
1587.803304078472	3358.6613026501723
1588.8038203407332	3338.9287177330702
1589.8043366029942	3295.184801266503
1590.8048528652555	3249.3784149991293
1591.8053691275168	3182.0212530568465
1592.805885389778	3116.4831435763385
1593.8064016520393	3099.7359415671035
1594.8069179143004	3092.7701544696215
1595.8074341765616	3104.135100985498
1596.807950438823	3129.2837248808946
1597.8084667010842	3131.4596368377925
1598.8089829633454	3148.4399198431915
1599.8094992256065	3173.207916316976
1600.8100154878678	3195.211476206576
1601.810531750129	3205.234411641361
1602.8110480123903	3239.067133362363
1603.8115642746516	3291.476240826335
1604.8120805369128	3303.1528972954434
1605.812596799174	3308.2669851238984
1606.8131130614352	3347.215246190225
1607.8136293236964	3393.4268443189067
1608.8141455859577	3394.6888191183198
1609.814661848219	3379.4921109511056
1610.81517811048	3369.7628421032414
1611.8156943727413	3320.6804219786854
1612.8162106350026	3268.73252899544
1613.8167268972638	3201.431798902591
1614.817243159525	3149.5967387360097
1615.8177594217861	3093.730030819699
1616.8182756840474	3033.8922061615563
1617.8187919463087	2977.081851437512
1618.81930820857	2951.8981741328707
1619.8198244708312	2924.9006716925137
1620.8203407330925	2932.032380271648
1621.8208569953536	2938.430789220234
1622.8213732576148	2946.6161322327907
1623.821889519876	2945.4240206542854
1624.8224057821374	2959.669917169355
1625.8229220443986	2984.7683962903648
1626.8234383066597	3001.011513357209
1627.823954568921	3097.606361670788
1628.8244708311822	3183.805796491366
1629.8249870934435	3243.2591008982163
1630.8255033557048	3312.5502957933254
1631.8260196179658	3389.6067384469884
1632.826535880227	3466.1241947793415
1633.8270521424884	3523.987064751029
1634.8275684047496	3547.9412788698796
1635.828084667011	3524.7968520217637
1636.828600929272	3474.823709877092
1637.8291171915332	3430.7217390360565
1638.8296334537945	3402.773121276637
1639.8301497160558	3343.591482276822
1640.830665978317	3264.7161768768556
1641.8311822405783	3224.367665540747
1642.8316985028393	3183.925434013015
1643.8322147651006	3159.638605919515
1644.832731027362	3174.925528340885
1645.8332472896232	3185.456131320783
1646.8337635518844	3171.7658623260045
1647.8342798141455	3160.4313568370726
1648.8347960764067	3142.482743391524
1649.835312338668	3142.2623610547894
1650.8358286009293	3153.468505596466
1651.8363448631906	3172.321064805826
1652.8368611254516	3192.205947428512
1653.8373773877129	3176.563804233309
1654.8378936499741	3188.999200815272
1655.8384099122354	3194.2743040825703
1656.8389261744967	3201.0287390395124
1657.839442436758	3143.24090118356
1658.839958699019	3144.854144114748
1659.8404749612803	3162.2381264463397
1660.8409912235416	3171.9934695074144
1661.8415074858028	3187.0347170672644
1662.842023748064	3182.8308048109957
1663.8425400103251	3168.546494264603
1664.8430562725864	3167.560792965935
1665.8435725348477	3206.8390012521986
1666.844088797109	3251.6317926021184
1667.8446050593702	3301.070847273653
1668.8451213216313	3355.0142360055374
1669.8456375838925	3425.2858824367245
1670.8461538461538	3484.484502218891
1671.846670108415	3482.0887139581605
1672.8471863706764	3462.056718680687
1673.8477026329376	3428.9873735596357
1674.8482188951987	3387.9216026587187
1675.84873515746	3384.4647971557633
1676.8492514197212	3355.8869261278287
1677.8497676819825	3314.8050248679497
1678.8502839442438	3284.187747315814
1679.8508002065048	3267.6756938695034
1680.851316468766	3225.0695539770363
1681.8518327310273	3207.7170679035817
1682.8523489932886	3196.2194651643117
1683.85286525555	3195.633512808757
1684.853381517811	3179.6037311765144
1685.8538977800722	3182.240983701136
1686.8544140423335	3173.4618589652264
1687.8549303045947	3168.7199700886817
1688.855446566856	3178.3555370968693
1689.8559628291173	3194.443455158696
1690.8564790913783	3205.2262958303627
1691.8569953536396	3237.896835126203
1692.8575116159009	3299.873334952531
1693.8580278781621	3343.965631587697
1694.8585441404234	3333.0452206373943
1695.8590604026845	3303.4646113636936
1696.8595766649457	3298.5542270484034
1697.860092927207	3281.3839437291076
1698.8606091894683	3279.1329256602717
1699.8611254517295	3296.834881030879
1700.8616417139906	3324.4485253691323
1701.8621579762519	3334.8649821832823
1702.8626742385131	3309.5674993846587
1703.8631905007744	3269.24928142113
1704.8637067630357	3240.973959605814
1705.8642230252967	3239.8794581045186
1706.864739287558	3253.840494930105
1707.8652555498193	3264.0384770273176
1708.8657718120805	3269.999246751552
1709.8662880743418	3285.921674578895
1710.866804336603	3322.9654825108987
1711.8673205988641	3349.404168344856
1712.8678368611254	3359.676897240504
1713.8683531233867	3391.73034490237
1714.868869385648	3410.124402961013
1715.8693856479092	3405.6724917036277
1716.8699019101703	3430.3543995921195
1717.8704181724315	3441.3060828056014
1718.8709344346928	3421.965833445062
1719.871450696954	3400.978048157453
1720.8719669592153	3370.5543540060453
1721.8724832214764	3367.9528726123153
1722.8729994837377	3396.5502029116865
1723.873515745999	3444.3196228479837
1724.8740320082602	3473.104117655343
1725.8745482705215	3467.2917648558227
1726.8750645327827	3430.8099765969787
1727.8755807950438	3402.210671871504
1728.876097057305	3347.5308479060386
1729.8766133195663	3300.1318631492672
1730.8771295818276	3273.306200997508
1731.8776458440889	3309.226664760745
1732.87816210635	3320.2340872516875
1733.8786783686112	3282.1955924138683
1734.8791946308725	3243.612409326794
1735.8797108931337	3206.7127455829645
1736.880227155395	3219.5182394024196
1737.880743417656	3228.9947726844166
1738.8812596799173	3234.0038125908
1739.8817759421786	3254.093529728251
1740.8822922044399	3265.5679636144655
1741.8828084667011	3282.4723284786146
1742.8833247289624	3304.6814740034542
1743.8838409912235	3304.0629554718407
1744.8843572534847	3306.7246591709
1745.884873515746	3337.7744576538157
1746.8853897780073	3309.1418337943983
1747.8859060402685	3295.387874024503
1748.8864223025296	3287.665938042111
1749.8869385647909	3284.993717211419
1750.8874548270521	3261.8276721808397
1751.8879710893134	3219.340297107045
1752.8884873515747	3190.4391149192184
1753.8890036138357	3191.872914040605
1754.889519876097	3205.024976481344
1755.8900361383583	3222.167498747149
1756.8905524006195	3229.8477832170092
1757.8910686628808	3233.489159904557
1758.891584925142	3276.623692962949
1759.8921011874031	3313.75773268814
1760.8926174496644	3368.376493404563
1761.8931337119257	3380.6455501703963
1762.893649974187	3413.6307147288153
1763.8941662364482	3440.0294941074562
1764.8946824987092	3434.910807874632
1765.8951987609705	3430.9768208039586
1766.8957150232318	3428.581604839021
1767.896231285493	3433.112846054226
1768.8967475477543	3412.8737019318505
1769.8972638100154	3370.0314708893493
1770.8977800722766	3343.5749504340088
1771.898296334538	3318.0916951808813
1772.8988125967992	3281.904791484135
1773.8993288590605	3248.6877692790904
1774.8998451213215	3221.4094156772376
1775.9003613835828	3222.0123364463975
1776.900877645844	3281.139902053508
1777.9013939081053	3346.2717218657745
1778.9019101703666	3374.9889687186815
1779.9024264326279	3406.904410151073
1780.902942694889	3402.195213043389
1781.9034589571502	3377.749621401073
1782.9039752194114	3385.975143686376
1783.9044914816727	3418.987893217708
1784.905007743934	3454.7997314467802
1785.905524006195	3484.6239244018316
1786.9060402684563	3504.1116569776777
1787.9065565307176	3491.814359065091
1788.9070727929789	3449.4405405524553
1789.9075890552401	3426.4457692007986
1790.9081053175012	3426.763545852168
1791.9086215797624	3460.7007380003915
1792.9091378420237	3499.3177452618834
1793.909654104285	3549.0744351598837
1794.9101703665463	3567.727748156989
1795.9106866288075	3564.7731669449195
1796.9112028910686	3553.4451060155043
1797.9117191533298	3538.030643414209
1798.912235415591	3527.1675762427712
1799.9127516778524	3522.222770908084
1800.9132679401137	3550.492842974552
1801.9137842023747	3589.193219005324
1802.914300464636	3627.589720775741
1803.9148167268972	3625.1290715899518
1804.9153329891585	3598.7170836208784
1805.9158492514198	3528.66817908722
1806.9163655136808	3460.702417773415
1807.916881775942	3401.475021903334
1808.9173980382034	3406.8869264122113
1809.9179143004646	3389.2069583236225
1810.918430562726	3411.1012454228835
1811.9189468249872	3386.1228895501363
1812.9194630872482	3350.5962244026928
1813.9199793495095	3295.891390622996
1814.9204956117708	3267.494021717989
1815.921011874032	3240.7296691515126
1816.9215281362933	3238.382963242908
1817.9220443985544	3295.264784067822
1818.9225606608156	3368.9700446377274
1819.923076923077	3412.4878276814493
1820.9235931853382	3430.3975706189353
1821.9241094475994	3451.310017786891
1822.9246257098605	3440.378447573684
1823.9251419721218	3437.3693690552373
1824.925658234383	3473.4857958574576
1825.9261744966443	3496.9160790099554
1826.9266907589056	3510.807804254183
1827.9272070211666	3532.7838621546334
1828.927723283428	3526.6126433303443
1829.9282395456892	3519.2743401733
1830.9287558079504	3476.374861568292
1831.9292720702117	3466.231382718073
1832.929788332473	3468.328491090902
1833.930304594734	3441.3666379864544
1834.9308208569953	3402.4703084418443
1835.9313371192566	3372.412883918547
1836.9318533815178	3317.078676612598
1837.932369643779	3253.774520888751
1838.9328859060402	3183.235204855374
1839.9334021683014	3147.8504776191267
1840.9339184305627	3127.4091099391076
1841.934434692824	3123.4346209456394
1842.9349509550852	3121.175988954385
1843.9354672173463	3152.0987108394024
1844.9359834796076	3219.0346356845007
1845.9364997418688	3273.8043196923386
1846.93701600413	3343.699166410724
1847.9375322663914	3367.5552076295644
1848.9380485286526	3379.327594681121
1849.9385647909137	3428.0150783271
1850.939081053175	3465.690211043144
1851.9395973154362	3519.522290051187
1852.9401135776975	3565.1513973472256
1853.9406298399588	3585.048132108691
1854.9411461022198	3609.033556006156
1855.941662364481	3629.3043736932777
1856.9421786267424	3603.0675562090987
1857.9426948890036	3548.075615979624
1858.943211151265	3472.6092674847478
1859.943727413526	3362.477162968477
1860.9442436757872	3291.123102909296
1861.9447599380485	3193.5689565727985
1862.9452762003098	3135.6259291800866
1863.945792462571	3120.325431484485
1864.9463087248323	3094.7806899316033
1865.9468249870934	3107.9785271649157
1866.9473412493546	3149.357986554063
1867.947857511616	3195.6253382016475
1868.9483737738772	3230.013658135396
1869.9488900361384	3257.9996763958616
1870.9494062983995	3294.9878750421517
1871.9499225606608	3334.2095984973503
1872.950438822922	3352.4275109248783
1873.9509550851833	3387.6887823029924
1874.9514713474446	3427.4634989514407
1875.9519876097056	3441.347019848435
1876.9525038719669	3420.467729593204
1877.9530201342282	3477.4501333075045
1878.9535363964894	3523.718014219942
1879.9540526587507	3512.3456980043143
1880.954568921012	3489.8407021189087
1881.955085183273	3459.089881327483
1882.9556014455343	3457.9867682045156
1883.9561177077956	3460.529358983472
1884.9566339700568	3456.477548199598
1885.957150232318	3431.429371239167
1886.9576664945791	3413.0176532309215
1887.9581827568404	3384.5400348879402
1888.9586990191017	3382.572626534809
1889.959215281363	3390.5153880984544
1890.9597315436242	3414.685081197714
1891.9602478058853	3487.137514390857
1892.9607640681465	3528.8833683817033
1893.9612803304078	3559.2928178434486
1894.961796592669	3596.997367579813
1895.9623128549304	3614.6235466296616
1896.9628291171914	3623.8935678524726
1897.9633453794527	3608.2817581701615
1898.963861641714	3606.0352814780144
1899.9643779039752	3605.4805230226584
1900.9648941662365	3598.7745541273634
1901.9654104284978	3618.3061040067323
1902.9659266907588	3625.8570093766034
1903.96644295302	3578.804644352957
1904.9669592152813	3521.69297512606
1905.9674754775426	3504.6781912349416
1906.967991739804	3472.9504702965846
1907.968508002065	3417.509093589444
1908.9690242643262	3358.643165519762
1909.9695405265875	3285.35815837649
1910.9700567888488	3226.3642237717313
1911.97057305111	3178.4485191549556
1912.971089313371	3153.4805385457894
1913.9716055756323	3162.930390657522
1914.9721218378936	3211.503782270141
1915.9726381001549	3274.6136274127234
1916.9731543624162	3336.8863413264094
1917.9736706246774	3403.081844997261
1918.9741868869385	3452.5209824323433
1919.9747031491997	3506.2167330598068
1920.975219411461	3559.711451805821
1921.9757356737223	3583.749629724416
1922.9762519359836	3602.8817013546927
1923.9767681982446	3619.476539420769
1924.9772844605059	3619.3848997092864
1925.9778007227671	3590.1404558695713
1926.9783169850284	3567.303202651973
1927.9788332472897	3563.402730098152
1928.9793495095507	3554.277507208398
1929.979865771812	3537.329078101531
1930.9803820340733	3484.2155086725897
1931.9808982963345	3377.681189261949
1932.9814145585958	3295.448413130906
1933.981930820857	3252.527996442283
1934.9824470831181	3236.458535615469
1935.9829633453794	3211.2767287909514
1936.9834796076407	3212.4970445109043
1937.983995869902	3291.0210512469152
1938.9845121321632	3377.8045473082448
1939.9850283944243	3456.772359525787
1940.9855446566855	3506.16058173112
1941.9860609189468	3518.7433607785397
1942.986577181208	3568.3462091949914
1943.9870934434693	3608.420174598134
1944.9876097057304	3661.973166147973
1945.9881259679917	3694.4672933706815
1946.988642230253	3701.74624652132
1947.9891584925142	3715.3315465444443
1948.9896747547755	3696.0730287984447
1949.9901910170368	3661.325569755402
1950.9907072792978	3616.840152292372
1951.991223541559	3585.5269588950796
1952.9917398038203	3529.408004925549
1953.9922560660816	3461.0640755568056
1954.9927723283429	3398.9165317669635
1955.993288590604	3341.1433982659278
1956.9938048528652	3274.614749369271
1957.9943211151265	3228.6932322895636
1958.9948373773877	3204.0251317216075
1959.995353639649	3227.897246736192
1960.99586990191	3293.389392631512
1961.9963861641713	3343.764685120266
1962.9969024264326	3355.5386703743047
1963.9974186886939	3399.2508849117203
1964.9979349509551	3421.5478231940906
1965.9984512132162	3482.4612574272983
1966.9989674754775	3533.8628872238814
