mean fit 1 params E0, Eb, d0	1.547017934570349e-05	1.909362667572508e-06	207.37370248122681
mean fit 1 std dev E0, Eb, d0	5.471115151916526e-07	4.404363492938223e-09	3.8160709795252665
mean fit 2 params E0, Eb, d0	2.3024866436018593e-05	2.1987644321715167e-06	153.61756500245016
mean fit 2 std dev E0, Eb, d0	8.070884101108904e-06	3.7394213238159965e-07	37.67122735481676
mean fit 3 params E0, Eb, d0	3.7892568707804884e-05	1.9157690046386965e-06	164.61288458312197
mean fit 3 std dev E0, Eb, d0	5.519865942268398e-06	3.957621798650891e-09	6.316790580577529
mean fit 4 params E0, Eb, d0	1.0505174871998702e-05	-3.421479969272881e-05	2405.0254723771604
mean fit 4 std dev E0, Eb, d0	4.787349999794153e-06	0.00039708690590371055	24760.40684592936
Ex	Ey
31.0	5178.83290885344
32.00051626226123	5017.885872965146
33.00103252452246	4910.650364482023
34.00154878678369	4873.703409473992
35.002065049044916	4910.2915697625995
36.002581311306145	4830.713339486662
37.00309757356737	4691.836779486837
38.0036138358286	4800.302820828048
39.00413009808983	5026.992190919794
40.00464636035106	5417.567906586486
41.00516262261229	5824.804392352648
42.00567888487352	6178.686432016767
43.00619514713475	6526.647701154073
44.006711409395976	6752.491555774288
45.007227671657205	6968.098050902814
46.007743933918434	7127.332994594285
47.00826019617966	7203.4659191780665
48.00877645844089	7187.754670553033
49.00929272070212	7090.695443614357
50.00980898296335	6869.9133722239985
51.01032524522458	6574.947589902705
52.01084150748581	6282.03291358658
53.011357769747036	5927.643083133888
54.011874032008265	5420.00211469029
55.01239029426949	4909.166910684802
56.012906556530716	4478.091335056033
57.013422818791945	4148.801406841958
58.013939081053174	3826.6341191630595
59.0144553433144	3488.890681625386
60.01497160557563	3234.7117818499705
61.01548786783686	3150.2022434066316
62.01600413009809	3099.295046282533
63.01652039235932	3138.22091438561
64.01703665462054	3270.98785215634
65.01755291688178	3422.9579048363903
66.018069179143	3648.1309737289257
67.01858544140424	3833.3701380883426
68.01910170366546	3897.6666888699056
69.0196179659267	3909.252970679135
70.02013422818791	3870.090932185186
71.02065049044916	3880.509625258746
72.02116675271037	3939.471288707218
73.02168301497161	3965.5784404767596
74.02219927723283	4030.766215241355
75.02271553949407	4048.860733726347
76.02323180175529	4080.0371237048676
77.02374806401653	4074.3181295847103
78.02426432627774	4076.3532358138
79.02478058853897	4061.130402924168
80.0252968508002	3972.4686146988906
81.02581311306143	3835.6818256404026
82.02632937532266	3696.265134747721
83.02684563758389	3631.549827974392
84.02736189984512	3588.0422676789212
85.02787816210635	3498.9178999819032
86.02839442436758	3419.7353828222467
87.0289106866288	3297.7752092046244
88.02942694889003	3208.532834246069
89.02994321115126	3197.2697294342943
90.03045947341249	3164.4903853254655
91.03097573567372	3122.5446042586896
92.03149199793495	3130.642908748117
93.03200826019618	3159.3046051400615
94.03252452245741	3193.67010267424
95.03304078471864	3271.309161149729
96.03355704697987	3262.70909010245
97.0340733092411	3231.724904503083
98.03458957150232	3236.243571703299
99.03510583376355	3277.8320138684417
100.03562209602478	3326.4323846502034
101.03613835828601	3365.8339870166246
102.03665462054724	3385.5127865225168
103.03717088280847	3428.950024223915
104.0376871450697	3424.827458917972
105.03820340733093	3430.1593852556066
106.03871966959215	3407.4188624102517
107.03923593185338	3341.3124969355254
108.03975219411461	3254.339847909296
109.04026845637584	3208.5636272901174
110.04078471863707	3223.532823107033
111.0413009808983	3194.911403171662
112.04181724315953	3175.126091754102
113.04233350542076	3097.3046778486573
114.04284976768199	3035.043553041221
115.04336602994321	2989.067791662088
116.04388229220444	2907.70642322098
117.04439855446567	2889.8493597291135
118.0449148167269	2888.881818469742
119.04543107898813	2885.1820709509266
120.04594734124936	2884.7878066236913
121.04646360351059	2863.409690158152
122.04697986577182	2839.1622704038186
123.04749612803305	2806.801564172002
124.04801239029428	2783.883851796193
125.0485286525555	2794.331971044052
126.04904491481673	2842.3729582945507
127.04956117707795	2900.2082534101446
128.0500774393392	2980.185678021229
129.0505937016004	3059.100959379918
130.05110996386162	3127.204919421016
131.05162622612286	3208.8640694208516
132.0521424883841	3299.3277959159977
133.05265875064532	3348.220053601844
134.05317501290654	3406.0725298503908
135.05369127516778	3424.9817042024497
136.05420753742902	3438.4572207236542
137.05472379969024	3438.8469837620405
138.05524006195145	3408.5221084780633
139.0557563242127	3350.1942573272167
140.05627258647394	3267.173330611183
141.05678884873515	3153.6521469783506
142.05730511099637	3027.0743017462696
143.0578213732576	2942.158523736063
144.05833763551885	2833.360160541714
145.05885389778007	2748.1346166061076
146.05937016004128	2687.708979566211
147.05988642230253	2609.421717671224
148.06040268456377	2548.05988559727
149.06091894682498	2493.9771304369087
150.0614352090862	2479.8981999591033
151.06195147134744	2527.9073130704537
152.06246773360868	2571.156352486109
153.0629839958699	2649.734527378426
154.0635002581311	2760.4641879081655
155.06401652039236	2867.4534028806615
156.0645327826536	2977.7417247812646
157.06504904491482	3053.199756100147
158.06556530717603	3074.4428777687303
159.06608156943727	3101.0872446814146
160.0665978316985	3127.8045431457285
161.06711409395973	3114.3742768981106
162.06763035622095	3090.852103239901
163.0681466184822	3064.6195323358525
164.0686628807434	3022.796938129911
165.06917914300465	2993.608252335256
166.06969540526586	2939.674019742061
167.0702116675271	2893.6774751961134
168.07072792978832	2849.8486496445466
169.07124419204956	2823.189537706587
170.07176045431078	2811.1798755741215
171.07227671657202	2788.6027260414785
172.07279297883323	2750.817001530006
173.07330924109448	2734.4472301102523
174.0738255033557	2731.313574588178
175.07434176561694	2718.7795952716297
176.07485802787815	2715.0356660650355
177.0753742901394	2733.32899675806
178.0758905524006	2760.02395478229
179.07640681466185	2795.5266857942997
180.07692307692307	2797.8588158614175
181.0774393391843	2786.190490839666
182.07795560144552	2789.0850730148354
183.07847186370677	2794.2123334941643
184.07898812596798	2806.1920598320316
185.07950438822922	2807.730921533802
186.08002065049044	2823.636781719819
187.08053691275168	2864.4624501505714
188.0810531750129	2922.7129380158976
189.08156943727414	2936.523321217811
190.08208569953536	2932.4724428379177
191.0826019617966	2958.706641317694
192.0831182240578	2988.4155335344103
193.08363448631906	3023.3241875172694
194.08415074858027	3038.85707953097
195.0846670108415	3018.2876707432897
196.08518327310273	2976.4717955433202
197.08569953536397	2941.97168134989
198.0862157976252	2903.2696552533484
199.08673205988643	2831.202624961026
200.08724832214764	2741.083206156666
201.0877645844089	2665.701280788671
202.0882808466701	2555.6580947300445
203.08879710893135	2441.996686112479
204.08931337119256	2361.8845712918665
205.0898296334538	2279.2735977896086
206.09034589571502	2222.9804722980357
207.09086215797626	2207.8128590664546
208.09137842023748	2222.5814518958778
209.09189468249872	2259.0317735858853
210.09241094475993	2315.2055149876137
211.09292720702118	2335.731554592625
212.0934434692824	2334.3857159704753
213.09395973154363	2324.8343057169996
214.09447599380485	2345.4226685009767
215.0949922560661	2397.699463539616
216.0955085183273	2428.0618788890974
217.09602478058855	2453.0981346603216
218.09654104284976	2497.6153075219854
219.097057305111	2571.758119145591
220.09757356737222	2628.5937922582793
221.09808982963347	2665.011568118948
222.09860609189468	2689.662725835846
223.0991223541559	2708.3543661021163
224.09963861641714	2754.0806626553617
225.10015487867835	2788.927133964951
226.1006711409396	2815.8624752581222
227.1011874032008	2794.348049665376
228.10170366546205	2772.2902097169904
229.10221992772327	2779.4229294617344
230.1027361899845	2780.452721586967
231.10325245224573	2774.8859460928543
232.10376871450697	2798.3688642244665
233.10428497676818	2820.101294339058
234.10480123902943	2814.037300123515
235.10531750129064	2782.363515760144
236.10583376355189	2698.239892767828
237.1063500258131	2572.6788792101793
238.10686628807434	2464.484929645453
239.10738255033556	2390.57520521556
240.1078988125968	2344.898351265623
241.10841507485802	2336.217958114341
242.10893133711926	2322.851242968986
243.10944759938047	2295.783854765392
244.10996386164172	2262.706559689439
245.11048012390293	2233.94911272161
246.11099638616417	2219.482316586623
247.1115126484254	2204.2304706457894
248.11202891068663	2169.0667289782605
249.11254517294785	2155.6251259672704
250.1130614352091	2163.017043811711
251.1135776974703	2193.717554464281
252.11409395973155	2239.8055977692516
253.11461022199276	2278.132574077194
254.115126484254	2288.558934897376
255.11564274651522	2333.6499490205274
256.11615900877644	2382.7612238761603
257.1166752710377	2451.6313269809034
258.1171915332989	2493.639779107466
259.11770779556014	2510.2966422553127
260.1182240578214	2528.990583276482
261.11874032008257	2536.4466625498744
262.11925658234384	2498.658139963161
263.11977284460505	2475.6342941549005
264.12028910686627	2488.0698698750984
265.12080536912754	2504.420362546076
266.12132163138875	2508.462702825586
267.12183789364997	2505.0042210068914
268.12235415591124	2475.4380794631884
269.1228704181724	2431.319982230484
270.12338668043367	2413.9466726354726
271.1239029426949	2373.206326756583
272.1244192049561	2321.077721215506
273.12493546721737	2280.8637335692033
274.1254517294786	2286.1126924867117
275.1259679917398	2302.8153740852104
276.12648425400107	2306.775844757471
277.1270005162622	2331.6488447883976
278.1275167785235	2361.646745355398
279.1280330407847	2356.6742222984253
280.12854930304593	2330.1430892730423
281.1290655653072	2299.4406545419934
282.1295818275684	2268.780124851312
283.13009808982963	2239.4981760084806
284.1306143520909	2216.544269364193
285.13113061435206	2187.746488206162
286.13164687661333	2178.95413176186
287.13216313887455	2191.630685938349
288.13267940113576	2188.956804325944
289.133195663397	2165.7297777136137
290.13371192565825	2146.0108536843154
291.13422818791946	2149.365583591746
292.1347444501807	2181.3733941354826
293.1352607124419	2186.182998427483
294.13577697470316	2203.070788771547
295.1362932369644	2231.6867334130748
296.1368094992256	2263.8980080779493
297.1373257614868	2289.7339472706917
298.1378420237481	2311.2782401112036
299.1383582860093	2317.951300038533
300.1388745482705	2313.3704785002096
301.1393908105317	2338.8246483869684
302.139907072793	2371.1926710795665
303.1404233350542	2392.787702161983
304.1409395973154	2380.214063623322
305.14145585957664	2373.911184034768
306.1419721218379	2354.904804043138
307.1424883840991	2324.7921885054325
308.14300464636034	2313.6412013417803
309.14352090862155	2312.659594516034
310.1440371708828	2315.6424390102475
311.14455343314404	2302.9461727167204
312.14506969540525	2301.283220927244
313.14558595766647	2269.787682015246
314.14610221992774	2217.9067586418364
315.14661848218896	2153.3402652387445
316.14713474445017	2116.07952192643
317.1476510067114	2093.260401614457
318.14816726897266	2106.377135964415
319.14868353123387	2107.994464045352
320.1491997934951	2091.848296271594
321.1497160557563	2074.673116620597
322.1502323180176	2078.3332367125795
323.1507485802788	2107.7670135947915
324.15126484254	2137.090232427793
325.1517811048012	2176.638035035329
326.1522973670625	2210.993791442935
327.1528136293237	2251.6023909066007
328.1533298915849	2278.6611909265566
329.15384615384613	2307.2239280485146
330.1543624161074	2305.678942274975
331.1548786783686	2279.0648133903396
332.15539494062983	2239.8615733475535
333.15591120289105	2202.1380230612635
334.1564274651523	2182.8932990465782
335.15694372741353	2174.0007456866038
336.15745998967475	2147.236833012616
337.15797625193596	2110.872062348275
338.15849251419723	2094.1893521973807
339.15900877645845	2100.79804688195
340.15952503871966	2123.352127981322
341.1600413009809	2151.9582621826844
342.16055756324215	2190.7307438164285
343.16107382550337	2244.5541072033984
344.1615900877646	2287.6546146731916
345.1621063500258	2320.5491797185855
346.16262261228707	2337.591351102954
347.1631388745483	2353.403146778519
348.1636551368095	2352.5064627062056
349.1641713990707	2323.1761287976883
350.164687661332	2304.7294682061092
351.1652039235932	2282.7856798067924
352.1657201858544	2254.836053601976
353.1662364481156	2199.034200856246
354.16675271037684	2146.789062803965
355.1672689726381	2109.7162008103332
356.1677852348993	2093.882190867495
357.16830149716054	2082.0859739195885
358.16881775942176	2084.191496233036
359.169334021683	2080.0533821311756
360.16985028394424	2094.868079630003
361.17036654620546	2110.0340951594644
362.1708828084667	2123.425824163237
363.17139907072794	2137.9815839610455
364.17191533298916	2168.435105490188
365.1724315952504	2207.7953702028976
366.1729478575116	2231.8812950350098
367.17346411977286	2218.781738407995
368.1739803820341	2204.558943439914
369.1744966442953	2219.745990705587
370.1750129065565	2247.2700412420436
371.1755291688178	2269.9313090980877
372.176045431079	2266.769744901968
373.1765616933402	2253.124446987022
374.1770779556014	2235.4143382404627
375.1775942178627	2215.051880675559
376.1781104801239	2190.262005419052
377.1786267423851	2174.5000208659912
378.17914300464633	2158.858369208165
379.1796592669076	2129.729512719402
380.1801755291688	2092.9663375554487
381.18069179143004	2060.609461283333
382.18120805369125	2049.942724754056
383.1817243159525	2037.8332300842208
384.18224057821374	2005.6412504705784
385.18275684047495	1984.6614941988762
386.18327310273617	1966.8163480222256
387.18378936499744	1979.4634016305981
388.18430562725865	1995.6882315236319
389.18482188951987	2036.503351593108
390.1853381517811	2086.587368768749
391.18585441404235	2127.288788881739
392.18637067630357	2158.776194598754
393.1868869385648	2175.3569228927486
394.187403200826	2169.660326996273
395.18791946308727	2148.000748139077
396.1884357253485	2138.4025619802537
397.1889519876097	2110.393183767033
398.1894682498709	2051.027773749342
399.1899845121322	1996.8569890783717
400.1905007743934	1968.9748396391003
401.1910170366546	1950.2022293284683
402.19153329891583	1927.6105416950668
403.1920495611771	1911.7595898586242
404.1925658234383	1900.9225744875323
405.19308208569953	1895.9741367714278
406.19359834796074	1908.897912711061
407.194114610222	1940.2852867506542
408.19463087248323	1987.6800528034328
409.19514713474445	2035.6282710078049
410.19566339700566	2071.3954012357162
411.19617965926693	2111.019112409221
412.19669592152815	2161.1495251194247
413.19721218378936	2224.4731704088845
414.1977284460506	2285.5873218882957
415.1982447083118	2336.586035873628
416.19876097057306	2391.2541106036256
417.1992772328343	2422.5956978546465
418.1997934950955	2427.792395836916
419.2003097573567	2370.705952767556
420.200826019618	2274.086853784824
421.2013422818792	2180.997982635303
422.2018585441404	2098.2607223418395
423.2023748064016	2034.1848415608881
424.2028910686629	2000.0190769539447
425.2034073309241	1989.210466174265
426.2039235931853	1977.0120657337154
427.20443985544654	1965.5159184468598
428.2049561177078	1944.7049992398652
429.205472379969	1920.3767683800356
430.20598864223024	1935.6113021144781
431.20650490449145	1998.0138356549176
432.2070211667527	2073.065624077456
433.20753742901394	2140.7559192441204
434.20805369127515	2209.111339530621
435.20856995353637	2270.825381203613
436.20908621579764	2302.292060201429
437.20960247805886	2331.023141346615
438.21011874032007	2374.7578547251587
439.2106350025813	2395.8915592403423
440.21115126484256	2406.479952096352
441.21166752710377	2391.2569439744357
442.212183789365	2360.2922252659396
443.2127000516262	2313.6630862444185
444.2132163138875	2233.3594542077353
445.2137325761487	2139.214497997422
446.2142488384099	2035.8089347319137
447.2147651006711	1970.0410042903547
448.2152813629324	1937.8994211259721
449.2157976251936	1936.9361579121937
450.2163138874548	1928.4689111161344
451.21683014971603	1901.002237395219
452.2173464119773	1863.8893738006677
453.2178626742385	1843.8546363998178
454.21837893649973	1820.442621279991
455.21889519876095	1813.066735459221
456.2194114610222	1837.319959335847
457.21992772328343	1893.432284402736
458.22044398554465	1958.698775362757
459.22096024780586	1999.0837839636692
460.22147651006713	2014.4047858422248
461.22199277232835	2028.0054246843404
462.22250903458956	2061.1765481934567
463.2230252968508	2093.2452702517485
464.22354155911205	2128.6905114260803
465.22405782137326	2156.309541607243
466.2245740836345	2168.8481061571288
467.2250903458957	2164.3668424725392
468.22560660815697	2136.803164801122
469.2261228704182	2130.7054718632253
470.2266391326794	2109.7633804580573
471.2271553949406	2072.8225468107594
472.2276716572019	2021.2682254936524
473.2281879194631	1980.8290290047526
474.2287041817243	1956.3449471219087
475.2292204439855	1931.6778285781263
476.2297367062468	1898.9531779226834
477.230252968508	1861.032381356796
478.2307692307692	1859.5757537695645
479.23128549303044	1884.3051902825516
480.23180175529166	1937.1577422729729
481.2323180175529	1973.7907691990265
482.23283427981414	2007.134451186241
483.23335054207536	2035.7522143605229
484.23386680433657	2086.647081467368
485.23438306659784	2127.312337610317
486.23489932885906	2166.6534645978563
487.2354155911203	2194.650924104969
488.2359318533815	2238.118547556328
489.23644811564276	2294.8855715374007
490.236964377904	2334.595414208131
491.2374806401652	2348.669347812466
492.2379969024264	2345.047577990421
493.2385131646877	2332.3938145744555
494.2390294269489	2308.44293212883
495.2395456892101	2286.5590046287653
496.2400619514713	2256.714709927749
497.2405782137326	2185.5686394573736
498.2410944759938	2099.745729740897
499.241610738255	2010.5752751002844
500.24212700051623	1946.457414090891
501.2426432627775	1927.4155758929035
502.2431595250387	1912.409644183937
503.24367578729994	1892.598809738451
504.24419204956115	1881.3638119069751
505.2447083118224	1883.977202032179
506.24522457408364	1885.4575567493787
507.24574083634485	1886.0767023045726
508.24625709860607	1909.9273194735251
509.24677336086734	1956.320540791331
510.24728962312855	2025.4040949255943
511.24780588538977	2087.1233512669864
512.2483221476509	2124.1945306079433
513.2488384099122	2149.1864923944936
514.2493546721735	2165.7324453381825
515.2498709344347	2183.902965622352
516.2503871966959	2192.199090334907
517.2509034589572	2198.488729882529
518.2514197212183	2176.862892350615
519.2519359834796	2134.1278762049515
520.2524522457409	2102.615478484843
521.2529685080021	2081.5727909137627
522.2534847702633	2046.5794662583708
523.2540010325245	2000.4477556390161
524.2545172947857	1943.9422013407811
525.255033557047	1891.114109815729
526.2555498193083	1852.7826891684238
527.2560660815694	1856.8342785906439
528.2565823438306	1873.4248885147829
529.2570986060919	1894.913390499138
530.2576148683531	1920.7213372981394
531.2581311306144	1940.1547045330005
532.2586473928756	1958.0393210987331
533.2591636551368	1978.0268381461624
534.259679917398	2011.0460979484815
535.2601961796593	2047.8374396054646
536.2607124419205	2079.440678492311
537.2612287041818	2095.89585757688
538.261744966443	2092.3369214519525
539.2622612287041	2076.002801149755
540.2627774909654	2057.04804142005
541.2632937532267	2048.3284938537995
542.2638100154879	2045.0742966849414
543.2643262777491	2037.1118597726722
544.2648425400104	2019.9926416451224
545.2653588022715	1996.7626107046563
546.2658750645328	1963.6244670767599
547.266391326794	1933.1220876397067
548.2669075890552	1903.535047381036
549.2674238513165	1866.9357030353551
550.2679401135777	1827.5646947276734
551.2684563758389	1814.9979731016003
552.2689726381002	1841.133292886723
553.2694889003614	1885.193463028991
554.2700051626226	1925.4080588411982
555.2705214248838	1949.884580318536
556.271037687145	1964.0612063335223
557.2715539494063	1966.8781145923097
558.2720702116675	1966.0874285860864
559.2725864739288	1957.2298891683613
560.27310273619	1949.1281062401756
561.2736189984512	1952.5220600247906
562.2741352607125	1957.8164280380233
563.2746515229736	1945.6378937110178
564.2751677852349	1921.5318912253395
565.2756840474962	1907.0714687306793
566.2762003097573	1893.8209227776592
567.2767165720186	1878.2811798603086
568.2772328342799	1882.210075733229
569.277749096541	1889.7816262270012
570.2782653588023	1892.4723538203998
571.2787816210634	1891.465044795527
572.2792978833247	1877.5001325634885
573.279814145586	1863.8256504280132
574.2803304078471	1861.4672908628743
575.2808466701084	1872.980128738355
576.2813629323697	1900.5440221115825
577.2818791946308	1922.016080212919
578.2823954568921	1945.6893229686425
579.2829117191533	1965.5743805629234
580.2834279814145	1975.0834422536527
581.2839442436758	1964.9761893534235
582.284460505937	1953.9149683758421
583.2849767681982	1930.6624581298518
584.2854930304595	1889.680041281081
585.2860092927207	1850.1334742319068
586.286525554982	1826.233019967532
587.2870418172431	1810.064988980946
588.2875580795044	1795.597565394907
589.2880743417657	1784.254473289687
590.2885906040268	1781.0797147083035
591.2891068662881	1780.0307296914118
592.2896231285494	1781.0505633068499
593.2901393908105	1794.1509626466313
594.2906556530718	1819.2752769677077
595.2911719153329	1844.5507113984536
596.2916881775942	1874.6889321227993
597.2922044398555	1903.5147192901284
598.2927207021166	1927.8862159357595
599.2932369643779	1968.8112091531716
600.2937532266392	2014.4346262710485
601.2942694889003	2053.4505807026417
602.2947857511616	2074.6657387703785
603.2953020134228	2086.3950332528752
604.295818275684	2080.156285302678
605.2963345379453	2058.8338829368327
606.2968508002065	2040.4539737632983
607.2973670624677	2036.882950828376
608.2978833247289	2020.013975676205
609.2983995869902	1988.1966330955281
610.2989158492514	1950.834535568
611.2994321115126	1920.7005110335724
612.2999483737739	1900.2531572360585
613.3004646360351	1892.5466259969728
614.3009808982963	1897.191865683619
615.3014971605576	1895.8609747749933
616.3020134228187	1899.3632039649497
617.30252968508	1921.646578387917
618.3030459473413	1961.4084306341708
619.3035622096024	1993.0102262297448
620.3040784718637	2026.8237775752714
621.304594734125	2063.706370610898
622.3051109963861	2087.37189845469
623.3056272586474	2105.94506420387
624.3061435209086	2127.8184578608248
625.3066597831698	2140.3413253229073
626.3071760454311	2141.9599173824736
627.3076923076923	2126.296299815575
628.3082085699535	2108.3100685580794
629.3087248322148	2084.0381109938676
630.309241094476	2054.7741726209183
631.3097573567372	2037.8209972275672
632.3102736189984	2022.4214481595732
633.3107898812597	2003.9366299365483
634.3113061435209	1980.8985652693964
635.3118224057821	1935.881344546621
636.3123386680434	1866.1036596879374
637.3128549303046	1806.4036609181196
638.3133711925658	1770.161281582316
639.3138874548271	1748.7419998961507
640.3144037170882	1744.6373340577177
641.3149199793495	1759.9211240629388
642.3154362416108	1789.333299238076
643.3159525038719	1837.5153169429684
644.3164687661332	1877.0491206959407
645.3169850283945	1906.3287325066547
646.3175012906556	1937.1455782070525
647.3180175529169	1955.6171950245002
648.3185338151781	1972.7912869314557
649.3190500774393	1992.6730465041874
650.3195663397006	2004.4345304345486
651.3200826019618	2007.568544694184
652.320598864223	2007.4170816904098
653.3211151264843	2007.9002143148607
654.3216313887455	2027.2020327057335
655.3221476510067	2064.623690957278
656.3226639132679	2107.4151463997696
657.3231801755292	2138.7348756651804
658.3236964377904	2143.7186561533613
659.3242127000516	2134.098163203908
660.3247289623129	2109.1190912710367
661.3252452245741	2062.2569370890606
662.3257614868353	2002.2010981781032
663.3262777490966	1935.2366421154932
664.3267940113577	1887.370310379432
665.327310273619	1855.175181255743
666.3278265358803	1824.1775237425893
667.3283427981414	1784.6562585509303
668.3288590604027	1746.005082448736
669.329375322664	1713.452197659279
670.3298915849251	1691.8294875246336
671.3304078471864	1683.4236791952237
672.3309241094476	1681.9402389838751
673.3314403717088	1668.1654973731854
674.3319566339701	1663.1126078303662
675.3324728962313	1680.8624574709575
676.3329891584925	1718.047156909003
677.3335054207537	1781.8842593989514
678.334021683015	1842.3497416169707
679.3345379452762	1906.8676640830292
680.3350542075374	1968.2415562148728
681.3355704697987	2024.139493225286
682.3360867320599	2045.793928020604
683.3366029943211	2039.2694668710926
684.3371192565824	2020.9928970534386
685.3376355188435	2000.3086657583385
686.3381517811048	1966.074659882454
687.338668043366	1934.966036609736
688.3391843056272	1906.232358491609
689.3397005678885	1878.4068627088272
690.3402168301498	1865.9729302408361
691.3407330924109	1854.8707234153667
692.3412493546722	1843.2395460181574
693.3417656169333	1827.8848825915584
694.3422818791946	1814.6449708878768
695.3427981414559	1809.60041639604
696.343314403717	1804.1616808353017
697.3438306659783	1811.2878194756624
698.3443469282396	1827.9241405849755
699.3448631905007	1829.547735248677
700.345379452762	1832.347003342146
701.3458957150232	1847.2677389588812
702.3464119772844	1867.491537408569
703.3469282395457	1896.6276615153365
704.3474445018069	1922.431594836592
705.3479607640681	1933.221677597315
706.3484770263294	1943.1674246024788
707.3489932885906	1947.8279719913048
708.3495095508518	1942.6349143323196
709.350025813113	1927.5078584755368
710.3505420753743	1923.3116527397242
711.3510583376355	1934.590144980358
712.3515745998967	1961.268777221253
713.352090862158	1991.3933887974802
714.3526071244193	2021.7431344858087
715.3531233866804	2042.2885145022597
716.3536396489417	2048.5885436551885
717.3541559112028	2042.5793040506112
718.3546721734641	2019.9862181887324
719.3551884357254	1989.9417697475815
720.3557046979865	1959.6457869538715
721.3562209602478	1948.2058417870442
722.3567372225091	1941.8643900027882
723.3572534847702	1926.5496168595064
724.3577697470315	1903.547002882235
725.3582860092927	1885.4145139244968
726.3588022715539	1869.5652953910173
727.3593185338152	1848.4663013426734
728.3598347960764	1827.330353132216
729.3603510583376	1811.188620123866
730.3608673205989	1797.7422591512786
731.3613835828601	1806.3207519320565
732.3618998451213	1828.4046666141435
733.3624161073825	1836.1254941821614
734.3629323696438	1833.3774946798296
735.363448631905	1831.2961096332142
736.3639648941662	1819.7010143380933
737.3644811564275	1817.9390785240635
738.3649974186886	1840.2694368859566
739.3655136809499	1867.7507563767301
740.3660299432112	1880.7434855164477
741.3665462054723	1882.1351040392942
742.3670624677336	1865.6728975396768
743.3675787299949	1832.8707359467458
744.368094992256	1793.5580895804092
745.3686112545173	1786.5253667191826
746.3691275167785	1800.0760469110912
747.3696437790397	1806.7625220042787
748.370160041301	1806.4042511660475
749.3706763035622	1797.8496650969616
750.3711925658234	1780.1305086591267
751.3717088280847	1777.870811168812
752.3722250903459	1793.0850006737548
753.3727413526071	1809.6770985877329
754.3732576148683	1820.418789506793
755.3737738771296	1844.1726148708601
756.3742901393908	1872.1888249192082
757.374806401652	1881.0646192656484
758.3753226639133	1873.9397777152408
759.3758389261745	1852.3572114127235
760.3763551884357	1823.4882691202474
761.376871450697	1804.4671028454181
762.3773877129581	1809.7106820616882
763.3779039752194	1827.3070305445842
764.3784202374807	1860.676529929723
765.3789364997418	1910.8817809941027
766.3794527620031	1953.6058371742502
767.3799690242644	1974.8555432592527
768.3804852865255	1974.169689015425
769.3810015487868	1966.8430643760876
770.381517811048	1947.5025358403398
771.3820340733092	1926.9775175361078
772.3825503355705	1912.1328992546867
773.3830665978317	1891.351900697136
774.3835828600929	1865.2623270431786
775.3840991223542	1824.6160806881453
776.3846153846154	1785.9826541092336
777.3851316468766	1767.7482481314646
778.3856479091378	1762.1617280024639
779.3861641713991	1762.381345825298
780.3866804336603	1755.1989888603155
781.3871966959215	1745.4566972865448
782.3877129581828	1760.1139818935821
783.388229220444	1787.6749848172099
784.3887454827052	1822.4127453300366
785.3892617449665	1852.0640572599254
786.3897780072276	1894.9708559556457
787.3902942694889	1954.4836122824427
788.3908105317502	2008.2757697025143
789.3913267940113	2052.8199674196726
790.3918430562726	2085.027831788475
791.3923593185339	2107.4732303599526
792.392875580795	2120.2928808446904
793.3933918430563	2130.5746249056665
794.3939081053175	2126.507348951223
795.3944243675787	2111.7734853601955
796.39494062984	2087.8229063077233
797.3954568921012	2049.833997379831
798.3959731543624	2008.3118288646572
799.3964894166236	1967.785215266631
800.3970056788849	1925.6116652205335
801.3975219411461	1882.4845356270425
802.3980382034073	1862.4936631417982
803.3985544656686	1857.5164646158448
804.3990707279298	1844.3782823032795
805.399586990191	1812.5704002958098
806.4001032524523	1778.1299304507768
807.4006195147134	1752.4986746413147
808.4011357769747	1720.4213102035626
809.401652039236	1673.9454986954734
810.4021683014971	1640.074784349158
811.4026845637584	1620.9737540254655
812.4032008260197	1615.063764334483
813.4037170882808	1623.027108975805
814.4042333505421	1633.5817062412764
815.4047496128032	1656.2284383121505
816.4052658750645	1689.5477400460302
817.4057821373258	1722.8142523838862
818.406298399587	1740.6556522662017
819.4068146618482	1756.1832078380423
820.4073309241095	1771.0291347837021
821.4078471863706	1788.1782376894253
822.4083634486319	1811.0560215608352
823.4088797108931	1829.700175453375
824.4093959731543	1851.2569986117735
825.4099122354156	1885.2577891344918
826.4104284976768	1921.9780437027189
827.410944759938	1951.0680374462227
828.4114610221993	1965.8895196490114
829.4119772844605	1981.8338554269292
830.4124935467217	1991.858921157709
831.4130098089829	1971.5832748325479
832.4135260712442	1931.7828075058512
833.4140423335054	1906.4126744058512
834.4145585957666	1902.9534451731045
835.4150748580279	1918.4136508261483
836.4155911202892	1930.6566922877032
837.4161073825503	1926.7455168870918
838.4166236448116	1929.2854757067646
839.4171399070727	1938.5877853920178
840.417656169334	1927.6395276553967
841.4181724315953	1894.778342613078
842.4186886938564	1861.1924503261873
843.4192049561177	1839.9369619905733
844.419721218379	1836.4186528911976
845.4202374806401	1848.2668401399326
846.4207537429014	1867.8611604380728
847.4212700051626	1904.91001856519
848.4217862674238	1944.6451594900802
849.4223025296851	1955.0849956072836
850.4228187919463	1958.8633967026674
851.4233350542075	1961.2572657542596
852.4238513164688	1961.1459280443255
853.42436757873	1954.479748985053
854.4248838409912	1932.3494948361747
855.4254001032524	1897.616806103477
856.4259163655137	1859.7289210459742
857.426432627775	1824.5153167628907
858.4269488900361	1807.2102808192585
859.4274651522974	1789.960024324013
860.4279814145586	1775.628066719906
861.4284976768198	1772.760925906181
862.4290139390811	1766.485809573811
863.4295302013422	1751.760804387846
864.4300464636035	1732.9770076613584
865.4305627258648	1716.9924269366854
866.4310789881259	1709.5559248063732
867.4315952503872	1727.381655001528
868.4321115126484	1767.692668546335
869.4326277749096	1806.9991933443669
870.4331440371709	1837.9706290989557
871.4336602994321	1861.4535223449045
872.4341765616933	1876.2327535816519
873.4346928239546	1877.6750478633016
874.4352090862158	1872.8993819933994
875.435725348477	1875.479666786584
876.4362416107382	1878.9559533232084
877.4367578729995	1879.8126118230782
878.4372741352607	1897.022729789626
879.4377903975219	1922.6087429558552
880.4383066597832	1935.7718702562474
881.4388229220444	1950.2828676274523
882.4393391843056	1976.6378578343702
883.4398554465669	2007.375057907912
884.440371708828	2037.9380425547547
885.4408879710893	2058.6168417829313
886.4414042333506	2067.80891244413
887.4419204956117	2061.757546014671
888.442436757873	2037.7320565903551
889.4429530201343	2005.8987216137
890.4434692823954	1955.708571165689
891.4439855446567	1897.3488337106428
892.4445018069179	1840.7402593800543
893.4450180691791	1783.1930996568226
894.4455343314404	1738.083173679196
895.4460505937016	1698.8544097377035
896.4465668559628	1665.9763569541753
897.4470831182241	1633.700027716939
898.4475993804853	1613.1946812301353
899.4481156427465	1626.2185057419747
900.4486319050077	1675.2092595527151
901.449148167269	1738.2231202938585
902.4496644295302	1805.1471175978809
903.4501806917914	1874.4918270293283
904.4506969540527	1932.467728489277
905.4512132163139	1975.7218523861902
906.4517294785751	2008.4688146560081
907.4522457408364	2032.0574815862956
908.4527620030975	2042.8895181368405
909.4532782653588	2040.669542497116
910.4537945276201	2034.9773382333065
911.4543107898812	2024.307062940714
912.4548270521425	1997.6511275557516
913.4553433144038	1961.6725109722038
914.4558595766649	1920.878550592989
915.4563758389262	1873.8516919962456
916.4568921011873	1816.8696607383147
917.4574083634486	1766.663987731299
918.4579246257099	1720.2632025326561
919.458440887971	1677.852534872698
920.4589571502323	1657.1792606920374
921.4594734124936	1642.6538376939034
922.4599896747548	1631.3175367068898
923.460505937016	1625.7887801946413
924.4610221992772	1619.951887866323
925.4615384615385	1625.0576483602645
926.4620547237997	1628.3042612784873
927.4625709860609	1637.7625500829963
928.4630872483222	1665.8214086511227
929.4636035105833	1693.1245443212422
930.4641197728446	1717.0563790286403
931.4646360351059	1750.8469302233589
932.465152297367	1792.117552575908
933.4656685596283	1848.411617249184
934.4661848218896	1919.8898545077416
935.4667010841507	1982.3541862269938
936.467217346412	2025.5114145476725
937.4677336086731	2039.782722727778
938.4682498709344	2029.312541074064
939.4687661331957	1999.8529291298657
940.4692823954568	1935.8160580853444
941.4697986577181	1854.8460285473361
942.4703149199794	1776.291803358171
943.4708311822405	1698.4931455838616
944.4713474445018	1633.2614983426809
945.471863706763	1591.6845996880866
946.4723799690242	1564.229794142848
947.4728962312855	1547.4858907041598
948.4734124935467	1560.19595277712
949.473928755808	1584.4720293427788
950.4744450180692	1601.5578524418395
951.4749612803304	1633.1666052416067
952.4754775425916	1680.2275887630951
953.4759938048528	1731.128760834861
954.4765100671141	1784.5600472772373
955.4770263293753	1843.882050775666
956.4775425916365	1911.928135338396
957.4780588538978	1962.2775981465911
958.478575116159	1986.797477490313
959.4790913784202	2000.5708443308072
960.4796076406815	1997.6335004487062
961.4801239029426	1981.7305799980968
962.4806401652039	1957.7097712086936
963.4811564274652	1915.4370962277644
964.4816726897263	1873.5963625779732
965.4821889519876	1844.0392714091922
966.4827052142489	1808.1608883413805
967.48322147651	1804.703616446419
968.4837377387713	1763.461903748618
969.4842540010325	1737.1562424732747
970.4847702632937	1721.9551648061984
971.485286525555	1724.7841207139682
972.4858027878162	1735.67202349132
973.4863190500774	1742.104636402748
974.4868353123387	1738.4844519583544
975.4873515745999	1736.1424729678818
976.4878678368611	1743.8949291891192
977.4883840991223	1759.9497733114185
978.4889003613836	1780.8872966719912
979.4894166236448	1811.7108496378548
980.489932885906	1840.9140908334546
981.4904491481673	1863.3769793902084
982.4909654104285	1884.578070732255
983.4914816726897	1904.518318258903
984.491997934951	1937.1210710759813
985.4925141972121	1974.4796328450325
986.4930304594734	2006.7707209116816
987.4935467217347	2030.5077560618017
988.4940629839958	2034.040880154631
989.4945792462571	2013.2251682880749
990.4950955085184	1978.9055464321716
991.4956117707795	1940.2105675487328
992.4961280330408	1895.4431533639672
993.496644295302	1838.0950417567597
994.4971605575632	1778.63621268999
995.4976768198245	1755.6751853671187
996.4981930820857	1771.884483462823
997.4987093443469	1790.743857438813
998.4992256066081	1804.0450532638745
999.4997418688694	1819.5147909978166
1000.5002581311306	1827.7722702242957
1001.5007743933918	1839.7618947837461
1002.5012906556531	1865.3529811251497
1003.5018069179143	1896.407827902575
1004.5023231801755	1928.632948250281
1005.5028394424368	1951.2894229717215
1006.5033557046979	1962.9152575383932
1007.5038719669592	1976.0084160644565
1008.5043882292205	2004.9735945241953
1009.5049044914816	2044.7550363319372
1010.5054207537429	2075.8478821612457
1011.5059370160042	2085.9012672631725
1012.5064532782653	2081.045004277848
1013.5069695405266	2060.0540260841067
1014.5074858027878	2017.5120339879768
1015.508002065049	1968.597140695565
1016.5085183273103	1919.6323748520776
1017.5090345895715	1876.534941331495
1018.5095508518327	1850.9126954468402
1019.510067114094	1831.4550072392676
1020.5105833763552	1809.115031604809
1021.5110996386164	1793.8347039614737
1022.5116159008776	1787.4380246603532
1023.5121321631389	1787.4222100976867
1024.5126484254001	1779.698811596438
1025.5131646876612	1751.963904662072
1026.5136809499227	1734.9023298375432
1027.5141972121837	1736.1959310649243
1028.514713474445	1727.759533539718
1029.5152297367063	1710.788480317777
1030.5157459989673	1709.9745114171333
1031.5162622612288	1723.5822033030142
1032.5167785234898	1742.8360549612555
1033.5172947857511	1766.9206122466019
1034.5178110480124	1784.9257104588883
1035.5183273102737	1800.0015390439817
1036.518843572535	1796.4311274564782
1037.519359834796	1774.7775073890011
1038.5198760970572	1755.8825684911635
1039.5203923593185	1748.9534398860183
1040.5209086215798	1758.7621976935832
1041.521424883841	1767.2097262244852
1042.521941146102	1762.620360846531
1043.5224574083636	1760.9025747849291
1044.5229736706247	1778.8220141126785
1045.523489932886	1809.4895842517813
1046.5240061951472	1842.0655662984625
1047.5245224574082	1855.816585004678
1048.5250387196697	1848.4493282607739
1049.5255549819308	1842.9502583362573
1050.526071244192	1844.500808073055
1051.5265875064533	1842.9839753322083
1052.5271037687144	1836.5748282654167
1053.5276200309759	1818.9682999715333
1054.528136293237	1801.7221102983417
1055.5286525554982	1800.5087378536582
1056.5291688177595	1800.502941765434
1057.5296850800207	1807.9909829476155
1058.5302013422818	1818.7947988059288
1059.530717604543	1816.8523533728796
1060.5312338668043	1794.6236975661484
1061.5317501290656	1764.9677103068134
1062.5322663913269	1752.5467352943785
1063.532782653588	1763.611758192499
1064.5332989158492	1796.5756259921575
1065.5338151781104	1832.800006242312
1066.5343314403717	1867.6863410882183
1067.534847702633	1890.47298550024
1068.5353639648943	1895.6491489649586
1069.5358802271553	1899.0940768971154
1070.5363964894166	1902.053926848792
1071.5369127516778	1912.1747067314084
1072.5374290139391	1931.7712554974912
1073.5379452762004	1938.1480301866798
1074.5384615384614	1929.880359712765
1075.5389778007227	1923.7996496229364
1076.539494062984	1918.9618984719225
1077.5400103252452	1905.3399677858658
1078.5405265875065	1866.636619729116
1079.5410428497676	1808.9915709063735
1080.5415591120288	1752.6345687304322
1081.54207537429	1704.51260705585
1082.5425916365514	1670.4590584763935
1083.5431078988127	1657.5059778319796
1084.543624161074	1660.4834407097549
1085.544140423335	1670.1664511580288
1086.5446566855962	1685.990275018133
1087.5451729478575	1699.5660900939185
1088.5456892101188	1733.4642120401954
1089.54620547238	1786.317675895601
1090.546721734641	1843.39236860978
1091.5472379969024	1891.2402747025296
1092.5477542591636	1915.4191130570393
1093.548270521425	1916.0215315745995
1094.5487867836862	1911.6226268177368
1095.5493030459472	1913.051356157333
1096.5498193082085	1915.7340514603438
1097.5503355704698	1926.8923249221154
1098.550851832731	1952.597258670597
1099.5513680949923	1970.4475851601069
1100.5518843572536	1964.0803279523382
1101.5524006195146	1930.1043626591656
1102.552916881776	1881.5974405969118
1103.5534331440372	1835.8570087577027
1104.5539494062984	1793.101323873343
1105.5544656685597	1771.6185335779057
1106.5549819308208	1808.818915848003
1107.555498193082	1854.7327342842254
1108.5560144553433	1918.0228022832011
1109.5565307176046	1982.3274972150648
1110.5570469798658	2037.5583418474616
1111.557563242127	2080.094445151878
1112.5580795043882	2096.309763773735
1113.5585957666494	2081.037934228087
1114.5591120289107	2054.8851496031307
1115.559628291172	2026.14670375192
1116.5601445534332	1988.8073883998297
1117.5606608156943	1941.037787630291
1118.5611770779556	1880.1815226124445
1119.5616933402168	1824.6498619383408
1120.562209602478	1789.0447407902911
1121.5627258647394	1768.6823934593879
1122.5632421270004	1764.7672720165033
1123.5637583892617	1764.9437103151756
1124.564274651523	1757.608605551782
1125.5647909137842	1745.529484084428
1126.5653071760455	1730.7317081650503
1127.5658234383066	1719.3387328428391
1128.5663397005678	1724.54256862387
1129.566855962829	1754.8384052034903
1130.5673722250904	1793.9300656676376
1131.5678884873516	1826.891507351283
1132.5684047496127	1861.896510684418
1133.568921011874	1908.7785513623962
1134.5694372741352	1963.3407491691223
1135.5699535363965	1991.1868993431497
1136.5704697986578	1986.2825818225688
1137.570986060919	1968.887250126958
1138.57150232318	1957.697957325996
1139.5720185854414	1959.8910736067205
1140.5725348477026	1961.5883548432628
1141.573051109964	1956.2032647551578
1142.5735673722252	1948.4731556966085
1143.5740836344862	1937.4595934885876
1144.5745998967475	1925.738451066623
1145.5751161590088	1920.1441485156518
1146.57563242127	1912.6919856768145
1147.5761486835313	1893.1959746090135
1148.5766649457923	1861.6100096060266
1149.5771812080536	1825.1231794543685
1150.577697470315	1803.4160648437658
1151.5782137325762	1787.3473046697002
1152.5787299948374	1768.1534597176726
1153.5792462570987	1770.2648853405558
1154.5797625193597	1794.0989034530448
1155.580278781621	1828.1790361161752
1156.5807950438823	1857.687995093419
1157.5813113061436	1874.0749047657857
1158.5818275684048	1884.4183056122995
1159.5823438306659	1896.1485949824628
1160.5828600929271	1920.608000762753
1161.5833763551884	1953.4652023967597
1162.5838926174497	1979.1456224897697
1163.584408879711	1998.3455591344853
1164.584925141972	2005.8334562105413
1165.5854414042333	2012.2062326020289
1166.5859576664946	2013.0908807754568
1167.5864739287558	1995.5062856649035
1168.586990191017	1952.238328033373
1169.5875064532784	1902.975038631117
1170.5880227155394	1880.5273595786418
1171.5885389778007	1867.5452812071348
1172.589055240062	1849.097810246675
1173.5895715023232	1822.5801363727799
1174.5900877645845	1787.225937566556
1175.5906040268455	1762.9427043650123
1176.5911202891068	1762.6946253243789
1177.591636551368	1777.5246793962067
1178.5921528136294	1789.9057228264544
1179.5926690758906	1789.080407082151
1180.5931853381517	1789.2400463087731
1181.593701600413	1807.3235975268465
1182.5942178626742	1823.5293018449195
1183.5947341249355	1822.9132744436515
1184.5952503871968	1824.4988454898737
1185.5957666494578	1837.1581317420648
1186.596282911719	1870.048148380913
1187.5967991739803	1912.7707262643112
1188.5973154362416	1947.0979348702886
1189.597831698503	1965.1434465030743
1190.5983479607642	1960.4620159576755
1191.5988642230252	1938.3175522873676
1192.5993804852865	1911.965681290335
1193.5998967475477	1895.8433234295583
1194.600413009809	1902.5230737103723
1195.6009292720703	1915.9398456556155
1196.6014455343313	1915.2759634827278
1197.6019617965926	1898.3317871999675
1198.6024780588539	1878.1056139631228
1199.6029943211151	1885.2036047877264
1200.6035105833764	1866.3862802989356
1201.6040268456375	1859.7350922868457
1202.6045431078987	1858.2476238861416
1203.60505937016	1851.0859736418906
1204.6055756324213	1832.8432357944978
1205.6060918946825	1805.5016371597987
1206.6066081569438	1777.2021399395605
1207.6071244192049	1762.8397757686425
1208.6076406814661	1765.621175075327
1209.6081569437274	1780.2652126293387
1210.6086732059887	1795.6417683705786
1211.60918946825	1809.915784782645
1212.609705730511	1836.4290423849543
1213.6102219927723	1871.247948814554
1214.6107382550335	1897.8735303385406
1215.6112545172948	1895.8083644625879
1216.611770779556	1874.455225237333
1217.6122870418171	1867.287088619078
1218.6128033040784	1879.791506619702
1219.6133195663397	1893.5125795713723
1220.613835828601	1904.5912938324238
1221.6143520908622	1911.0737408435346
1222.6148683531235	1909.808252975539
1223.6153846153845	1897.8763017454799
1224.6159008776458	1870.3869049480277
1225.616417139907	1849.063671299492
1226.6169334021683	1855.2877342579839
1227.6174496644296	1872.3524980343689
1228.6179659266907	1880.3222512120515
1229.618482188952	1870.8860016503847
1230.6189984512132	1853.882662777082
1231.6195147134745	1841.1525447695365
1232.6200309757357	1833.3590198068143
1233.6205472379968	1832.4167449329866
1234.621063500258	1835.45745871609
1235.6215797625193	1840.7497385338988
1236.6220960247806	1854.669129355231
1237.6226122870419	1866.4267274140382
1238.6231285493031	1863.562630634743
1239.6236448115642	1850.8655958578206
1240.6241610738255	1846.8814703549574
1241.6246773360867	1850.2903043070605
1242.625193598348	1851.3072710196225
1243.6257098606093	1864.144340245136
1244.6262261228703	1900.3031799593477
1245.6267423851316	1958.471162957213
1246.6272586473929	2015.192160820535
1247.6277749096541	2052.9575122410697
1248.6282911719154	2080.660749435437
1249.6288074341765	2101.634972871353
1250.6293236964377	2108.069166644126
1251.629839958699	2100.435272844075
1252.6303562209603	2079.2175642040806
1253.6308724832215	2059.3602076777347
1254.6313887454826	2049.868295501026
1255.6319050077439	2033.2354841706936
1256.6324212700051	1988.0247877622603
1257.6329375322664	1926.2742528265067
1258.6334537945277	1858.3568848058248
1259.633970056789	1800.471759631466
1260.63448631905	1757.7452306235355
1261.6350025813113	1737.5660847613447
1262.6355188435725	1727.3430193023003
1263.6360351058338	1723.84214903378
1264.636551368095	1724.9525189191916
1265.6370676303561	1734.1876765766106
1266.6375838926174	1754.0919185953292
1267.6381001548787	1792.9107605442077
1268.63861641714	1848.6179917033983
1269.6391326794012	1910.5640253713932
1270.6396489416622	1960.607330404258
1271.6401652039235	1999.2576845623544
1272.6406814661848	2029.5892060950866
1273.641197728446	2055.271863396948
1274.6417139907073	2080.582500769114
1275.6422302529686	2093.007395492369
1276.6427465152296	2087.4797730976043
1277.643262777491	2083.839233468232
1278.6437790397522	2064.862155851275
1279.6442953020135	2033.569663646627
1280.6448115642747	1990.101703409951
1281.6453278265358	1939.5478440347924
1282.645844088797	1889.7469063827143
1283.6463603510583	1834.0532929643814
1284.6468766133196	1770.0416552684464
1285.6473928755809	1720.416511246558
1286.647909137842	1710.6984563106423
1287.6484254001032	1722.2842265068853
1288.6489416623645	1727.5130310281074
1289.6494579246257	1724.0623533380194
1290.649974186887	1734.2309001756796
1291.6504904491483	1747.504750086962
1292.6510067114093	1780.236633225797
1293.6515229736706	1820.3792082438927
1294.6520392359319	1859.7605342839981
1295.6525554981931	1896.611156054394
1296.6530717604544	1928.4266672752935
1297.6535880227154	1961.0525429208406
1298.6541042849767	1983.668095645533
1299.654620547238	2001.3398368400512
1300.6551368094993	2028.3374630324836
1301.6556530717605	2054.324560329161
1302.6561693340216	2076.3818833326022
1303.6566855962828	2079.246347718653
1304.657201858544	2052.3611363297223
1305.6577181208054	2011.5361798942895
1306.6582343830667	1964.8721676396322
1307.658750645328	1931.7901595397843
1308.659266907589	1915.8450674132887
1309.6597831698502	1904.1546585855556
1310.6602994321115	1904.66147085797
1311.6608156943728	1914.8291196741309
1312.661331956634	1906.2795316141662
1313.661848218895	1889.5721744961736
1314.6623644811564	1878.5668478060163
1315.6628807434176	1863.6785395582258
1316.663397005679	1853.9570975737427
1317.6639132679402	1862.0157537235589
1318.6644295302012	1885.219163246271
1319.6649457924625	1901.809968911432
1320.6654620547238	1913.2088910302637
1321.665978316985	1931.4509901035137
1322.6664945792463	1971.010819980705
1323.6670108415074	2019.720642135464
1324.6675271037686	2065.352731530275
1325.66804336603	2106.2268580403934
1326.6685596282912	2137.9634587499013
1327.6690758905524	2153.440595976274
1328.6695921528137	2156.5630262432082
1329.6701084150748	2147.8542968155575
1330.670624677336	2118.0613140751043
1331.6711409395973	2058.631963122843
1332.6716572018586	1998.7995590846347
1333.6721734641199	1967.151306277279
1334.672689726381	1954.464542836972
1335.6732059886422	1934.1803848428592
1336.6737222509034	1901.7527595635352
1337.6742385131647	1858.4946074315196
1338.674754775426	1816.6911834157777
1339.675271037687	1779.6121253999897
1340.6757872999483	1738.9671411281581
1341.6763035622096	1709.5547775542113
1342.6768198244708	1715.1461585033996
1343.677336086732	1738.142605518348
1344.6778523489934	1758.4016865296664
1345.6783686112544	1788.6115167738499
1346.6788848735157	1833.591111093974
1347.679401135777	1879.5696373000847
1348.6799173980382	1916.0958048813134
1349.6804336602995	1955.6420544840978
1350.6809499225606	1984.0673822072192
1351.6814661848218	1984.2572798293181
1352.681982447083	1972.1142661026
1353.6824987093444	1964.1769058497814
1354.6830149716056	1971.975646505458
1355.6835312338667	1987.088154543224
1356.684047496128	2004.8651153261858
1357.6845637583892	2008.0952378673214
1358.6850800206505	2000.511217876636
1359.6855962829118	1987.9044105815099
1360.686112545173	1972.4235408624986
1361.686628807434	1964.6959749651196
1362.6871450696954	1946.1413180890177
1363.6876613319566	1921.3514632552274
1364.688177594218	1899.9053778323014
1365.6886938564792	1895.4614655432224
1366.6892101187402	1901.6441056101526
1367.6897263810015	1913.2837793006918
1368.6902426432628	1931.6418634527702
1369.690758905524	1943.8554089664244
1370.6912751677853	1954.248801926686
1371.6917914300464	1961.0613055616175
1372.6923076923076	1956.004330623801
1373.692823954569	1937.7762954947302
1374.6933402168302	1908.0905740389105
1375.6938564790914	1867.6459830682732
1376.6943727413525	1838.2531036867265
1377.6948890036138	1835.6473641180073
1378.695405265875	1841.0827552076837
1379.6959215281363	1842.4318181064818
1380.6964377903976	1852.4371268241712
1381.6969540526588	1868.8304530789383
1382.6974703149199	1876.238179711625
1383.6979865771812	1873.646437428137
1384.6985028394424	1847.3406128914828
1385.6990191017037	1816.1943177456299
1386.699535363965	1793.8510141800261
1387.700051626226	1793.8786459395214
1388.7005678884873	1802.3978884788462
1389.7010841507486	1821.0537520490004
1390.7016004130098	1855.0703470419037
1391.702116675271	1883.4358025095346
1392.7026329375321	1919.3307298919353
1393.7031491997934	1971.9948097633728
1394.7036654620547	2019.0059535547969
1395.704181724316	2040.0314266526823
1396.7046979865772	2025.6186574389062
1397.7052142488385	2017.0088694274982
1398.7057305110995	2014.1219173330492
1399.7062467733608	2025.6308088065432
1400.706763035622	2031.931557095642
1401.7072792978834	2017.7763132420548
1402.7077955601446	2010.9527590192117
1403.7083118224057	2007.681862488738
1404.708828084667	1985.1724352460797
1405.7093443469282	1946.3732330188209
1406.7098606091895	1907.217638139019
1407.7103768714508	1861.6004044177444
1408.7108931337118	1809.3629178140013
1409.711409395973	1752.7688297635937
1410.7119256582343	1703.1559323152874
1411.7124419204956	1678.2492096490737
1412.712958182757	1659.7659806043114
1413.7134744450182	1650.8197122432239
1414.7139907072792	1661.2869977076691
1415.7145069695405	1687.3820882165794
1416.7150232318018	1732.61177118999
1417.715539494063	1757.5380081212513
1418.7160557563243	1770.071295000445
1419.7165720185853	1777.8999583514083
1420.7170882808466	1791.445133399356
1421.7176045431079	1814.3033988318223
1422.7181208053692	1852.9333132749425
1423.7186370676304	1898.6247411823113
1424.7191533298915	1962.0176444326455
1425.7196695921527	2038.448382069972
1426.720185854414	2092.0633819973036
1427.7207021166753	2103.702874629515
1428.7212183789366	2103.8598718850535
1429.7217346411978	2091.621946068442
1430.7222509034589	2088.4758740578163
1431.7227671657201	2096.4766636028785
1432.7232834279814	2094.108728362151
1433.7237996902427	2092.7867663423153
1434.724315952504	2087.7801585804073
1435.724832214765	2056.9761679529943
1436.7253484770263	2013.6520967997767
1437.7258647392875	1972.9734813844343
1438.7263810015488	1928.2737319289752
1439.72689726381	1879.8919350062204
1440.7274135260711	1828.6106403520935
1441.7279297883324	1773.6217193713999
1442.7284460505937	1737.6540003824884
1443.728962312855	1705.7543464121536
1444.7294785751162	1691.9725656399116
1445.7299948373773	1691.9125109484357
1446.7305110996385	1703.5110362215132
1447.7310273618998	1753.129169067819
1448.731543624161	1810.99730978589
1449.7320598864223	1873.2979100014882
1450.7325761486836	1934.346063687332
1451.7330924109447	1986.3189389656454
1452.733608673206	2023.5764845743706
1453.7341249354672	2070.3967960327996
1454.7346411977285	2115.987007240994
1455.7351574599898	2147.504663959971
1456.7356737222508	2172.2199571904644
1457.736189984512	2188.309400779359
1458.7367062467733	2184.824229503232
1459.7372225090346	2178.195828589951
1460.7377387712959	2158.3417876800327
1461.738255033557	2115.9785495963674
1462.7387712958182	2061.4073427793405
1463.7392875580795	1995.7401193524556
1464.7398038203407	1929.8506373775379
1465.740320082602	1867.640377947862
1466.7408363448633	1793.2134706963552
1467.7413526071243	1730.9521356584735
1468.7418688693856	1684.8623608118246
1469.7423851316469	1642.3621181866401
1470.7429013939081	1639.029083159823
1471.7434176561694	1655.6227792160723
1472.7439339184305	1687.3513842640186
1473.7444501806917	1741.052505156471
1474.744966442953	1800.3758242059703
1475.7454827052143	1863.4449397942135
1476.7459989674755	1929.7942153412496
1477.7465152297366	1977.7065935185674
1478.7470314919979	2027.0809690582344
1479.7475477542591	2067.4451951986016
1480.7480640165204	2091.0982107373206
1481.7485802787817	2098.4457901429096
1482.749096541043	2095.0067776860656
1483.749612803304	2090.443849432919
1484.7501290655653	2097.7460598563625
1485.7506453278265	2100.681274114492
1486.7511615900878	2081.858887182768
1487.751677852349	2051.7587369614535
1488.7521941146101	1999.6311956227485
1489.7527103768714	1923.115920172281
1490.7532266391327	1845.6441004690523
1491.753742901394	1783.5004569832356
1492.7542591636552	1727.2745273344638
1493.7547754259163	1681.2567500948749
1494.7552916881775	1648.702191841071
1495.7558079504388	1647.1819423916206
1496.7563242127	1675.6869231002133
1497.7568404749613	1702.8603298942749
1498.7573567372226	1737.3341987298706
1499.7578729994837	1781.2607364322216
1500.758389261745	1808.0446160653203
1501.7589055240062	1843.7554528357878
1502.7594217862675	1877.3361008236573
1503.7599380485287	1884.1512209800107
1504.7604543107898	1902.5797858296967
1505.760970573051	1934.385910731836
1506.7614868353123	1979.0242656216924
1507.7620030975736	2022.36864270824
1508.7625193598349	2062.5741157990456
1509.763035622096	2112.537878006989
1510.7635518843572	2163.53097065146
1511.7640681466185	2207.1156488731444
1512.7645844088797	2227.401084573988
1513.765100671141	2211.116045138932
1514.765616933402	2174.653472937419
1515.7661331956633	2142.8763228000753
1516.7666494579246	2107.776231284127
1517.7671657201859	2062.6297184453815
1518.7676819824471	2025.8209768952447
1519.7681982447084	1986.3170892797873
1520.7687145069694	1941.1692724299671
1521.7692307692307	1897.3825511643674
1522.769747031492	1866.458371570456
1523.7702632937533	1839.2183231358097
1524.7707795560145	1803.25690038238
1525.7712958182756	1764.866512269498
1526.7718120805368	1736.3078012607932
1527.7723283427981	1722.504308859294
1528.7728446050594	1713.4719442824935
1529.7733608673207	1709.2072112686328
1530.7738771295817	1724.0892286238636
1531.774393391843	1748.0487629936904
1532.7749096541042	1797.7736666949604
1533.7754259163655	1868.22246774469
1534.7759421786268	1932.891224169937
1535.776458440888	2004.8786995399432
1536.776974703149	2064.4414004152886
1537.7774909654104	2094.5131542637846
1538.7780072276717	2093.7942837044748
1539.778523489933	2070.008717863169
1540.7790397521942	2046.4355043343946
1541.7795560144552	2026.931845516571
1542.7800722767165	2014.297983359033
1543.7805885389778	2007.6414410104642
1544.781104801239	2001.1635994733447
1545.7816210635003	1985.29036871963
1546.7821373257614	1958.3844597521957
1547.7826535880226	1929.5059690622902
1548.783169850284	1890.6469125327499
1549.7836861125452	1852.4722470080842
1550.7842023748065	1812.1883325251104
1551.7847186370677	1785.8085024568475
1552.7852348993288	1778.4620589895258
1553.78575116159	1784.4138125514373
1554.7862674238513	1806.2398858714396
1555.7867836861126	1825.1909337564489
1556.7872999483739	1841.8929766210751
1557.787816210635	1874.6660904434395
1558.7883324728962	1943.1362889482211
1559.7888487351574	2015.5398647431539
1560.7893649974187	2071.2648080658846
1561.78988125968	2133.56380167509
1562.790397521941	2181.561286461373
1563.7909137842023	2207.2071790754144
1564.7914300464636	2210.5623865369
1565.7919463087248	2201.4163808224166
1566.7924625709861	2197.8842382537264
1567.7929788332472	2202.361415175693
1568.7934950955084	2215.663134392496
1569.7940113577697	2213.084163177539
1570.794527620031	2185.7343730832185
1571.7950438822922	2147.9661333733707
1572.7955601445535	2105.8828983963786
1573.7960764068146	2035.9594678130331
1574.7965926690758	1959.9649260126855
1575.797108931337	1909.0840474928614
1576.7976251935984	1879.5762533066159
1577.7981414558596	1864.3006292350003
1578.7986577181207	1864.9017882666324
1579.799173980382	1857.6745006397327
1580.7996902426432	1846.204087675844
1581.8002065049045	1829.270366586634
1582.8007227671658	1820.8101397518856
1583.8012390294268	1836.8706745022869
1584.801755291688	1865.904986760215
1585.8022715539494	1907.342188550905
1586.8027878162106	1945.938544966802
1587.803304078472	1964.1166153808758
1588.8038203407332	1974.2605698406792
1589.8043366029942	1994.9920726324292
1590.8048528652555	1996.2008293616539
1591.8053691275168	1979.9994304763293
1592.805885389778	1970.9058368227923
1593.8064016520393	1957.917327874618
1594.8069179143004	1945.795508768103
1595.8074341765616	1943.8919793095536
1596.807950438823	1950.8252602583839
1597.8084667010842	1952.3679878067983
1598.8089829633454	1950.730357532165
1599.8094992256065	1947.700548256226
1600.8100154878678	1932.2981363358783
1601.810531750129	1908.959170249949
1602.8110480123903	1889.8482497871917
1603.8115642746516	1880.7472408640294
1604.8120805369128	1865.6385699443229
1605.812596799174	1850.0409572944352
1606.8131130614352	1848.7223603828845
1607.8136293236964	1856.7367621834294
1608.8141455859577	1880.9505354037
1609.814661848219	1932.2122821561438
1610.81517811048	1975.802602696401
1611.8156943727413	2018.6758328504886
1612.8162106350026	2055.4689860184694
1613.8167268972638	2072.917900333805
1614.817243159525	2074.310367456814
1615.8177594217861	2074.504839787244
1616.8182756840474	2073.308279077284
1617.8187919463087	2061.9698289057214
1618.81930820857	2042.0719128606825
1619.8198244708312	2020.7828710112965
1620.8203407330925	2001.0070410868366
1621.8208569953536	1973.318142978015
1622.8213732576148	1948.6200518617827
1623.821889519876	1925.385252397641
1624.8224057821374	1882.2338482820026
1625.8229220443986	1856.64075999007
1626.8234383066597	1843.6018948520434
1627.823954568921	1842.6284430057751
1628.8244708311822	1845.2733699950159
1629.8249870934435	1863.5513588692643
1630.8255033557048	1886.4374390628172
1631.8260196179658	1915.9094816547406
1632.826535880227	1955.1843052947604
1633.8270521424884	2000.7363196885458
1634.8275684047496	2046.3355617831378
1635.828084667011	2093.383243935346
1636.828600929272	2138.015257021135
1637.8291171915332	2176.7923752970923
1638.8296334537945	2192.4755088042402
1639.8301497160558	2193.932511505377
1640.830665978317	2185.1631760199284
1641.8311822405783	2146.3851775618564
1642.8316985028393	2113.025131435212
1643.8322147651006	2082.3551529635743
1644.832731027362	2035.7504300339253
1645.8332472896232	1970.9977894079343
1646.8337635518844	1914.038517983133
1647.8342798141455	1884.534972940817
1648.8347960764067	1876.0581135355912
1649.835312338668	1890.0409395933102
1650.8358286009293	1899.4195416991793
1651.8363448631906	1902.303213675176
1652.8368611254516	1912.615863940837
1653.8373773877129	1943.4238699485427
1654.8378936499741	1961.516361257479
1655.8384099122354	1949.419931608106
1656.8389261744967	1944.2075021788305
1657.839442436758	1952.3784326181208
1658.839958699019	1978.0224078558344
1659.8404749612803	2025.632010685641
1660.8409912235416	2087.4233712196783
1661.8415074858028	2147.792082907303
1662.842023748064	2190.2200847302233
1663.8425400103251	2188.445734896747
1664.8430562725864	2160.2453900105384
1665.8435725348477	2142.068810319221
1666.844088797109	2129.0697341840755
1667.8446050593702	2110.753888208292
1668.8451213216313	2092.437653777479
1669.8456375838925	2067.8692911400803
1670.8461538461538	2051.886364297338
1671.846670108415	2041.3404347925202
1672.8471863706764	2024.1699239174386
1673.8477026329376	2013.1158523201798
1674.8482188951987	2005.9060750850635
1675.84873515746	1994.0453183855377
1676.8492514197212	1977.8161813815207
1677.8497676819825	1947.5060535548619
1678.8502839442438	1917.6265452174216
1679.8508002065048	1897.2047124448006
1680.851316468766	1872.1246319182087
1681.8518327310273	1844.8198066356986
1682.8523489932886	1833.2753479808619
1683.85286525555	1847.273072916079
1684.853381517811	1906.4637300521767
1685.8538977800722	1970.1677769776284
1686.8544140423335	2010.6536217439561
1687.8549303045947	2038.6177795468911
1688.855446566856	2053.230104356315
1689.8559628291173	2055.2908242359736
1690.8564790913783	2057.955104240468
1691.8569953536396	2057.6263283300596
1692.8575116159009	2063.0539928722046
1693.8580278781621	2073.899810967733
1694.8585441404234	2054.192113995157
1695.8590604026845	2012.1696455850117
1696.8595766649457	1981.1034777666455
1697.860092927207	1956.6169023469427
1698.8606091894683	1943.5346627442707
1699.8611254517295	1934.8702644554678
1700.8616417139906	1927.0522465040033
1701.8621579762519	1927.0449922048847
1702.8626742385131	1912.4410670738525
1703.8631905007744	1909.4044071664678
1704.8637067630357	1918.3554001796203
1705.8642230252967	1935.2765061690382
1706.864739287558	1956.8753914797633
1707.8652555498193	1988.2505900783058
1708.8657718120805	2042.4418140915952
1709.8662880743418	2090.0274646124594
1710.866804336603	2131.3993839600635
1711.8673205988641	2138.6143399954426
1712.8678368611254	2124.5275999043643
1713.8683531233867	2097.390530361835
1714.868869385648	2060.484915996963
1715.8693856479092	2044.950550889566
1716.8699019101703	2044.871834052887
1717.8704181724315	2007.6796518001843
1718.8709344346928	1995.859406696658
1719.871450696954	1982.2967685723404
1720.8719669592153	1967.1144050863218
1721.8724832214764	1941.4095884034589
1722.8729994837377	1917.2518502266955
1723.873515745999	1904.3133304226171
1724.8740320082602	1909.2225545449141
1725.8745482705215	1915.3740536388184
1726.8750645327827	1931.3948325197346
1727.8755807950438	1945.2734709556546
1728.876097057305	1946.9915663142888
1729.8766133195663	1948.8081069354855
1730.8771295818276	1944.6747283104828
1731.8776458440889	1934.721587234022
1732.87816210635	1947.7989730723702
1733.8786783686112	1963.2365734557484
1734.8791946308725	1983.3758821563126
1735.8797108931337	2003.2850566302154
1736.880227155395	2021.4230049474384
1737.880743417656	2022.8831803563303
1738.8812596799173	2010.0253821350354
1739.8817759421786	2022.659206910384
1740.8822922044399	2038.4079642230347
1741.8828084667011	2062.679770598774
1742.8833247289624	2088.9939061338687
1743.8838409912235	2127.9658804058486
1744.8843572534847	2156.985266411683
1745.884873515746	2149.360859513561
1746.8853897780073	2123.856289899753
1747.8859060402685	2101.9511112016157
1748.8864223025296	2086.0864349732174
1749.8869385647909	2083.4918242952326
1750.8874548270521	2090.427124903532
1751.8879710893134	2105.050815436112
1752.8884873515747	2110.306232784925
1753.8890036138357	2089.699579608998
1754.889519876097	2062.5273546852914
1755.8900361383583	2035.2772492748784
1756.8905524006195	2002.9473370641442
1757.8910686628808	1990.660859445287
1758.891584925142	1985.7547233465432
1759.8921011874031	1990.2105130240634
1760.8926174496644	2018.0292695483377
1761.8931337119257	2054.7529540185824
1762.893649974187	2078.1709175072856
1763.8941662364482	2092.7045878835843
1764.8946824987092	2099.136951556793
1765.8951987609705	2100.6879261754275
1766.8957150232318	2118.93743503386
1767.896231285493	2138.1890269605296
1768.8967475477543	2136.7909004462367
1769.8972638100154	2133.898675496757
1770.8977800722766	2129.3053853422944
1771.898296334538	2099.2992974562676
1772.8988125967992	2056.997278183691
1773.8993288590605	2031.6277370414807
1774.8998451213215	2025.2429786250018
1775.9003613835828	2023.8469968609872
1776.900877645844	2017.4098868128751
1777.9013939081053	1999.0528952679017
1778.9019101703666	1971.463984408652
1779.9024264326279	1932.0747801547648
1780.902942694889	1898.8125288804208
1781.9034589571502	1868.278347058745
1782.9039752194114	1851.9366150308651
1783.9044914816727	1862.729558227535
1784.905007743934	1876.999457164325
1785.905524006195	1891.3487518574393
1786.9060402684563	1913.5201608375503
1787.9065565307176	1924.0497617878445
1788.9070727929789	1930.1119011211026
1789.9075890552401	1935.1600172196122
1790.9081053175012	1935.8470775505589
1791.9086215797624	1945.9077478004467
1792.9091378420237	1966.26468488254
1793.909654104285	1987.7897095062772
1794.9101703665463	2010.7022832390467
1795.9106866288075	2022.5390427575305
1796.9112028910686	2024.566745129411
1797.9117191533298	2030.96131866852
1798.912235415591	2055.439911038802
1799.9127516778524	2074.588818762829
1800.9132679401137	2079.790770554995
1801.9137842023747	2082.694888867519
1802.914300464636	2066.9199028017224
1803.9148167268972	2036.1631274788895
1804.9153329891585	2019.6505712889325
1805.9158492514198	1996.7606668857075
1806.9163655136808	1982.6291550923172
1807.916881775942	1987.5244527736372
1808.9173980382034	1991.430611910211
1809.9179143004646	2003.7920654299253
1810.918430562726	2019.087677612374
1811.9189468249872	2037.3019199161715
1812.9194630872482	2051.386964290751
1813.9199793495095	2057.8681498839755
1814.9204956117708	2068.4958997439458
1815.921011874032	2081.1086406368586
1816.9215281362933	2085.3811813475986
1817.9220443985544	2079.5518767919293
1818.9225606608156	2058.1276483321394
1819.923076923077	2025.1253705947372
1820.9235931853382	1999.7014700325753
1821.9241094475994	1981.841512625281
1822.9246257098605	1979.1491882128628
1823.9251419721218	1980.270882930693
1824.925658234383	1975.3690094174174
1825.9261744966443	1961.0397656500127
1826.9266907589056	1934.0158497279454
1827.9272070211666	1908.5504569861807
1828.927723283428	1883.338673223778
1829.9282395456892	1893.3919418341404
1830.9287558079504	1927.2937906664288
1831.9292720702117	1955.6618308892419
1832.929788332473	1982.4513094805166
1833.930304594734	1996.1239848593195
1834.9308208569953	2000.7550194531364
1835.9313371192566	2025.305419539095
1836.9318533815178	2029.2475453730283
1837.932369643779	2028.0535608095156
1838.9328859060402	2041.5431939934356
1839.9334021683014	2048.047365696778
1840.9339184305627	2044.2032448498317
1841.934434692824	2037.9056794674811
1842.9349509550852	2034.5555852131474
1843.9354672173463	2042.7232323552664
1844.9359834796076	2036.559993851742
1845.9364997418688	2033.7567329246658
1846.93701600413	2044.1524810860287
1847.9375322663914	2058.584248812518
1848.9380485286526	2053.3056437748623
1849.9385647909137	2077.681899320509
1850.939081053175	2070.3970053490625
1851.9395973154362	2068.756901256028
1852.9401135776975	2068.7553947140686
1853.9406298399588	2075.9848917212666
1854.9411461022198	2085.2942027758977
1855.941662364481	2109.876445238293
1856.9421786267424	2118.4441279766347
1857.9426948890036	2100.6537948798095
1858.943211151265	2067.767626736375
1859.943727413526	2029.3072282942544
1860.9442436757872	2005.612610454933
1861.9447599380485	1983.4190159625093
1862.9452762003098	1955.868084001514
1863.945792462571	1937.8428560073633
1864.9463087248323	1931.6860366247083
1865.9468249870934	1927.7514190945653
1866.9473412493546	1935.2433471099062
1867.947857511616	1936.4226810751338
1868.9483737738772	1936.253515645673
1869.9488900361384	1939.983334652272
1870.9494062983995	1954.1835546626794
1871.9499225606608	1943.969779539473
1872.950438822922	1929.8111713237286
1873.9509550851833	1930.9280452635005
1874.9514713474446	1952.4154711060175
1875.9519876097056	1972.62932129452
1876.9525038719669	1993.4143825854985
1877.9530201342282	2014.310835571031
1878.9535363964894	2020.2570644626371
1879.9540526587507	1992.7837085267795
1880.954568921012	1976.5076754830075
1881.955085183273	1979.9645063290511
1882.9556014455343	1999.0219601358872
1883.9561177077956	2033.6308137638155
1884.9566339700568	2055.8360819832806
1885.957150232318	2037.7553561018171
1886.9576664945791	2026.2378815842524
1887.9581827568404	2043.8591437003079
1888.9586990191017	2046.5930415984355
1889.959215281363	2056.0606229879036
1890.9597315436242	2060.098984290202
1891.9602478058853	2062.454537936106
1892.9607640681465	2067.014148146314
1893.9612803304078	2077.5970445419734
1894.961796592669	2075.8075403343755
1895.9623128549304	2086.5161810445584
1896.9628291171914	2073.4723484099986
1897.9633453794527	2042.6906300531887
1898.963861641714	2010.0801862978824
1899.9643779039752	2008.3800115937813
1900.9648941662365	2032.5721852147453
1901.9654104284978	2060.4443434994973
1902.9659266907588	2079.6937909676785
1903.96644295302	2097.7028651157493
1904.9669592152813	2121.6713273757355
1905.9674754775426	2142.4599623171557
1906.967991739804	2174.5103274218563
1907.968508002065	2217.8421350973367
1908.9690242643262	2252.1564321325577
1909.9695405265875	2285.4151808110432
1910.9700567888488	2280.0590088507915
1911.97057305111	2257.3728640561835
1912.971089313371	2229.5928957136307
1913.9716055756323	2196.0492366732997
1914.9721218378936	2164.470101502154
1915.9726381001549	2138.7666601871592
1916.9731543624162	2120.2843271115325
1917.9736706246774	2078.7685499335516
1918.9741868869385	2047.2463728131315
1919.9747031491997	2018.1114148530091
1920.975219411461	1992.342597754643
1921.9757356737223	1966.2131639956647
1922.9762519359836	1933.668008875543
1923.9767681982446	1900.888325223206
1924.9772844605059	1886.931660767883
1925.9778007227671	1907.4293685344574
1926.9783169850284	1960.0800404409083
1927.9788332472897	1986.222096347779
1928.9793495095507	2003.6681213483057
1929.979865771812	2016.1570721562687
1930.9803820340733	2046.7102954760646
1931.9808982963345	2092.644156669154
1932.9814145585958	2128.0598666617284
1933.981930820857	2174.650572483429
1934.9824470831181	2207.467648540228
1935.9829633453794	2232.8380919525894
1936.9834796076407	2248.2251106808967
1937.983995869902	2253.686868466095
1938.9845121321632	2263.6847315366927
1939.9850283944243	2252.846398287282
1940.9855446566855	2242.602690609526
1941.9860609189468	2228.044109429281
1942.986577181208	2227.8366775982563
1943.9870934434693	2231.7688877483974
1944.9876097057304	2235.7042563720092
1945.9881259679917	2198.189270000073
1946.988642230253	2134.6909856033612
1947.9891584925142	2098.4553979745897
1948.9896747547755	2075.912928391394
1949.9901910170368	2054.060404898199
1950.9907072792978	2039.793849226691
1951.991223541559	2022.0176583781144
1952.9917398038203	2005.392505813917
1953.9922560660816	2020.563287912659
1954.9927723283429	2041.1015615610347
1955.993288590604	2041.2757886874058
1956.9938048528652	2071.4470473209476
1957.9943211151265	2112.233043843827
1958.9948373773877	2134.8475345185607
1959.995353639649	2135.578620396467
1960.99586990191	2132.3955920705835
1961.9963861641713	2155.9653520660922
1962.9969024264326	2170.5281044262783
1963.9974186886939	2163.3341311295426
1964.9979349509551	2167.70028604292
1965.9984512132162	2160.5294172066783
1966.9989674754775	2157.197328431769
