mean fit 1 params E0, Eb, d0	1.484887083024376e-05	2.0404777045589403e-06	265.2267945892552
mean fit 1 std dev E0, Eb, d0	6.17657614742778e-07	7.610521883692453e-09	6.2742585458785936
mean fit 2 params E0, Eb, d0	4.7536770528252734e-05	3.124394231703914e-06	119.76621034867985
mean fit 2 std dev E0, Eb, d0	1.9894048727230373e-05	2.4007073249201345e-07	22.954097481470153
mean fit 3 params E0, Eb, d0	8.998656733480266e-06	2.0068041703398996e-06	338.1395422127191
mean fit 3 std dev E0, Eb, d0	9.520145824172373e-07	1.1388704933537832e-08	20.171712721916485
mean fit 4 params E0, Eb, d0	1.5235321286314768e-05	-0.022269931808172917	835633.8700569541
mean fit 4 std dev E0, Eb, d0	4.154555306925157e-06	38.53477560441896	1445613135.9673626
Ex	Ey
31.0	6709.492822846874
32.00051626226123	6640.569689292044
33.00103252452246	6549.978089042285
34.00154878678369	6302.480591154787
35.002065049044916	6253.209823668346
36.002581311306145	6119.131091775206
37.00309757356737	6075.527721410781
38.0036138358286	5925.1909834555345
39.00413009808983	5776.349855002913
40.00464636035106	5505.152742710844
41.00516262261229	5296.435687084134
42.00567888487352	5253.3021529635025
43.00619514713475	5614.709555763224
44.006711409395976	6204.5492719528775
45.007227671657205	7009.596512092358
46.007743933918434	7792.034565273971
47.00826019617966	8506.569085916666
48.00877645844089	9136.513524298114
49.00929272070212	9614.944053894433
50.00980898296335	10052.15572457631
51.01032524522458	10433.170206198045
52.01084150748581	10666.468462177674
53.011357769747036	10711.145890801617
54.011874032008265	10588.91694837271
55.01239029426949	10402.406210820049
56.012906556530716	9991.481860990143
57.013422818791945	9399.399262176004
58.013939081053174	8577.063821158277
59.0144553433144	7595.6155486376565
60.01497160557563	6837.069861843648
61.01548786783686	6136.997565598369
62.01600413009809	5566.296512637401
63.01652039235932	5075.863458435292
64.01703665462054	4633.810752923164
65.01755291688178	4066.7600203550815
66.018069179143	3670.302219698149
67.01858544140424	3360.3501174075122
68.01910170366546	3404.8149984208526
69.0196179659267	3599.395435395411
70.02013422818791	3893.0244758518966
71.02065049044916	4105.31775653258
72.02116675271037	4318.022394405948
73.02168301497161	4479.806801072119
74.02219927723283	4639.2854237148285
75.02271553949407	4834.425414413052
76.02323180175529	4973.090038649313
77.02374806401653	5133.36160359029
78.02426432627774	5197.613914018247
79.02478058853897	5233.406819409779
80.0252968508002	5201.853515303206
81.02581311306143	5231.525198399822
82.02632937532266	5235.584522538724
83.02684563758389	5189.389962631659
84.02736189984512	4971.446175541064
85.02787816210635	4590.630646122761
86.02839442436758	4235.239636738054
87.0289106866288	3946.2362470211806
88.02942694889003	3753.607242548075
89.02994321115126	3642.0851733420745
90.03045947341249	3331.40268948271
91.03097573567372	3139.0369862489165
92.03149199793495	2946.099982957675
93.03200826019618	2929.194901387648
94.03252452245741	3085.8957806815984
95.03304078471864	3291.0232295087008
96.03355704697987	3442.1756302295025
97.0340733092411	3641.114153852078
98.03458957150232	3739.3199643651224
99.03510583376355	4028.7688123455387
100.03562209602478	4233.886408390992
101.03613835828601	4392.033497809833
102.03665462054724	4481.532609922838
103.03717088280847	4497.962631499115
104.0376871450697	4592.590136632767
105.03820340733093	4575.983215088817
106.03871966959215	4531.817731125535
107.03923593185338	4470.285720672068
108.03975219411461	4377.327496391373
109.04026845637584	4231.50081892323
110.04078471863707	4009.76626864305
111.0413009808983	3675.2889155551097
112.04181724315953	3408.931204267168
113.04233350542076	3141.9949693302106
114.04284976768199	3007.862525028653
115.04336602994321	2921.7675615107573
116.04388229220444	2826.0820513481817
117.04439855446567	2805.6688817242893
118.0449148167269	2900.0142763706863
119.04543107898813	3037.545117780309
120.04594734124936	3265.576024229487
121.04646360351059	3373.1995757493023
122.04697986577182	3464.670968737422
123.04749612803305	3574.687039738881
124.04801239029428	3726.5627010853805
125.0485286525555	3938.8128943557044
126.04904491481673	4096.127678644593
127.04956117707795	4140.566842255991
128.0500774393392	4206.648735727968
129.0505937016004	4158.971102472623
130.05110996386162	4150.941346669337
131.05162622612286	4028.265103706041
132.0521424883841	3870.675095093984
133.05265875064532	3761.849927687692
134.05317501290654	3592.2901570246386
135.05369127516778	3442.039058757339
136.05420753742902	3272.7017531734487
137.05472379969024	3065.8542686211545
138.05524006195145	2975.274366333489
139.0557563242127	2934.889897469105
140.05627258647394	3007.3464471351012
141.05678884873515	3165.1954899542807
142.05730511099637	3275.1986782946346
143.0578213732576	3413.4240852929674
144.05833763551885	3507.196640142605
145.05885389778007	3557.9334442556296
146.05937016004128	3573.51142052489
147.05988642230253	3545.6821248536544
148.06040268456377	3500.0832156989995
149.06091894682498	3526.458168792822
150.0614352090862	3533.803316939633
151.06195147134744	3593.9844826328613
152.06246773360868	3589.502152731042
153.0629839958699	3561.214620723728
154.0635002581311	3605.7230996701055
155.06401652039236	3648.389387732565
156.0645327826536	3677.266047876837
157.06504904491482	3656.4123480605626
158.06556530717603	3608.6159609213764
159.06608156943727	3613.669256860566
160.0665978316985	3584.148007103882
161.06711409395973	3559.65618201569
162.06763035622095	3537.6904755585533
163.0681466184822	3543.182527852893
164.0686628807434	3632.740016465443
165.06917914300465	3703.843173208051
166.06969540526586	3712.880324127047
167.0702116675271	3719.1656373626665
168.07072792978832	3718.602699136773
169.07124419204956	3821.5417867859487
170.07176045431078	3946.061367400183
171.07227671657202	4072.2192202353326
172.07279297883323	4209.780699913016
173.07330924109448	4263.761392200043
174.0738255033557	4296.628826146672
175.07434176561694	4350.682459008248
176.07485802787815	4330.581116933048
177.0753742901394	4309.266707261795
178.0758905524006	4255.614209156141
179.07640681466185	4173.192559761656
180.07692307692307	4161.91317734769
181.0774393391843	4090.9812455962206
182.07795560144552	4008.124141053356
183.07847186370677	3878.165129400804
184.07898812596798	3671.463645601057
185.07950438822922	3539.552490356425
186.08002065049044	3496.3334101032456
187.08053691275168	3493.1098284751024
188.0810531750129	3452.4870927520687
189.08156943727414	3344.1231492198676
190.08208569953536	3266.6494698629713
191.0826019617966	3225.6469336663263
192.0831182240578	3172.6444039949815
193.08363448631906	3135.2736676433833
194.08415074858027	3115.537648649432
195.0846670108415	3161.940180248038
196.08518327310273	3263.0311286060464
197.08569953536397	3343.4789083327446
198.0862157976252	3369.404539607407
199.08673205988643	3324.6305634541704
200.08724832214764	3315.0860452568722
201.0877645844089	3318.5683471072243
202.0882808466701	3385.6155090286616
203.08879710893135	3453.3240217414573
204.08931337119256	3508.511713017537
205.0898296334538	3502.3882322772297
206.09034589571502	3519.102767990612
207.09086215797626	3449.527640689934
208.09137842023748	3384.8302282425198
209.09189468249872	3279.6947994333323
210.09241094475993	3166.000672092945
211.09292720702118	3088.3613324086537
212.0934434692824	3028.7605533100923
213.09395973154363	3018.652371417692
214.09447599380485	3027.895630994188
215.0949922560661	2958.747760716918
216.0955085183273	2831.033913520274
217.09602478058855	2680.7618069316272
218.09654104284976	2569.0892480734137
219.097057305111	2569.5374987720106
220.09757356737222	2576.949063982634
221.09808982963347	2559.875297792781
222.09860609189468	2558.144273354413
223.0991223541559	2565.169985684469
224.09963861641714	2597.1751181937493
225.10015487867835	2595.458486166425
226.1006711409396	2508.9784658944873
227.1011874032008	2435.936535010698
228.10170366546205	2391.006922532692
229.10221992772327	2387.7795643490977
230.1027361899845	2394.855431891616
231.10325245224573	2426.7175634312516
232.10376871450697	2444.0403876708874
233.10428497676818	2499.099751960409
234.10480123902943	2533.9192146392775
235.10531750129064	2562.7355214220856
236.10583376355189	2530.7834978689993
237.1063500258131	2557.018520413018
238.10686628807434	2611.7098774602096
239.10738255033556	2729.488360803951
240.1078988125968	2820.1874532528022
241.10841507485802	2897.209694690078
242.10893133711926	2933.0771250551397
243.10944759938047	2977.7730025
244.10996386164172	3001.4238437862296
245.11048012390293	2966.1876993686456
246.11099638616417	2966.0152943739813
247.1115126484254	2985.5772673165434
248.11202891068663	2943.2620456069476
249.11254517294785	2821.4967060630906
250.1130614352091	2688.4912701855865
251.1135776974703	2625.3138915504464
252.11409395973155	2585.1058341639955
253.11461022199276	2540.635822144916
254.115126484254	2515.0201675610383
255.11564274651522	2546.615406562492
256.11615900877644	2640.468561492471
257.1166752710377	2726.7814095880008
258.1171915332989	2784.9897340088746
259.11770779556014	2793.432358040982
260.1182240578214	2737.683356045545
261.11874032008257	2703.543836929058
262.11925658234384	2746.2199683256495
263.11977284460505	2813.400869616822
264.12028910686627	2890.040204064186
265.12080536912754	3010.0076926350253
266.12132163138875	3158.643358006413
267.12183789364997	3222.358468599028
268.12235415591124	3205.521861375731
269.1228704181724	3105.5124686517424
270.12338668043367	3098.528191739429
271.1239029426949	3089.6227627445332
272.1244192049561	3095.122348915192
273.12493546721737	3099.070582809534
274.1254517294786	3152.9394646783066
275.1259679917398	3185.235128448148
276.12648425400107	3171.607634099151
277.1270005162622	3156.976601698782
278.1275167785235	3240.37873073416
279.1280330407847	3267.912339716139
280.12854930304593	3264.908653485783
281.1290655653072	3157.1221923057296
282.1295818275684	3013.5485975316155
283.13009808982963	2866.765189426922
284.1306143520909	2730.5580651804335
285.13113061435206	2591.196912786463
286.13164687661333	2485.6806090860937
287.13216313887455	2369.48546303754
288.13267940113576	2319.037539658995
289.133195663397	2296.4517249197847
290.13371192565825	2302.363514091914
291.13422818791946	2322.986627054665
292.1347444501807	2365.1440815116453
293.1352607124419	2472.896383955682
294.13577697470316	2578.410001017258
295.1362932369644	2617.982596740546
296.1368094992256	2692.030844645259
297.1373257614868	2841.565298659604
298.1378420237481	3006.6345381335123
299.1383582860093	3171.110719416729
300.1388745482705	3213.442758033393
301.1393908105317	3276.9381727592795
302.139907072793	3329.4194776410504
303.1404233350542	3350.9076055883615
304.1409395973154	3385.774170063113
305.14145585957664	3391.641857710549
306.1419721218379	3331.366810034969
307.1424883840991	3242.6711268173954
308.14300464636034	3104.343352501155
309.14352090862155	3065.084182635116
310.1440371708828	3019.3274232774434
311.14455343314404	2986.904017062385
312.14506969540525	2932.5362832995543
313.14558595766647	2872.816952204372
314.14610221992774	2793.438690570647
315.14661848218896	2692.722776915766
316.14713474445017	2575.9356632813797
317.1476510067114	2521.861943269151
318.14816726897266	2462.4372116416853
319.14868353123387	2444.0049792622276
320.1491997934951	2400.2748908399417
321.1497160557563	2332.963135333746
322.1502323180176	2278.2433629209795
323.1507485802788	2261.255934844285
324.15126484254	2269.8987928301412
325.1517811048012	2258.281441381014
326.1522973670625	2185.22431666415
327.1528136293237	2128.84325882144
328.1533298915849	2150.840083306688
329.15384615384613	2178.688312356858
330.1543624161074	2227.2109915371425
331.1548786783686	2278.6973903075013
332.15539494062983	2353.94131551935
333.15591120289105	2488.9912519028007
334.1564274651523	2651.738232431287
335.15694372741353	2835.7551060071137
336.15745998967475	2975.4136049611284
337.15797625193596	3037.866034804022
338.15849251419723	3077.3806595358783
339.15900877645845	3102.9389391513973
340.15952503871966	3120.6104460941797
341.1600413009809	3119.3038673961414
342.16055756324215	3102.689278819844
343.16107382550337	3078.2196127407833
344.1615900877646	3026.731027841965
345.1621063500258	2933.1794634772727
346.16262261228707	2835.4517218394526
347.1631388745483	2717.295253800082
348.1636551368095	2601.6292935906126
349.1641713990707	2473.8925533536726
350.164687661332	2371.4305279567334
351.1652039235932	2284.2340310742266
352.1657201858544	2200.677184551339
353.1662364481156	2150.8951031106944
354.16675271037684	2131.0752681544245
355.1672689726381	2114.3986730264746
356.1677852348993	2118.476383845216
357.16830149716054	2150.293558081696
358.16881775942176	2242.4910283453296
359.169334021683	2378.643996693954
360.16985028394424	2450.1828081861813
361.17036654620546	2489.6506248136075
362.1708828084667	2485.323254403196
363.17139907072794	2443.3862181545073
364.17191533298916	2399.6337572312837
365.1724315952504	2440.1366130142937
366.1729478575116	2531.2197174882044
367.17346411977286	2615.338430670674
368.1739803820341	2629.896858300598
369.1744966442953	2616.4715401628596
370.1750129065565	2627.982058867973
371.1755291688178	2658.118845164953
372.176045431079	2650.0996119031424
373.1765616933402	2649.4589980801325
374.1770779556014	2668.1326610142996
375.1775942178627	2687.7501601448957
376.1781104801239	2656.831221329507
377.1786267423851	2603.7157282762705
378.17914300464633	2521.910576965194
379.1796592669076	2457.740953737155
380.1801755291688	2442.0133405432975
381.18069179143004	2459.2610514140083
382.18120805369125	2528.7599015455307
383.1817243159525	2607.607902227929
384.18224057821374	2706.845895151493
385.18275684047495	2821.5341419367564
386.18327310273617	2824.900622067862
387.18378936499744	2761.4622482162854
388.18430562725865	2682.8573903348115
389.18482188951987	2645.7222888273495
390.1853381517811	2672.9148940028217
391.18585441404235	2693.675079023824
392.18637067630357	2689.1562908015776
393.1868869385648	2648.9729823361877
394.187403200826	2583.3428045894293
395.18791946308727	2486.229815742277
396.1884357253485	2397.12852643806
397.1889519876097	2313.5959907090405
398.1894682498709	2255.3230714083907
399.1899845121322	2248.9479059695386
400.1905007743934	2230.864161514616
401.1910170366546	2233.6876639530656
402.19153329891583	2290.232442681302
403.1920495611771	2330.4612129670318
404.1925658234383	2362.058008806783
405.19308208569953	2366.138469590761
406.19359834796074	2403.696202200169
407.194114610222	2540.241830783684
408.19463087248323	2710.0037205310286
409.19514713474445	2837.489944486373
410.19566339700566	2917.608477236573
411.19617965926693	2985.3553219360283
412.19669592152815	3022.3542669940402
413.19721218378936	3008.5249288081404
414.1977284460506	2971.4582690530087
415.1982447083118	2926.5173615327244
416.19876097057306	2900.3223333537653
417.1992772328343	2860.068302939455
418.1997934950955	2794.558796126363
419.2003097573567	2717.7106982617915
420.200826019618	2609.227564235607
421.2013422818792	2503.9485204747357
422.2018585441404	2457.1360983874006
423.2023748064016	2415.745899933365
424.2028910686629	2346.7786391890154
425.2034073309241	2295.2482696427446
426.2039235931853	2289.1746051279315
427.20443985544654	2307.4433064876634
428.2049561177078	2269.9524843784543
429.205472379969	2219.8951510165925
430.20598864223024	2213.3122272242817
431.20650490449145	2277.7557613199237
432.2070211667527	2394.56040762209
433.20753742901394	2550.739919143286
434.20805369127515	2710.757801454076
435.20856995353637	2800.744279699312
436.20908621579764	2808.9124657871257
437.20960247805886	2758.6145854260117
438.21011874032007	2714.7747822742513
439.2106350025813	2706.2747537415526
440.21115126484256	2693.3130368049056
441.21166752710377	2683.973336228002
442.212183789365	2720.745948457204
443.2127000516262	2735.5430918900715
444.2132163138875	2712.6933579735582
445.2137325761487	2644.843370040578
446.2142488384099	2534.68037286435
447.2147651006711	2414.56024084937
448.2152813629324	2309.5902811175115
449.2157976251936	2250.9543004147117
450.2163138874548	2209.9845095362566
451.21683014971603	2176.504886060113
452.2173464119773	2162.2328206864267
453.2178626742385	2193.8458632213387
454.21837893649973	2276.627765597707
455.21889519876095	2318.6425559211043
456.2194114610222	2332.887540537355
457.21992772328343	2383.971367289299
458.22044398554465	2456.4880272833716
459.22096024780586	2536.212062536228
460.22147651006713	2568.2128043345556
461.22199277232835	2542.359049539235
462.22250903458956	2569.122280050648
463.2230252968508	2622.987738210006
464.22354155911205	2719.2285849720715
465.22405782137326	2813.528407026585
466.2245740836345	2840.252638643308
467.2250903458957	2818.5305818990505
468.22560660815697	2765.000583549249
469.2261228704182	2661.6391737381687
470.2266391326794	2549.5201987575842
471.2271553949406	2420.434727173571
472.2276716572019	2324.7472838787958
473.2281879194631	2253.356914868449
474.2287041817243	2209.476634810847
475.2292204439855	2162.0616622869898
476.2297367062468	2128.6800503078603
477.230252968508	2112.5378297412008
478.2307692307692	2119.0354752097596
479.23128549303044	2115.7666988489277
480.23180175529166	2109.805363370777
481.2323180175529	2036.6402966113183
482.23283427981414	1995.9784986749826
483.23335054207536	1970.9100504389073
484.23386680433657	1974.853257792491
485.23438306659784	2007.1253436297
486.23489932885906	2045.0202018269686
487.2354155911203	2084.2927937919517
488.2359318533815	2153.6863499546994
489.23644811564276	2206.0155159450414
490.236964377904	2271.4303628071775
491.2374806401652	2304.250532797264
492.2379969024264	2321.9295475151325
493.2385131646877	2347.3111342982697
494.2390294269489	2381.0886673877094
495.2395456892101	2430.0062706511367
496.2400619514713	2473.0071181181443
497.2405782137326	2519.445979647713
498.2410944759938	2571.423430927091
499.241610738255	2628.4181050166617
500.24212700051623	2656.4584901116755
501.2426432627775	2676.2662383232373
502.2431595250387	2717.461001207507
503.24367578729994	2756.8524137690374
504.24419204956115	2763.57288085334
505.2447083118224	2754.589935866565
506.24522457408364	2706.9447934839923
507.24574083634485	2625.378956205609
508.24625709860607	2555.9975009654395
509.24677336086734	2559.2893021720865
510.24728962312855	2609.0842333407736
511.24780588538977	2686.5256317713392
512.2483221476509	2676.843012712737
513.2488384099122	2639.4518022313446
514.2493546721735	2581.0195531438476
515.2498709344347	2522.9843434797176
516.2503871966959	2420.2589077742273
517.2509034589572	2327.7988545944772
518.2514197212183	2253.286313357343
519.2519359834796	2250.6781434703703
520.2524522457409	2246.5460071512975
521.2529685080021	2219.598548094487
522.2534847702633	2181.1885100595814
523.2540010325245	2168.3559675945708
524.2545172947857	2168.752710340977
525.255033557047	2198.973046443667
526.2555498193083	2196.073296952904
527.2560660815694	2185.594071092112
528.2565823438306	2146.2619993273856
529.2570986060919	2115.6532511804066
530.2576148683531	2139.4539044878743
531.2581311306144	2163.6499604852133
532.2586473928756	2191.1951046937957
533.2591636551368	2278.815370995149
534.259679917398	2326.6191240629887
535.2601961796593	2387.2912231597784
536.2607124419205	2423.203337982787
537.2612287041818	2453.6636531572185
538.261744966443	2463.4456358224393
539.2622612287041	2400.0309015891125
540.2627774909654	2304.3042972760045
541.2632937532267	2216.669530935612
542.2638100154879	2160.8899874013296
543.2643262777491	2128.454403884948
544.2648425400104	2109.702292070912
545.2653588022715	2121.4437801507106
546.2658750645328	2169.6245505625197
547.266391326794	2180.767573731782
548.2669075890552	2177.795568337073
549.2674238513165	2164.493635892782
550.2679401135777	2182.023846166183
551.2684563758389	2219.1731786999994
552.2689726381002	2257.2759160307583
553.2694889003614	2281.5037457708313
554.2700051626226	2298.2844632613737
555.2705214248838	2302.764893257161
556.271037687145	2352.263340700272
557.2715539494063	2407.9329903210264
558.2720702116675	2486.3811778750332
559.2725864739288	2529.45802132506
560.27310273619	2519.599425096157
561.2736189984512	2499.2007455953335
562.2741352607125	2462.1090657517593
563.2746515229736	2414.3729584338203
564.2751677852349	2402.669473709217
565.2756840474962	2373.2596736637015
566.2762003097573	2349.8194099655093
567.2767165720186	2326.5589621753506
568.2772328342799	2311.07461768467
569.277749096541	2331.288734283411
570.2782653588023	2387.2361537336064
571.2787816210634	2437.622595726967
572.2792978833247	2482.9472161978265
573.279814145586	2518.4016131051935
574.2803304078471	2559.832764624596
575.2808466701084	2588.152490566381
576.2813629323697	2597.3463834320182
577.2818791946308	2588.461879370575
578.2823954568921	2567.3644570444144
579.2829117191533	2533.94763825729
580.2834279814145	2476.753591347054
581.2839442436758	2383.9723705316396
582.284460505937	2289.5554113885705
583.2849767681982	2242.4991487243715
584.2854930304595	2221.07030774934
585.2860092927207	2175.0870645319587
586.286525554982	2087.55178086683
587.2870418172431	2009.8720209041596
588.2875580795044	1970.6266769036072
589.2880743417657	1980.038358291095
590.2885906040268	2013.5474090110845
591.2891068662881	2022.298144670502
592.2896231285494	2033.9617292893638
593.2901393908105	2081.1378450061698
594.2906556530718	2153.526603500124
595.2911719153329	2235.8656165805073
596.2916881775942	2302.812470159652
597.2922044398555	2388.3432219521883
598.2927207021166	2499.9716910505085
599.2932369643779	2622.43219176489
600.2937532266392	2694.263111018815
601.2942694889003	2726.2483216714277
602.2947857511616	2711.8783601796854
603.2953020134228	2659.1210217895577
604.295818275684	2604.1887727834483
605.2963345379453	2565.5422445516415
606.2968508002065	2493.1807342927123
607.2973670624677	2410.420837232498
608.2978833247289	2336.583597222014
609.2983995869902	2303.66504701543
610.2989158492514	2272.035392244068
611.2994321115126	2173.0255819020717
612.2999483737739	2042.6683795425697
613.3004646360351	1904.2241349127157
614.3009808982963	1813.9303991224535
615.3014971605576	1768.6826441953824
616.3020134228187	1715.7870840771568
617.30252968508	1680.3910982705263
618.3030459473413	1681.7883794263446
619.3035622096024	1729.5396627730274
620.3040784718637	1847.2081388170109
621.304594734125	1975.1969930762048
622.3051109963861	2053.3951238554823
623.3056272586474	2112.292681379888
624.3061435209086	2209.6411565177336
625.3066597831698	2335.29044382801
626.3071760454311	2452.7011934454877
627.3076923076923	2530.439149052829
628.3082085699535	2580.4320349214195
629.3087248322148	2615.3478356658115
630.309241094476	2681.092632124985
631.3097573567372	2737.5564772888665
632.3102736189984	2748.2832969967053
633.3107898812597	2710.047047626324
634.3113061435209	2629.196590117094
635.3118224057821	2555.141373168102
636.3123386680434	2499.9915619123494
637.3128549303046	2398.3672820129823
638.3133711925658	2268.845990678537
639.3138874548271	2143.754531715395
640.3144037170882	2075.2218559989224
641.3149199793495	2078.026576715482
642.3154362416108	2093.3304859378936
643.3159525038719	2111.133483177502
644.3164687661332	2131.5506209232326
645.3169850283945	2163.383414821957
646.3175012906556	2199.7954405322293
647.3180175529169	2224.0878313866465
648.3185338151781	2236.380280279582
649.3190500774393	2261.9726200145037
650.3195663397006	2309.62562075439
651.3200826019618	2408.10810207793
652.320598864223	2513.5422773067025
653.3211151264843	2576.985358541836
654.3216313887455	2592.628156580242
655.3221476510067	2575.9027561748194
656.3226639132679	2528.561403274518
657.3231801755292	2455.1868326658423
658.3236964377904	2373.063707084849
659.3242127000516	2290.5920021245065
660.3247289623129	2211.4855098225853
661.3252452245741	2140.2961127662384
662.3257614868353	2087.67106333667
663.3262777490966	2018.4752465078157
664.3267940113577	1954.8486466104655
665.327310273619	1910.9437263288798
666.3278265358803	1887.67718817787
667.3283427981414	1905.4802927888
668.3288590604027	1962.549293371096
669.329375322664	2048.764796670868
670.3298915849251	2150.86534646496
671.3304078471864	2229.098368575182
672.3309241094476	2300.130493074025
673.3314403717088	2397.7495353000827
674.3319566339701	2523.615125680492
675.3324728962313	2662.4557609505696
676.3329891584925	2753.855606822453
677.3335054207537	2780.9872346691686
678.334021683015	2787.5490656140623
679.3345379452762	2777.619308238641
680.3350542075374	2741.46330554375
681.3355704697987	2661.2729949120458
682.3360867320599	2545.849442942919
683.3366029943211	2417.600452507055
684.3371192565824	2290.4108136770305
685.3376355188435	2163.6228212215915
686.3381517811048	2037.7109773800403
687.338668043366	1939.5981433319232
688.3391843056272	1863.9993427750578
689.3397005678885	1805.1550582769012
690.3402168301498	1750.9568792821196
691.3407330924109	1731.5221038901177
692.3412493546722	1765.543301672969
693.3417656169333	1832.771787257517
694.3422818791946	1891.2100862886227
695.3427981414559	1926.9372259849756
696.343314403717	1984.1646584196933
697.3438306659783	2065.3528608049905
698.3443469282396	2157.988788248168
699.3448631905007	2237.1026115016416
700.345379452762	2288.0965390940673
701.3458957150232	2360.309447929922
702.3464119772844	2435.7457636134845
703.3469282395457	2459.3718444044766
704.3474445018069	2446.378491981428
705.3479607640681	2433.4244911159058
706.3484770263294	2458.983161121371
707.3489932885906	2490.4236764860207
708.3495095508518	2469.871956504843
709.350025813113	2432.0441211042244
710.3505420753743	2380.98973295608
711.3510583376355	2338.5497157880645
712.3515745998967	2287.629423754179
713.352090862158	2212.226168028869
714.3526071244193	2137.8508301341676
715.3531233866804	2060.8203576619885
716.3536396489417	1985.1649716192273
717.3541559112028	1917.9854256012977
718.3546721734641	1880.3384421977726
719.3551884357254	1873.0507368937672
720.3557046979865	1879.3442492916065
721.3562209602478	1894.849727740287
722.3567372225091	1900.14254264116
723.3572534847702	1934.1612346230052
724.3577697470315	2001.7144397369739
725.3582860092927	2070.0315513658147
726.3588022715539	2099.3512931573587
727.3593185338152	2102.1615714924565
728.3598347960764	2116.201830895035
729.3603510583376	2177.3950127652492
730.3608673205989	2231.8470251446515
731.3613835828601	2233.8422663950314
732.3618998451213	2219.7633161649424
733.3624161073825	2191.9345494627255
734.3629323696438	2119.273777341708
735.363448631905	2014.2586053466016
736.3639648941662	1893.437952767169
737.3644811564275	1790.2485399150873
738.3649974186886	1725.48187494639
739.3655136809499	1697.6837481273533
740.3660299432112	1735.6308105104617
741.3665462054723	1819.4461129926246
742.3670624677336	1943.6986060516558
743.3675787299949	2072.075053743353
744.368094992256	2206.4863042691613
745.3686112545173	2360.2942524358336
746.3691275167785	2494.9312493683146
747.3696437790397	2604.9971593072414
748.370160041301	2686.4019331593845
749.3706763035622	2741.9638064075925
750.3711925658234	2781.6933585477254
751.3717088280847	2769.045739604401
752.3722250903459	2735.411506359783
753.3727413526071	2661.252352798258
754.3732576148683	2531.7087868904528
755.3737738771296	2371.9285465805847
756.3742901393908	2224.48910606561
757.374806401652	2106.5655472664125
758.3753226639133	2001.7260747952942
759.3758389261745	1897.5372632430986
760.3763551884357	1797.0898995706418
761.376871450697	1714.654981655238
762.3773877129581	1683.4211617952574
763.3779039752194	1722.8595787913894
764.3784202374807	1834.5974109242404
765.3789364997418	1953.2855288344479
766.3794527620031	2066.449170842493
767.3799690242644	2182.5781907926025
768.3804852865255	2298.34041106062
769.3810015487868	2399.4745474964247
770.381517811048	2486.143147003524
771.3820340733092	2560.7550558865987
772.3825503355705	2626.8533740599983
773.3830665978317	2656.0035158079677
774.3835828600929	2618.724809265857
775.3840991223542	2545.8074999720125
776.3846153846154	2490.5304486212044
777.3851316468766	2432.0684010863242
778.3856479091378	2359.949874960166
779.3861641713991	2282.185589246234
780.3866804336603	2214.3547855320535
781.3871966959215	2161.7760211634195
782.3877129581828	2097.980489594842
783.388229220444	2043.2179031902308
784.3887454827052	2025.505668976092
785.3892617449665	2035.1210857153264
786.3897780072276	2026.49464209296
787.3902942694889	1998.151424586686
788.3908105317502	1978.7726657653864
789.3913267940113	1993.0380076802633
790.3918430562726	2047.1317577559196
791.3923593185339	2088.1521747139445
792.392875580795	2076.4368895754596
793.3933918430563	2067.8371432212084
794.3939081053175	2078.7782296618507
795.3944243675787	2151.7761736899915
796.39494062984	2229.9055457887284
797.3954568921012	2257.580966766222
798.3959731543624	2247.8732440263498
799.3964894166236	2220.8065784896908
800.3970056788849	2193.8211657783067
801.3975219411461	2176.6812014742345
802.3980382034073	2181.0251737688577
803.3985544656686	2209.5090167617013
804.3990707279298	2237.6773343720697
805.399586990191	2248.4553662341436
806.4001032524523	2227.914108914412
807.4006195147134	2203.737098120515
808.4011357769747	2155.512794857552
809.401652039236	2075.597124917864
810.4021683014971	2001.3982259156207
811.4026845637584	1960.9263792595045
812.4032008260197	1948.79131278367
813.4037170882808	1947.0566086214035
814.4042333505421	1936.990725271477
815.4047496128032	1934.966251763267
816.4052658750645	1961.5727529718156
817.4057821373258	2000.7651221568437
818.406298399587	2040.1648587575069
819.4068146618482	2074.9706892478857
820.4073309241095	2132.7686525690274
821.4078471863706	2208.5409834002735
822.4083634486319	2262.910657233369
823.4088797108931	2254.2796052310355
824.4093959731543	2203.169131486493
825.4099122354156	2125.434546873765
826.4104284976768	2064.8739080637197
827.410944759938	2037.6882498471557
828.4114610221993	2010.182127213537
829.4119772844605	1995.3446184879228
830.4124935467217	1970.2214305625196
831.4130098089829	1943.434650180365
832.4135260712442	1913.3370501376469
833.4140423335054	1881.242111890871
834.4145585957666	1853.9633525430158
835.4150748580279	1860.6091133314824
836.4155911202892	1924.4726169820315
837.4161073825503	2022.2732812443599
838.4166236448116	2114.73683370398
839.4171399070727	2185.7984738273667
840.417656169334	2238.3161434288145
841.4181724315953	2293.671867054909
842.4186886938564	2333.395607299254
843.4192049561177	2335.641034229097
844.419721218379	2335.173057132255
845.4202374806401	2350.1841505830125
846.4207537429014	2362.899544619731
847.4212700051626	2359.503052914408
848.4217862674238	2309.2720375188624
849.4223025296851	2235.2484921160517
850.4228187919463	2160.2333970036707
851.4233350542075	2105.240248590027
852.4238513164688	2102.4742054421868
853.42436757873	2140.261911921177
854.4248838409912	2212.229802460877
855.4254001032524	2283.716650666296
856.4259163655137	2305.954574248728
857.426432627775	2300.997356241361
858.4269488900361	2291.6592526435684
859.4274651522974	2276.0684940460383
860.4279814145586	2268.931138219981
861.4284976768198	2232.417571803126
862.4290139390811	2188.4617639370977
863.4295302013422	2143.771351018327
864.4300464636035	2111.3695338700895
865.4305627258648	2070.39637734631
866.4310789881259	2028.8158310871593
867.4315952503872	2019.4971301371365
868.4321115126484	2039.0339538426172
869.4326277749096	2066.0433715760432
870.4331440371709	2083.9176192335735
871.4336602994321	2090.9934979249733
872.4341765616933	2134.966194818653
873.4346928239546	2186.187466937742
874.4352090862158	2211.91971174748
875.435725348477	2223.472132045471
876.4362416107382	2235.2277397395474
877.4367578729995	2267.0553179436065
878.4372741352607	2322.939726864879
879.4377903975219	2383.955743806889
880.4383066597832	2401.5699089249024
881.4388229220444	2357.775024438707
882.4393391843056	2273.3626052259247
883.4398554465669	2186.3410753313174
884.440371708828	2111.022975019781
885.4408879710893	2059.645093180837
886.4414042333506	2027.9191478104858
887.4419204956117	1983.6859851304537
888.442436757873	1931.5053700038386
889.4429530201343	1887.879523603391
890.4434692823954	1872.3798028552626
891.4439855446567	1912.867150841792
892.4445018069179	1971.0824546773729
893.4450180691791	2034.6077061228657
894.4455343314404	2099.0827127413327
895.4460505937016	2170.406694376184
896.4465668559628	2225.693489680807
897.4470831182241	2258.310509395952
898.4475993804853	2264.045447552597
899.4481156427465	2244.388647165635
900.4486319050077	2204.6036404259967
901.449148167269	2135.8210912027257
902.4496644295302	2053.995318623366
903.4501806917914	2008.8454751537845
904.4506969540527	1989.9391246730086
905.4512132163139	1998.6457719904072
906.4517294785751	1990.060989144208
907.4522457408364	1921.006871437847
908.4527620030975	1849.0509074294578
909.4532782653588	1806.3979956256774
910.4537945276201	1825.7191927923286
911.4543107898812	1864.7840836151784
912.4548270521425	1882.2430276244597
913.4553433144038	1915.368431895143
914.4558595766649	1970.4103503890708
915.4563758389262	2055.1586352202194
916.4568921011873	2125.200027459407
917.4574083634486	2189.6260631930954
918.4579246257099	2272.3439342728093
919.458440887971	2336.615115371864
920.4589571502323	2376.4624772445127
921.4594734124936	2374.4379502965853
922.4599896747548	2351.065631592218
923.460505937016	2319.366357453923
924.4610221992772	2244.60938967713
925.4615384615385	2166.215629277622
926.4620547237997	2116.339427430788
927.4625709860609	2093.4183639470816
928.4630872483222	2110.775746815708
929.4636035105833	2140.029103899426
930.4641197728446	2184.949000702317
931.4646360351059	2227.8499903958327
932.465152297367	2237.174581284824
933.4656685596283	2217.7781098842474
934.4661848218896	2172.962465600636
935.4667010841507	2131.021696959763
936.467217346412	2124.9331348076007
937.4677336086731	2118.3015108947625
938.4682498709344	2080.5044080842013
939.4687661331957	2038.8432088396196
940.4692823954568	2013.3857284703802
941.4697986577181	2016.2009774575795
942.4703149199794	2014.347699708418
943.4708311822405	2007.1632612507603
944.4713474445018	2024.8749884194094
945.471863706763	2047.135726576859
946.4723799690242	2069.9705072202273
947.4728962312855	2074.187084792259
948.4734124935467	2085.8646091454743
949.473928755808	2129.3641119983295
950.4744450180692	2177.5918150388593
951.4749612803304	2222.4843858713307
952.4754775425916	2261.255182615596
953.4759938048528	2301.267538708739
954.4765100671141	2352.9464018189387
955.4770263293753	2383.408567368972
956.4775425916365	2387.025943653195
957.4780588538978	2347.988894196392
958.478575116159	2260.9368157779886
959.4790913784202	2178.858060211347
960.4796076406815	2116.676395372765
961.4801239029426	2068.660474305421
962.4806401652039	2024.7634345545337
963.4811564274652	1982.18294273676
964.4816726897263	1950.6103717778626
965.4821889519876	1928.1327386791784
966.4827052142489	1905.5608552554384
967.48322147651	1901.8002320120395
968.4837377387713	1911.5540888730966
969.4842540010325	1925.1819163161588
970.4847702632937	1953.6194798710208
971.485286525555	2000.7578527952012
972.4858027878162	2073.7097189316023
973.4863190500774	2146.178627154805
974.4868353123387	2204.1426248503158
975.4873515745999	2258.5078881566724
976.4878678368611	2289.1276072108913
977.4883840991223	2289.8186489198924
978.4889003613836	2270.906631793023
979.4894166236448	2256.6884817033692
980.489932885906	2237.1808429811663
981.4904491481673	2195.6457882673076
982.4909654104285	2147.536511780479
983.4914816726897	2105.2197310508673
984.491997934951	2068.304785235866
985.4925141972121	2050.0869818586034
986.4930304594734	2063.2786541920395
987.4935467217347	2116.4490638927327
988.4940629839958	2171.438064114389
989.4945792462571	2189.0273372557153
990.4950955085184	2191.4631352042447
991.4956117707795	2189.981699792909
992.4961280330408	2192.9087379134044
993.496644295302	2201.881889535903
994.4971605575632	2200.6749378285986
995.4976768198245	2198.961445601198
996.4981930820857	2203.6273533958192
997.4987093443469	2207.9068869956222
998.4992256066081	2218.829222281554
999.4997418688694	2217.9117855867516
1000.5002581311306	2191.9083374946244
1001.5007743933918	2142.450496556357
1002.5012906556531	2090.3164963414947
1003.5018069179143	2074.149677675045
1004.5023231801755	2086.25660255005
1005.5028394424368	2102.9484109789596
1006.5033557046979	2117.630469573074
1007.5038719669592	2116.3168248385764
1008.5043882292205	2119.300483524367
1009.5049044914816	2141.253815198499
1010.5054207537429	2182.8349147284707
1011.5059370160042	2233.262880170456
1012.5064532782653	2251.1441357494436
1013.5069695405266	2235.066246008144
1014.5074858027878	2192.8375649695254
1015.508002065049	2122.6739172659354
1016.5085183273103	2052.8499071796496
1017.5090345895715	2007.5092692501246
1018.5095508518327	2001.2672521457312
1019.510067114094	2017.0782212162671
1020.5105833763552	2044.0064430020207
1021.5110996386164	2082.044579428854
1022.5116159008776	2103.8482359689583
1023.5121321631389	2113.393307346103
1024.5126484254001	2103.9362854846067
1025.5131646876612	2089.5042517775487
1026.5136809499227	2088.648285283125
1027.5141972121837	2070.9652516380575
1028.514713474445	2047.860817789372
1029.5152297367063	2039.761568594706
1030.5157459989673	2053.210676774714
1031.5162622612288	2101.1017117789474
1032.5167785234898	2135.898423090027
1033.5172947857511	2137.4716259025513
1034.5178110480124	2116.467572840974
1035.5183273102737	2102.376389910976
1036.518843572535	2118.297519850628
1037.519359834796	2138.708784967765
1038.5198760970572	2144.2573252132015
1039.5203923593185	2136.519268152167
1040.5209086215798	2127.4272627260066
1041.521424883841	2121.078888320778
1042.521941146102	2127.3040023857084
1043.5224574083636	2158.8572571659074
1044.5229736706247	2200.210439127153
1045.523489932886	2224.985636889576
1046.5240061951472	2217.9669386320584
1047.5245224574082	2179.7955409351084
1048.5250387196697	2124.4826710181924
1049.5255549819308	2066.263299412161
1050.526071244192	2007.8587952406594
1051.5265875064533	1962.8967640222845
1052.5271037687144	1941.0327007704961
1053.5276200309759	1929.7995512886746
1054.528136293237	1913.3461494295134
1055.5286525554982	1882.4913720079214
1056.5291688177595	1874.9092562964
1057.5296850800207	1910.1662672516718
1058.5302013422818	1959.2974559209376
1059.530717604543	1987.6151861549715
1060.5312338668043	1988.3020306588548
1061.5317501290656	1988.281041519976
1062.5322663913269	2018.63810041136
1063.532782653588	2060.451847288451
1064.5332989158492	2100.455759538197
1065.5338151781104	2121.858617027097
1066.5343314403717	2116.677952584774
1067.534847702633	2109.6519536403102
1068.5353639648943	2106.265642646998
1069.5358802271553	2103.852109515986
1070.5363964894166	2100.0065055419723
1071.5369127516778	2094.2165487682605
1072.5374290139391	2081.472462195211
1073.5379452762004	2042.84747106195
1074.5384615384614	1982.4276005136373
1075.5389778007227	1918.4414714087097
1076.539494062984	1865.172406683547
1077.5400103252452	1829.4128997450152
1078.5405265875065	1818.5349903481347
1079.5410428497676	1836.5780102630283
1080.5415591120288	1870.4870712861225
1081.54207537429	1906.9177822773845
1082.5425916365514	1951.3468718474744
1083.5431078988127	2022.1664123007204
1084.543624161074	2103.5776070538996
1085.544140423335	2138.021399510996
1086.5446566855962	2112.9818121626636
1087.5451729478575	2082.5400613490215
1088.5456892101188	2078.715062455891
1089.54620547238	2104.19095535339
1090.546721734641	2123.619375461331
1091.5472379969024	2125.4402022598833
1092.5477542591636	2125.9603314982846
1093.548270521425	2130.1685826320895
1094.5487867836862	2122.0339788872293
1095.5493030459472	2089.471404685098
1096.5498193082085	2055.39858049685
1097.5503355704698	2058.9947606099386
1098.550851832731	2092.263500185672
1099.5513680949923	2146.484069768267
1100.5518843572536	2207.4214557167174
1101.5524006195146	2260.8236101474567
1102.552916881776	2321.6110181524978
1103.5534331440372	2372.1507091806816
1104.5539494062984	2393.333994203663
1105.5544656685597	2384.4678727129376
1106.5549819308208	2346.032247245627
1107.555498193082	2293.9986790867915
1108.5560144553433	2226.4248587773523
1109.5565307176046	2150.0776261995243
1110.5570469798658	2073.53331318948
1111.557563242127	1981.553199615111
1112.5580795043882	1892.9390456875517
1113.5585957666494	1833.04115821786
1114.5591120289107	1825.3917831026079
1115.559628291172	1865.494454391972
1116.5601445534332	1909.3490599897625
1117.5606608156943	1930.4144804861098
1118.5611770779556	1933.8755971331198
1119.5616933402168	1941.7572356110027
1120.562209602478	1972.7294645111444
1121.5627258647394	2024.480940716141
1122.5632421270004	2091.2968878909446
1123.5637583892617	2163.2428689674493
1124.564274651523	2253.731344240103
1125.5647909137842	2359.5787264346172
1126.5653071760455	2452.039018301851
1127.5658234383066	2491.5962739975002
1128.5663397005678	2481.3615690532433
1129.566855962829	2445.3768654200894
1130.5673722250904	2393.083264929247
1131.5678884873516	2321.569746650563
1132.5684047496127	2243.8591615856544
1133.568921011874	2192.007463034067
1134.5694372741352	2175.215680771312
1135.5699535363965	2185.4848949802536
1136.5704697986578	2196.753020171214
1137.570986060919	2200.9066700663166
1138.57150232318	2227.0729492741516
1139.5720185854414	2267.392463619066
1140.5725348477026	2321.273311245309
1141.573051109964	2377.226894823619
1142.5735673722252	2406.351786727193
1143.5740836344862	2428.505987841602
1144.5745998967475	2441.238528694444
1145.5751161590088	2439.374202703864
1146.57563242127	2428.200116179362
1147.5761486835313	2414.5161643925735
1148.5766649457923	2406.5930482803305
1149.5771812080536	2369.8088312031514
1150.577697470315	2305.682296383661
1151.5782137325762	2238.8008640274334
1152.5787299948374	2186.9363876790353
1153.5792462570987	2143.1866380686447
1154.5797625193597	2082.571737976672
1155.580278781621	2015.7843154244604
1156.5807950438823	1962.4558881380367
1157.5813113061436	1936.8515209756501
1158.5818275684048	1939.9646447207358
1159.5823438306659	1946.3338835384125
1160.5828600929271	1964.4578478081664
1161.5833763551884	2003.198098167548
1162.5838926174497	2044.404000531397
1163.584408879711	2099.4846484325126
1164.584925141972	2146.555196232334
1165.5854414042333	2175.4044244716556
1166.5859576664946	2193.517891520549
1167.5864739287558	2184.7403919806716
1168.586990191017	2135.059736942465
1169.5875064532784	2061.834012704646
1170.5880227155394	1972.438617701266
1171.5885389778007	1896.3679258565342
1172.589055240062	1839.472011956458
1173.5895715023232	1798.772007721082
1174.5900877645845	1791.5645637395603
1175.5906040268455	1798.9726496751598
1176.5911202891068	1803.700323595409
1177.591636551368	1824.995263271217
1178.5921528136294	1874.1332940511024
1179.5926690758906	1964.750263457522
1180.5931853381517	2043.4333343366582
1181.593701600413	2073.3578833373867
1182.5942178626742	2083.9640675210685
1183.5947341249355	2117.299993694085
1184.5952503871968	2164.772287762254
1185.5957666494578	2199.789702242168
1186.596282911719	2200.9778155005984
1187.5967991739803	2186.315500642208
1188.5973154362416	2174.9735334090537
1189.597831698503	2169.7362732368942
1190.5983479607642	2150.484831222536
1191.5988642230252	2121.4991350553782
1192.5993804852865	2070.294310928609
1193.5998967475477	1978.248957205458
1194.600413009809	1879.3386474215852
1195.6009292720703	1799.195552193914
1196.6014455343313	1749.841067535045
1197.6019617965926	1726.4205176538733
1198.6024780588539	1723.5027159655695
1199.6029943211151	1731.3654228779114
1200.6035105833764	1717.770970672017
1201.6040268456375	1680.976564293406
1202.6045431078987	1640.714452454824
1203.60505937016	1621.041903894884
1204.6055756324213	1628.1493490191554
1205.6060918946825	1650.3494447557298
1206.6066081569438	1683.7318699126427
1207.6071244192049	1716.583841906578
1208.6076406814661	1755.643797596528
1209.6081569437274	1791.5801800328877
1210.6086732059887	1848.5052845332655
1211.60918946825	1913.1954969470103
1212.609705730511	1953.0996336947405
1213.6102219927723	1972.8344726528283
1214.6107382550335	2010.5442712919432
1215.6112545172948	2069.4626825690216
1216.611770779556	2128.5451857686908
1217.6122870418171	2151.7400539318514
1218.6128033040784	2151.657924837213
1219.6133195663397	2145.3418874984086
1220.613835828601	2141.8268675997797
1221.6143520908622	2114.9216500874495
1222.6148683531235	2107.4742472629614
1223.6153846153845	2129.043920516743
1224.6159008776458	2159.0130077442795
1225.616417139907	2139.715468177401
1226.6169334021683	2085.1327136892505
1227.6174496644296	2043.4680309503526
1228.6179659266907	2041.103714667364
1229.618482188952	2063.6843261078543
1230.6189984512132	2104.770759824367
1231.6195147134745	2124.439691822807
1232.6200309757357	2122.6043915266455
1233.6205472379968	2108.8343832624314
1234.621063500258	2096.567470709707
1235.6215797625193	2101.2129465370144
1236.6220960247806	2092.8078271471186
1237.6226122870419	2075.035655816269
1238.6231285493031	2063.2283763371393
1239.6236448115642	2071.6996915833893
1240.6241610738255	2079.2087210478344
1241.6246773360867	2103.560376846143
1242.625193598348	2144.010514523775
1243.6257098606093	2185.1322803278217
1244.6262261228703	2214.1210332079518
1245.6267423851316	2240.314550554634
1246.6272586473929	2276.2120297989713
1247.6277749096541	2314.208989245963
1248.6282911719154	2331.3660006670466
1249.6288074341765	2332.666698801419
1250.6293236964377	2322.6537804041013
1251.629839958699	2318.1133597436396
1252.6303562209603	2300.0239947236714
1253.6308724832215	2286.1574437284894
1254.6313887454826	2295.786572522716
1255.6319050077439	2331.8841380636613
1256.6324212700051	2345.4481768304668
1257.6329375322664	2319.700850337238
1258.6334537945277	2272.146481220498
1259.633970056789	2213.6226246375986
1260.63448631905	2145.3406973481483
1261.6350025813113	2088.8264913945395
1262.6355188435725	2036.0608560507637
1263.6360351058338	1985.385052501026
1264.636551368095	1928.6333267415002
1265.6370676303561	1888.3517923599475
1266.6375838926174	1900.6384157315051
1267.6381001548787	1927.9464507006046
1268.63861641714	1960.0381471343842
1269.6391326794012	2000.5801388190455
1270.6396489416622	2070.474025892283
1271.6401652039235	2135.7626950947492
1272.6406814661848	2186.170833802232
1273.641197728446	2229.469304320401
1274.6417139907073	2284.003197444584
1275.6422302529686	2332.712429790211
1276.6427465152296	2357.982664032749
1277.643262777491	2354.605289010406
1278.6437790397522	2309.981258769186
1279.6442953020135	2237.0990845478736
1280.6448115642747	2155.803272293833
1281.6453278265358	2072.964732292375
1282.645844088797	2014.239229090561
1283.6463603510583	1973.447327632648
1284.6468766133196	1941.3200633984184
1285.6473928755809	1931.935121627844
1286.647909137842	1926.8971573944314
1287.6484254001032	1937.3571462886728
1288.6489416623645	1946.416753309175
1289.6494579246257	1956.5316585712162
1290.649974186887	1957.0043136288944
1291.6504904491483	1953.084916634216
1292.6510067114093	1968.7285876588953
1293.6515229736706	1990.921945007474
1294.6520392359319	2015.9999335921323
1295.6525554981931	2037.7058435823412
1296.6530717604544	2052.2477601735545
1297.6535880227154	2074.080837980787
1298.6541042849767	2079.1276834216314
1299.654620547238	2066.534708550107
1300.6551368094993	2047.0869139844667
1301.6556530717605	2029.1765851448258
1302.6561693340216	2014.743411343885
1303.6566855962828	1976.6230903616843
1304.657201858544	1933.3050497480708
1305.6577181208054	1925.214259526799
1306.6582343830667	1963.529459359088
1307.658750645328	2049.9488115810937
1308.659266907589	2141.9611075049997
1309.6597831698502	2221.4751679053993
1310.6602994321115	2287.751849866405
1311.6608156943728	2308.5538757103973
1312.661331956634	2274.748842896813
1313.661848218895	2212.190201207141
1314.6623644811564	2158.832877819225
1315.6628807434176	2087.4725158387973
1316.663397005679	1995.4248334952727
1317.6639132679402	1882.7161825421222
1318.6644295302012	1787.3179968650036
1319.6649457924625	1721.3219683942887
1320.6654620547238	1676.8451341945456
1321.665978316985	1640.7224886435968
1322.6664945792463	1617.528324584317
1323.6670108415074	1619.9616959772986
1324.6675271037686	1617.7811517941452
1325.66804336603	1624.505479539243
1326.6685596282912	1651.2373186766395
1327.6690758905524	1686.5835938565242
1328.6695921528137	1734.2430314907203
1329.6701084150748	1805.521128509684
1330.670624677336	1885.2857558309643
1331.6711409395973	1995.8034071975665
1332.6716572018586	2096.2853098087044
1333.6721734641199	2174.862961145803
1334.672689726381	2240.659776221939
1335.6732059886422	2291.43859009071
1336.6737222509034	2323.127760069884
1337.6742385131647	2320.71206932789
1338.674754775426	2294.80785091558
1339.675271037687	2245.567083057799
1340.6757872999483	2186.411871575666
1341.6763035622096	2144.515135138348
1342.6768198244708	2093.140900604359
1343.677336086732	2045.1843756618402
1344.6778523489934	2007.7484157107313
1345.6783686112544	2000.053742432805
1346.6788848735157	2007.9392567449383
1347.679401135777	2027.6179144960045
1348.6799173980382	2060.8840771862183
1349.6804336602995	2082.788472829787
1350.6809499225606	2097.8959925956306
1351.6814661848218	2105.6527677059007
1352.681982447083	2101.653388537048
1353.6824987093444	2098.9567746769853
1354.6830149716056	2093.0159149944316
1355.6835312338667	2086.699045871961
1356.684047496128	2094.82422744032
1357.6845637583892	2091.594953479137
1358.6850800206505	2059.762221454687
1359.6855962829118	2017.9651464543895
1360.686112545173	1996.7802390890367
1361.686628807434	1986.1415561278134
1362.6871450696954	2000.3657805592466
1363.6876613319566	2007.3507091119125
1364.688177594218	1972.5175989269626
1365.6886938564792	1950.0484834352244
1366.6892101187402	1954.5654882349208
1367.6897263810015	1990.2972507221937
1368.6902426432628	2031.5219865355825
1369.690758905524	2048.594782658519
1370.6912751677853	2082.7118489517225
1371.6917914300464	2122.8798774019306
1372.6923076923076	2139.6465322820795
1373.692823954569	2108.327072546115
1374.6933402168302	2073.5326770250676
1375.6938564790914	2088.940860600568
1376.6943727413525	2108.421085869895
1377.6948890036138	2112.1773940422822
1378.695405265875	2073.136148603357
1379.6959215281363	2016.0419784371727
1380.6964377903976	1970.5283049408954
1381.6969540526588	1947.4538846088813
1382.6974703149199	1955.4494623606852
1383.6979865771812	1964.2114295496706
1384.6985028394424	1966.3436356423797
1385.6990191017037	1980.6190292503456
1386.699535363965	2013.5097541363616
1387.700051626226	2078.969725241859
1388.7005678884873	2140.293313926078
1389.7010841507486	2176.2451057799426
1390.7016004130098	2226.605950499147
1391.702116675271	2285.1149613984476
1392.7026329375321	2350.240614745544
1393.7031491997934	2376.933154936046
1394.7036654620547	2379.6578777257964
1395.704181724316	2359.0479745923462
1396.7046979865772	2323.7116305800932
1397.7052142488385	2291.765348106332
1398.7057305110995	2268.028185182077
1399.7062467733608	2256.7711369515946
1400.706763035622	2231.964396975776
1401.7072792978834	2191.505771332561
1402.7077955601446	2211.181797731431
1403.7083118224057	2180.245633230997
1404.708828084667	2119.7091719323953
1405.7093443469282	2026.0347580693558
1406.7098606091895	1972.277937297908
1407.7103768714508	1965.946315044222
1408.7108931337118	1993.752760229177
1409.711409395973	2027.9340774355308
1410.7119256582343	2050.401117664958
1411.7124419204956	2066.627013844378
1412.712958182757	2085.0523664746693
1413.7134744450182	2101.418300218234
1414.7139907072792	2125.723739139503
1415.7145069695405	2142.4885367809616
1416.7150232318018	2161.2956848776375
1417.715539494063	2182.737185955553
1418.7160557563243	2205.5759374482773
1419.7165720185853	2192.9526084173317
1420.7170882808466	2151.016047516583
1421.7176045431079	2130.3838804860247
1422.7181208053692	2137.1728827323645
1423.7186370676304	2177.0439083223896
1424.7191533298915	2205.2411275906306
1425.7196695921527	2213.490154488688
1426.720185854414	2215.644909165085
1427.7207021166753	2190.6588452094443
1428.7212183789366	2165.408291176738
1429.7217346411978	2153.624669918254
1430.7222509034589	2145.892268463182
1431.7227671657201	2155.165158534148
1432.7232834279814	2160.3134192187026
1433.7237996902427	2150.4540210983278
1434.724315952504	2123.5403910512914
1435.724832214765	2075.611386039059
1436.7253484770263	2021.9888375300143
1437.7258647392875	1974.03076512014
1438.7263810015488	1946.9992708810687
1439.72689726381	1923.963192949289
1440.7274135260711	1893.5994692590118
1441.7279297883324	1876.0358765247217
1442.7284460505937	1861.4914586044606
1443.728962312855	1865.174464708541
1444.7294785751162	1869.7805633836417
1445.7299948373773	1885.3377753846498
1446.7305110996385	1927.6532871084019
1447.7310273618998	1974.6895994028534
1448.731543624161	2026.7281320640902
1449.7320598864223	2081.837097350844
1450.7325761486836	2112.4896519035296
1451.7330924109447	2147.2541999650616
1452.733608673206	2168.567791513938
1453.7341249354672	2185.124729702689
1454.7346411977285	2192.9638527867737
1455.7351574599898	2203.4210310189806
1456.7356737222508	2229.1393943519415
1457.736189984512	2262.4541281078273
1458.7367062467733	2269.0998250744324
1459.7372225090346	2256.445601662615
1460.7377387712959	2228.578869863304
1461.738255033557	2195.7702382020707
1462.7387712958182	2144.6922513156287
1463.7392875580795	2093.463701670352
1464.7398038203407	2035.376153688716
1465.740320082602	1972.4475070507758
1466.7408363448633	1894.3000697502737
1467.7413526071243	1842.9501283850643
1468.7418688693856	1805.3455638887253
1469.7423851316469	1800.5690212933414
1470.7429013939081	1810.9343706186094
1471.7434176561694	1832.17524070445
1472.7439339184305	1852.346213449579
1473.7444501806917	1867.2176877199715
1474.744966442953	1855.312197365117
1475.7454827052143	1864.6889200859314
1476.7459989674755	1884.8950854346415
1477.7465152297366	1925.2809362766145
1478.7470314919979	1956.070897918597
1479.7475477542591	1969.3435705809131
1480.7480640165204	1973.910500470911
1481.7485802787817	1966.5405637750516
1482.749096541043	1963.4398662906908
1483.749612803304	1954.288321697362
1484.7501290655653	1929.5246239973405
1485.7506453278265	1897.1476372965496
1486.7511615900878	1852.5469667209343
1487.751677852349	1813.4267091198283
1488.7521941146101	1790.3922111808517
1489.7527103768714	1761.4550190475036
1490.7532266391327	1732.2581358055645
1491.753742901394	1702.140276296061
1492.7542591636552	1690.230794898974
1493.7547754259163	1712.6725604942562
1494.7552916881775	1764.8895335372024
1495.7558079504388	1830.509226529106
1496.7563242127	1896.466018444383
1497.7568404749613	1930.0601223800916
1498.7573567372226	1958.3987776593206
1499.7578729994837	1973.4402172820558
1500.758389261745	2021.591596834709
1501.7589055240062	2087.4080639425224
1502.7594217862675	2151.347149956587
1503.7599380485287	2182.415168853823
1504.7604543107898	2182.4604123098447
1505.760970573051	2153.4956640259334
1506.7614868353123	2167.8310457261637
1507.7620030975736	2195.6829966732453
1508.7625193598349	2229.1756017092093
1509.763035622096	2248.118433706175
1510.7635518843572	2246.7659294793634
1511.7640681466185	2246.156039482166
1512.7645844088797	2231.346738204024
1513.765100671141	2181.583624339727
1514.765616933402	2114.972534936184
1515.7661331956633	2038.1228024211316
1516.7666494579246	1972.0221295793328
1517.7671657201859	1927.9032478309819
1518.7676819824471	1895.3803891081666
1519.7681982447084	1879.7909046629654
1520.7687145069694	1886.5037826527282
1521.7692307692307	1921.001820579043
1522.769747031492	1967.0759090448987
1523.7702632937533	2008.0632950122488
1524.7707795560145	2053.748482544843
1525.7712958182756	2119.6773794012793
1526.7718120805368	2184.5150265502907
1527.7723283427981	2248.204765325069
1528.7728446050594	2281.7395969575073
1529.7733608673207	2314.87649681137
1530.7738771295817	2329.0312677910897
1531.774393391843	2338.45093141656
1532.7749096541042	2354.4579732656857
1533.7754259163655	2366.1840642831853
1534.7759421786268	2373.2556403868302
1535.776458440888	2362.846810115696
1536.776974703149	2319.733855575272
1537.7774909654104	2291.2605125365
1538.7780072276717	2245.394056435062
1539.778523489933	2189.7565905776505
1540.7790397521942	2137.2188225109458
1541.7795560144552	2076.1291413476406
1542.7800722767165	2035.568238896734
1543.7805885389778	2013.9523729418656
1544.781104801239	2001.8251277081608
1545.7816210635003	2000.0156506105234
1546.7821373257614	1985.3492417141729
1547.7826535880226	1969.467316459018
1548.783169850284	1974.2187315332797
1549.7836861125452	1981.2045367607568
1550.7842023748065	1964.280269318267
1551.7847186370677	1918.3167160888706
1552.7852348993288	1864.3205530420228
1553.78575116159	1808.0455509826306
1554.7862674238513	1801.257812789435
1555.7867836861126	1817.48270265055
1556.7872999483739	1875.9146210640888
1557.787816210635	1934.6515216936527
1558.7883324728962	1973.5962649693051
1559.7888487351574	1986.8973784738725
1560.7893649974187	2023.571663993248
1561.78988125968	2070.3753895080604
1562.790397521941	2130.8878416568523
1563.7909137842023	2186.914947232573
1564.7914300464636	2238.744551191644
1565.7919463087248	2288.1306921838245
1566.7924625709861	2357.0957486849243
1567.7929788332472	2422.0034695730396
1568.7934950955084	2476.612239824659
1569.7940113577697	2488.6238306746977
1570.794527620031	2456.366376593137
1571.7950438822922	2417.0622988380583
1572.7955601445535	2350.4131097748987
1573.7960764068146	2278.01567703033
1574.7965926690758	2181.211875805494
1575.797108931337	2094.1345238937324
1576.7976251935984	2042.5244616718928
1577.7981414558596	2007.3959942607478
1578.7986577181207	1956.7687215115711
1579.799173980382	1914.737043215058
1580.7996902426432	1869.9052304976585
1581.8002065049045	1839.7880654100445
1582.8007227671658	1820.1115404503478
1583.8012390294268	1796.5846641332043
1584.801755291688	1751.6874003903529
1585.8022715539494	1743.497063425485
1586.8027878162106	1757.2770739887676
1587.803304078472	1790.085546633899
1588.8038203407332	1836.1034748211782
1589.8043366029942	1887.7543626659874
1590.8048528652555	1931.516504563002
1591.8053691275168	1991.1974035944097
1592.805885389778	2019.7746781727858
1593.8064016520393	2039.9202373655373
1594.8069179143004	2034.5883234666987
1595.8074341765616	2014.8261816427419
1596.807950438823	1979.3082642564736
1597.8084667010842	1941.837081480531
1598.8089829633454	1933.493969535971
1599.8094992256065	1956.749319507248
1600.8100154878678	1956.9999517950341
1601.810531750129	1957.2201556930538
1602.8110480123903	1962.014821425143
1603.8115642746516	1972.1356217085088
1604.8120805369128	2012.9606982020098
1605.812596799174	2004.8969913245528
1606.8131130614352	1976.399370754538
1607.8136293236964	1934.2170836711316
1608.8141455859577	1888.0452092596622
1609.814661848219	1859.893496924696
1610.81517811048	1844.1526384244926
1611.8156943727413	1825.7271392397352
1612.8162106350026	1820.6448509060344
1613.8167268972638	1809.2073310648514
1614.817243159525	1805.3932209338534
1615.8177594217861	1788.38560030702
1616.8182756840474	1804.9274749836813
1617.8187919463087	1836.3466336266708
1618.81930820857	1902.0063156122155
1619.8198244708312	1970.8078602683709
1620.8203407330925	2010.6831884116361
1621.8208569953536	2028.6263087070658
1622.8213732576148	2058.7630624825097
1623.821889519876	2089.8231487564663
1624.8224057821374	2173.4494099764006
1625.8229220443986	2235.0222550206267
1626.8234383066597	2273.1142232111633
1627.823954568921	2296.4694815562425
1628.8244708311822	2301.0997693843215
1629.8249870934435	2313.0711163114947
1630.8255033557048	2336.891488827215
1631.8260196179658	2310.1652702816373
1632.826535880227	2271.015336996757
1633.8270521424884	2211.3933385453483
1634.8275684047496	2142.2456255487627
1635.828084667011	2095.5980705600173
1636.828600929272	2055.383373800846
1637.8291171915332	2012.026298431928
1638.8296334537945	1978.2264798229432
1639.8301497160558	1929.3196771782377
1640.830665978317	1899.4838291243782
1641.8311822405783	1894.9131622995408
1642.8316985028393	1895.1535366836524
1643.8322147651006	1924.6025345042453
1644.832731027362	1982.0255544399638
1645.8332472896232	2036.936994047074
1646.8337635518844	2082.618970922899
1647.8342798141455	2116.6011600205597
1648.8347960764067	2141.0641363928316
1649.835312338668	2199.6590812633663
1650.8358286009293	2283.770241284397
1651.8363448631906	2328.460771907133
1652.8368611254516	2352.1203339819976
1653.8373773877129	2341.4847336427124
1654.8378936499741	2322.577008992912
1655.8384099122354	2350.320624808659
1656.8389261744967	2354.394054743784
1657.839442436758	2298.2400417853473
1658.839958699019	2226.261499238795
1659.8404749612803	2124.8917302588347
1660.8409912235416	2045.5327731896552
1661.8415074858028	1983.9275568722092
1662.842023748064	1925.385603349076
1663.8425400103251	1870.08014334871
1664.8430562725864	1830.6273368985105
1665.8435725348477	1804.9136097594749
1666.844088797109	1797.1656662701107
1667.8446050593702	1829.200095607653
1668.8451213216313	1860.3626146349716
1669.8456375838925	1900.251625892375
1670.8461538461538	1951.1339606240895
1671.846670108415	1970.3109585242826
1672.8471863706764	2011.755935813894
1673.8477026329376	2049.1410563786685
1674.8482188951987	2085.1661023541265
1675.84873515746	2138.420825100592
1676.8492514197212	2180.9190867397947
1677.8497676819825	2234.0418366071917
1678.8502839442438	2267.261311319187
1679.8508002065048	2250.6929226379516
1680.851316468766	2224.3205095159583
1681.8518327310273	2208.8529946981516
1682.8523489932886	2173.582144716321
1683.85286525555	2133.9220906138503
1684.853381517811	2079.136219049545
1685.8538977800722	2015.3266780802187
1686.8544140423335	1964.5567784771974
1687.8549303045947	1931.999721972259
1688.855446566856	1886.537395549008
1689.8559628291173	1882.4430312403385
1690.8564790913783	1860.3574962172968
1691.8569953536396	1848.198572306904
1692.8575116159009	1862.5914895553199
1693.8580278781621	1903.3166348804382
1694.8585441404234	1949.5955789510526
1695.8590604026845	2001.0602654737943
1696.8595766649457	2051.0151899840625
1697.860092927207	2086.507554795209
1698.8606091894683	2133.318974320422
1699.8611254517295	2156.1524354494723
1700.8616417139906	2168.6860286655005
1701.8621579762519	2181.3856094106827
1702.8626742385131	2165.486510856384
1703.8631905007744	2131.4797922176253
1704.8637067630357	2087.657347336468
1705.8642230252967	2029.4505334305277
1706.864739287558	1989.680377140373
1707.8652555498193	1969.6223372509705
1708.8657718120805	1991.451585963348
1709.8662880743418	2029.2294225340374
1710.866804336603	2056.7845272689324
1711.8673205988641	2112.3002518163757
1712.8678368611254	2184.6356618456507
1713.8683531233867	2266.635078554696
1714.868869385648	2348.9247250589237
1715.8693856479092	2397.8494929716094
1716.8699019101703	2428.1521291879258
1717.8704181724315	2456.9577677651905
1718.8709344346928	2466.310646729176
1719.871450696954	2441.075773174002
1720.8719669592153	2404.8629350564825
1721.8724832214764	2331.6448708520766
1722.8729994837377	2245.643340353788
1723.873515745999	2164.2396385382167
1724.8740320082602	2063.829661968921
1725.8745482705215	1961.524293609266
1726.8750645327827	1872.2648758554456
1727.8755807950438	1807.283947662305
1728.876097057305	1747.8316108136653
1729.8766133195663	1740.1875175771092
1730.8771295818276	1741.1689894931033
1731.8776458440889	1768.1165074520363
1732.87816210635	1805.379908202219
1733.8786783686112	1851.6253826549548
1734.8791946308725	1917.4987135870617
1735.8797108931337	1996.8698903432098
1736.880227155395	2044.4824840815718
1737.880743417656	2089.7838466706344
1738.8812596799173	2114.014444353396
1739.8817759421786	2170.9557565552172
1740.8822922044399	2225.306477280308
1741.8828084667011	2268.6498506207577
1742.8833247289624	2332.1986519127454
1743.8838409912235	2389.490409816181
1744.8843572534847	2458.686217812674
1745.884873515746	2532.2669649595805
1746.8853897780073	2527.9721412187596
1747.8859060402685	2483.721608991848
1748.8864223025296	2439.608808583948
1749.8869385647909	2420.7302706493188
1750.8874548270521	2418.0773269202787
1751.8879710893134	2385.595277803032
1752.8884873515747	2320.982625584776
1753.8890036138357	2246.9639905006406
1754.889519876097	2197.010805816104
1755.8900361383583	2120.4637519817556
1756.8905524006195	2000.1962676361188
1757.8910686628808	1900.438335227946
1758.891584925142	1815.914445462645
1759.8921011874031	1744.1131842577922
1760.8926174496644	1720.520229013171
1761.8931337119257	1706.115428984199
1762.893649974187	1723.1858098310604
1763.8941662364482	1783.797897642693
1764.8946824987092	1815.0404816300518
1765.8951987609705	1859.2973251567662
1766.8957150232318	1914.1430415223679
1767.896231285493	1969.8501652526081
1768.8967475477543	2051.918832097264
1769.8972638100154	2099.5078779407045
1770.8977800722766	2125.6335515587284
1771.898296334538	2144.937583139015
1772.8988125967992	2171.8282105538606
1773.8993288590605	2220.5040411503155
1774.8998451213215	2226.85816880513
1775.9003613835828	2238.002547448858
1776.900877645844	2249.2426639099726
1777.9013939081053	2232.750167024907
1778.9019101703666	2179.6439710930144
1779.9024264326279	2067.3050814128915
1780.902942694889	1981.1772017658257
1781.9034589571502	1945.034797484469
1782.9039752194114	1920.773103007815
1783.9044914816727	1902.724624289751
1784.905007743934	1883.1656585934245
1785.905524006195	1907.2231162251376
1786.9060402684563	1952.3394463292757
1787.9065565307176	1971.6205025184113
1788.9070727929789	1988.1178738107392
1789.9075890552401	1977.892883601912
1790.9081053175012	1960.4814109737738
1791.9086215797624	1962.4308662576243
1792.9091378420237	1980.387976274457
1793.909654104285	2007.6630588117464
1794.9101703665463	2061.0542486048807
1795.9106866288075	2105.790143557174
1796.9112028910686	2133.242117502303
1797.9117191533298	2159.282698139747
1798.912235415591	2160.3393872548686
1799.9127516778524	2153.8741142883473
1800.9132679401137	2149.3260693084703
1801.9137842023747	2108.696491146231
1802.914300464636	2049.2572866528717
1803.9148167268972	1995.413978976018
1804.9153329891585	1950.123557746642
1805.9158492514198	1910.0051262229829
1806.9163655136808	1888.9015248677663
1807.916881775942	1890.143947013284
1808.9173980382034	1923.8286877938563
1809.9179143004646	1925.9847296553373
1810.918430562726	1894.5963109842485
1811.9189468249872	1869.2362883992046
1812.9194630872482	1868.0217302038618
1813.9199793495095	1888.551408819516
1814.9204956117708	1886.9375272835368
1815.921011874032	1879.0191823866055
1816.9215281362933	1893.4141467900124
1817.9220443985544	1909.5323141194974
1818.9225606608156	1934.244747299165
1819.923076923077	1958.9142121755674
1820.9235931853382	1958.0257468185034
1821.9241094475994	1962.9386341631628
1822.9246257098605	1960.924040334406
1823.9251419721218	1957.5619249612644
1824.925658234383	1943.425361208328
1825.9261744966443	1937.621751078168
1826.9266907589056	1933.1524886527432
1827.9272070211666	1926.2798978280894
1828.927723283428	1930.3479563552896
1829.9282395456892	1945.1546142254895
1830.9287558079504	1958.7757137681585
1831.9292720702117	2013.7194926253728
1832.929788332473	2043.759269080863
1833.930304594734	2085.9766988559236
1834.9308208569953	2125.0393251592277
1835.9313371192566	2123.081451175609
1836.9318533815178	2117.099561842831
1837.932369643779	2105.0670259765866
1838.9328859060402	2113.2440030854623
1839.9334021683014	2149.7743505215612
1840.9339184305627	2143.6846391444983
1841.934434692824	2138.0064860510915
1842.9349509550852	2114.7442328882034
1843.9354672173463	2099.9286286204783
1844.9359834796076	2094.314266175754
1845.9364997418688	2054.56962941229
1846.93701600413	1992.9944034048851
1847.9375322663914	1948.8932997526003
1848.9380485286526	1921.9159663798391
1849.9385647909137	1914.778609499374
1850.939081053175	1903.9766751330249
1851.9395973154362	1881.85143841993
1852.9401135776975	1877.9223739516028
1853.9406298399588	1931.7428085246966
1854.9411461022198	1990.2805069428543
1855.941662364481	2040.7417255420996
1856.9421786267424	2082.232656054033
1857.9426948890036	2108.332026429494
1858.943211151265	2139.9308331375796
1859.943727413526	2176.4222202508313
1860.9442436757872	2225.2067597786804
1861.9447599380485	2264.2127063123103
1862.9452762003098	2302.7482720931885
1863.945792462571	2309.98713254001
1864.9463087248323	2298.5642024597373
1865.9468249870934	2297.7710729075984
1866.9473412493546	2266.4529707395727
1867.947857511616	2209.4157120246
1868.9483737738772	2158.218437028708
1869.9488900361384	2089.111774768377
1870.9494062983995	2025.2505577506593
1871.9499225606608	1963.289090999919
1872.950438822922	1897.9819055426908
1873.9509550851833	1829.5513251928892
1874.9514713474446	1779.2607376255908
1875.9519876097056	1741.7867963355652
1876.9525038719669	1715.6596477433113
1877.9530201342282	1686.7874587977317
1878.9535363964894	1656.4520770723
1879.9540526587507	1636.860123142987
1880.954568921012	1678.4939288812159
1881.955085183273	1734.157084403937
1882.9556014455343	1785.6291859263833
1883.9561177077956	1810.8407821306287
1884.9566339700568	1838.1547657759677
1885.957150232318	1886.116424305772
1886.9576664945791	1976.9947168527815
1887.9581827568404	2044.0959050501863
1888.9586990191017	2101.604673120835
1889.959215281363	2120.757009109041
1890.9597315436242	2135.6483258171793
1891.9602478058853	2181.12806925868
1892.9607640681465	2245.114924645951
1893.9612803304078	2312.138523707482
1894.961796592669	2350.7308003555713
1895.9623128549304	2328.4510589781526
1896.9628291171914	2315.447387769429
1897.9633453794527	2288.9329421007333
1898.963861641714	2257.733060243703
1899.9643779039752	2220.9113469076933
1900.9648941662365	2156.5347757369727
1901.9654104284978	2074.2495536670485
1902.9659266907588	2006.0942754948335
1903.96644295302	1919.7897952183373
1904.9669592152813	1834.42024025484
1905.9674754775426	1784.025252682042
1906.967991739804	1776.0751674396063
1907.968508002065	1780.5627815109792
1908.9690242643262	1794.616919439021
1909.9695405265875	1801.4058462613225
1910.9700567888488	1814.9788829995898
1911.97057305111	1880.678404299048
1912.971089313371	1940.8225461661523
1913.9716055756323	1988.1459150904689
1914.9721218378936	2041.7626936323281
1915.9726381001549	2102.371357941522
1916.9731543624162	2168.1808349021867
1917.9736706246774	2267.982505453911
1918.9741868869385	2321.1657049817154
1919.9747031491997	2347.763517021029
1920.975219411461	2349.038035419239
1921.9757356737223	2314.080001993186
1922.9762519359836	2252.980192733718
1923.9767681982446	2189.169861694425
1924.9772844605059	2128.3675157628318
1925.9778007227671	2076.609918562064
1926.9783169850284	2015.5495412487287
1927.9788332472897	1954.2445417627725
1928.9793495095507	1870.321770083429
1929.979865771812	1811.8063942088306
1930.9803820340733	1761.1324533298325
1931.9808982963345	1731.28329008047
1932.9814145585958	1720.6372738780826
1933.981930820857	1734.984464851987
1934.9824470831181	1748.1976691771004
1935.9829633453794	1796.3555255356132
1936.9834796076407	1863.9482022300033
1937.983995869902	1946.9693702726868
1938.9845121321632	2024.415506808145
1939.9850283944243	2079.200571899035
1940.9855446566855	2118.6777221503644
1941.9860609189468	2177.6976717954594
1942.986577181208	2264.507492486424
1943.9870934434693	2352.6658976877548
1944.9876097057304	2379.5722722635855
1945.9881259679917	2382.455789166398
1946.988642230253	2364.4630509156937
1947.9891584925142	2326.3718262668785
1948.9896747547755	2325.1323882305583
1949.9901910170368	2299.7629512566477
1950.9907072792978	2242.3651501630616
1951.991223541559	2195.77553593941
1952.9917398038203	2129.9429426274532
1953.9922560660816	2089.6434687754518
1954.9927723283429	2042.7537207465875
1955.993288590604	1929.38026149327
1956.9938048528652	1817.0248427339031
1957.9943211151265	1733.441202486343
1958.9948373773877	1708.9920172808597
1959.995353639649	1704.2715444146652
1960.99586990191	1706.552080866707
1961.9963861641713	1736.8356764325858
1962.9969024264326	1767.2579720502752
1963.9974186886939	1802.7388546678255
1964.9979349509551	1826.1046182956088
1965.9984512132162	1851.0563682697266
1966.9989674754775	1897.3817412174665
