mean fit 1 params E0, Eb, d0	8.39591146154531e-06	1.842986347839033e-06	325.07152971525176
mean fit 1 std dev E0, Eb, d0	1.7696245822675476e-07	4.367548573352261e-09	5.055211499430874
mean fit 2 params E0, Eb, d0	2.584134789983564e-05	2.4930339424994616e-06	135.02303457430358
mean fit 2 std dev E0, Eb, d0	5.262283146021877e-06	7.739393061198576e-08	13.897575013649197
mean fit 3 params E0, Eb, d0	6.9022901085412135e-06	1.818740875992444e-06	373.3830252324057
mean fit 3 std dev E0, Eb, d0	3.756673990778786e-07	5.9624483375763185e-09	12.830629350341201
mean fit 4 params E0, Eb, d0	1.6057012498672682e-05	1.015776693210405e-06	229.5560878316609
mean fit 4 std dev E0, Eb, d0	1.3559711751003763e-05	4.028341379105554e-06	284.4646844475003
Ex	Ey
31.0	4674.913598588306
32.00051626226123	4628.317586141036
33.00103252452246	4632.906948013062
34.00154878678369	4557.314257424478
35.002065049044916	4495.9472487089015
36.002581311306145	4313.599449150454
37.00309757356737	4397.878562650011
38.0036138358286	4659.958539381151
39.00413009808983	5127.174713436054
40.00464636035106	5663.467270572297
41.00516262261229	6279.7083303461595
42.00567888487352	6684.617074528963
43.00619514713475	7017.486992107023
44.006711409395976	7300.288083949602
45.007227671657205	7521.628162242404
46.007743933918434	7667.528848630171
47.00826019617966	7665.604726071581
48.00877645844089	7466.425228530195
49.00929272070212	7079.227791063305
50.00980898296335	6559.871881733412
51.01032524522458	6032.726563089254
52.01084150748581	5502.523056721422
53.011357769747036	5041.57242351748
54.011874032008265	4620.849470558202
55.01239029426949	4236.411758351792
56.012906556530716	3847.0618932148227
57.013422818791945	3538.9486565560005
58.013939081053174	3327.848662149145
59.0144553433144	3165.186335684681
60.01497160557563	3050.7095012689747
61.01548786783686	2956.010063301516
62.01600413009809	3026.090769957507
63.01652039235932	3235.1626135566576
64.01703665462054	3570.389935058326
65.01755291688178	3864.6234075014445
66.018069179143	4129.254337280368
67.01858544140424	4226.574734748726
68.01910170366546	4201.864478727869
69.0196179659267	4094.7962020894356
70.02013422818791	3995.9175680085204
71.02065049044916	3898.6991735895213
72.02116675271037	3820.2655018175847
73.02168301497161	3724.0073507514253
74.02219927723283	3621.1199183642852
75.02271553949407	3508.7411972510868
76.02323180175529	3447.1224704184574
77.02374806401653	3357.3660376741313
78.02426432627774	3322.0493980419524
79.02478058853897	3294.5358946807546
80.0252968508002	3256.050714575598
81.02581311306143	3243.283288325121
82.02632937532266	3276.2528441835193
83.02684563758389	3328.9658877868887
84.02736189984512	3421.37042546922
85.02787816210635	3509.618768137951
86.02839442436758	3596.746500795349
87.0289106866288	3638.1257626745464
88.02942694889003	3633.7023670542885
89.02994321115126	3628.9477718303588
90.03045947341249	3620.548207507684
91.03097573567372	3628.6503421865773
92.03149199793495	3616.8862394451417
93.03200826019618	3595.039081855419
94.03252452245741	3581.5347372132564
95.03304078471864	3610.1348979911586
96.03355704697987	3561.6951104567306
97.0340733092411	3519.1819550293862
98.03458957150232	3488.8763343014357
99.03510583376355	3481.547613700397
100.03562209602478	3432.4273672654963
101.03613835828601	3396.1543473330107
102.03665462054724	3342.4486735998007
103.03717088280847	3261.988060715646
104.0376871450697	3191.0819080337596
105.03820340733093	3159.894385691287
106.03871966959215	3154.209663211998
107.03923593185338	3184.3856189727867
108.03975219411461	3219.61496895823
109.04026845637584	3244.419007882062
110.04078471863707	3265.693458952674
111.0413009808983	3258.747231493133
112.04181724315953	3231.627498437125
113.04233350542076	3151.1131288363326
114.04284976768199	3074.12209339276
115.04336602994321	3107.407342236369
116.04388229220444	3166.318862556484
117.04439855446567	3237.6254642300705
118.0449148167269	3289.9600125086063
119.04543107898813	3296.498921550996
120.04594734124936	3312.8948009796077
121.04646360351059	3320.772257252188
122.04697986577182	3291.752199196006
123.04749612803305	3211.328355292948
124.04801239029428	3131.993732262404
125.0485286525555	3068.856546548414
126.04904491481673	3016.991399747736
127.04956117707795	2969.3047479690517
128.0500774393392	2974.0218343870215
129.0505937016004	2982.5798116286933
130.05110996386162	2985.326791689776
131.05162622612286	2968.415758052353
132.0521424883841	2969.6316147867806
133.05265875064532	2972.1858985679387
134.05317501290654	2948.8661730037184
135.05369127516778	2906.8748290818016
136.05420753742902	2856.8049379044123
137.05472379969024	2843.8601508253137
138.05524006195145	2856.4772994914974
139.0557563242127	2882.112000390738
140.05627258647394	2892.9849432262045
141.05678884873515	2892.0653135664124
142.05730511099637	2900.304845715506
143.0578213732576	2939.549392658226
144.05833763551885	2929.702975337423
145.05885389778007	2876.9467021844316
146.05937016004128	2846.143185895562
147.05988642230253	2824.3711270568024
148.06040268456377	2833.285610150218
149.06091894682498	2848.63135158306
150.0614352090862	2833.213540085394
151.06195147134744	2845.781529746936
152.06246773360868	2863.9741118215566
153.0629839958699	2878.153175577334
154.0635002581311	2887.293408394735
155.06401652039236	2874.5097944655195
156.0645327826536	2853.5568652010297
157.06504904491482	2798.1756737508954
158.06556530717603	2774.705394180972
159.06608156943727	2797.351127060062
160.0665978316985	2856.7684339241505
161.06711409395973	2871.3727443357134
162.06763035622095	2836.855181553819
163.0681466184822	2778.2136157264567
164.0686628807434	2752.132253558718
165.06917914300465	2768.7081589477557
166.06969540526586	2785.1483926827127
167.0702116675271	2774.8798777363327
168.07072792978832	2783.506982904048
169.07124419204956	2809.2319585100754
170.07176045431078	2870.2154426772836
171.07227671657202	2955.567021933702
172.07279297883323	3015.2291126012665
173.07330924109448	3028.218780713087
174.0738255033557	3057.5005859522985
175.07434176561694	3098.7530174753556
176.07485802787815	3111.9784246642093
177.0753742901394	3095.4916737334697
178.0758905524006	3067.9005846089226
179.07640681466185	3022.2204440564615
180.07692307692307	2937.590078820426
181.0774393391843	2862.6110106934307
182.07795560144552	2816.67742864837
183.07847186370677	2766.0351463281654
184.07898812596798	2731.9239139692836
185.07950438822922	2711.429926240435
186.08002065049044	2661.57705796281
187.08053691275168	2623.887020678173
188.0810531750129	2590.1137596991607
189.08156943727414	2563.8954665581405
190.08208569953536	2561.088741874596
191.0826019617966	2644.6158626639385
192.0831182240578	2731.7583225093435
193.08363448631906	2754.290921198301
194.08415074858027	2748.8226233512655
195.0846670108415	2762.080896107933
196.08518327310273	2794.236427317255
197.08569953536397	2843.1216644178303
198.0862157976252	2908.590306980458
199.08673205988643	2946.1246474499126
200.08724832214764	2937.5477846591507
201.0877645844089	2905.6712882806887
202.0882808466701	2872.758090879685
203.08879710893135	2817.1067394237366
204.08931337119256	2756.075831301646
205.0898296334538	2712.970374576903
206.09034589571502	2696.059189193714
207.09086215797626	2668.1642556437446
208.09137842023748	2636.745693313646
209.09189468249872	2621.224749978778
210.09241094475993	2606.287204199759
211.09292720702118	2595.462220319101
212.0934434692824	2600.2982914565628
213.09395973154363	2585.6892194025713
214.09447599380485	2577.269701299294
215.0949922560661	2609.3852992768893
216.0955085183273	2622.1461023274546
217.09602478058855	2572.2216398927458
218.09654104284976	2569.5193764256433
219.097057305111	2602.8344549439626
220.09757356737222	2632.897347129868
221.09808982963347	2637.6516658114965
222.09860609189468	2691.793004156258
223.0991223541559	2777.2912510377837
224.09963861641714	2821.87117843681
225.10015487867835	2802.0860771965777
226.1006711409396	2757.4557315383154
227.1011874032008	2709.354567726204
228.10170366546205	2668.185783129204
229.10221992772327	2659.766875103904
230.1027361899845	2661.613369418025
231.10325245224573	2686.581578444532
232.10376871450697	2697.2128892783553
233.10428497676818	2692.2843358155183
234.10480123902943	2635.906218281092
235.10531750129064	2586.8013315990415
236.10583376355189	2523.560954342068
237.1063500258131	2465.2961235062357
238.10686628807434	2414.6730139714336
239.10738255033556	2402.0704835361266
240.1078988125968	2419.7118396778787
241.10841507485802	2442.885157343698
242.10893133711926	2451.9942774479655
243.10944759938047	2477.7953503363506
244.10996386164172	2486.122933646143
245.11048012390293	2468.452611668164
246.11099638616417	2470.1350405715493
247.1115126484254	2464.425837394548
248.11202891068663	2443.9863110868123
249.11254517294785	2454.946947722192
250.1130614352091	2482.489534179232
251.1135776974703	2524.059165455701
252.11409395973155	2545.447727923935
253.11461022199276	2538.186098672148
254.115126484254	2532.9402541843165
255.11564274651522	2546.662329838141
256.11615900877644	2544.681871268512
257.1166752710377	2527.5291652772594
258.1171915332989	2520.4005664202095
259.11770779556014	2515.2341529392797
260.1182240578214	2500.958270927785
261.11874032008257	2498.922216027137
262.11925658234384	2523.8162567328804
263.11977284460505	2552.027570843079
264.12028910686627	2605.289464375437
265.12080536912754	2660.688223837797
266.12132163138875	2716.0945965482424
267.12183789364997	2733.1679993747216
268.12235415591124	2731.2065867713627
269.1228704181724	2690.4902868854742
270.12338668043367	2626.7303824206097
271.1239029426949	2591.394219218139
272.1244192049561	2580.7648854445065
273.12493546721737	2564.50770124534
274.1254517294786	2548.587956669872
275.1259679917398	2533.259647485348
276.12648425400107	2494.8364659458157
277.1270005162622	2469.637679459448
278.1275167785235	2421.442922113233
279.1280330407847	2403.484897542667
280.12854930304593	2387.4381990008906
281.1290655653072	2379.433902520887
282.1295818275684	2398.468383913259
283.13009808982963	2423.345701819047
284.1306143520909	2463.1015052432476
285.13113061435206	2456.557512836367
286.13164687661333	2434.1100863854967
287.13216313887455	2405.9275691770495
288.13267940113576	2413.1480572103055
289.133195663397	2424.9213151929075
290.13371192565825	2449.0782904705943
291.13422818791946	2450.4119214068705
292.1347444501807	2461.981233740535
293.1352607124419	2484.7196592040164
294.13577697470316	2466.8149471020847
295.1362932369644	2456.6996720550433
296.1368094992256	2444.947433288564
297.1373257614868	2459.8130664231085
298.1378420237481	2443.777605226913
299.1383582860093	2417.981299365437
300.1388745482705	2390.8204636699197
301.1393908105317	2357.3480857592012
302.139907072793	2349.264510547292
303.1404233350542	2344.7909935467032
304.1409395973154	2337.343410902502
305.14145585957664	2340.9870446542063
306.1419721218379	2348.730531260027
307.1424883840991	2338.7268254829705
308.14300464636034	2339.665055152165
309.14352090862155	2330.079782117068
310.1440371708828	2331.988291371473
311.14455343314404	2329.506367975454
312.14506969540525	2349.392125750236
313.14558595766647	2419.3444736603938
314.14610221992774	2464.0686938858357
315.14661848218896	2546.7555623726053
316.14713474445017	2627.0508645366112
317.1476510067114	2669.620829239493
318.14816726897266	2664.928403892231
319.14868353123387	2667.8843858231016
320.1491997934951	2646.43867910923
321.1497160557563	2633.994099204721
322.1502323180176	2600.014174624073
323.1507485802788	2560.984861879405
324.15126484254	2526.06797207883
325.1517811048012	2459.3206540985634
326.1522973670625	2392.2264214306156
327.1528136293237	2300.375704515062
328.1533298915849	2247.771166928378
329.15384615384613	2223.3045668956943
330.1543624161074	2214.6030379237013
331.1548786783686	2209.504650808164
332.15539494062983	2204.2059671023494
333.15591120289105	2191.44097085121
334.1564274651523	2207.0654476629716
335.15694372741353	2213.664558851426
336.15745998967475	2236.6804278830346
337.15797625193596	2270.6601961228025
338.15849251419723	2298.538237298392
339.15900877645845	2322.091957677816
340.15952503871966	2329.5481176165517
341.1600413009809	2313.4482099336005
342.16055756324215	2291.1459019845333
343.16107382550337	2287.2017192350954
344.1615900877646	2309.4213313783252
345.1621063500258	2310.911706493301
346.16262261228707	2308.8920633131124
347.1631388745483	2329.488730455457
348.1636551368095	2340.1803192432117
349.1641713990707	2337.714021830465
350.164687661332	2329.9779147686427
351.1652039235932	2321.0890922497906
352.1657201858544	2339.5697603018198
353.1662364481156	2376.1524612401595
354.16675271037684	2420.082163635678
355.1672689726381	2466.2111285403107
356.1677852348993	2474.37347367657
357.16830149716054	2478.220986404846
358.16881775942176	2483.4906175086467
359.169334021683	2487.3642553835575
360.16985028394424	2474.359583716913
361.17036654620546	2439.6558989009513
362.1708828084667	2415.2742808391176
363.17139907072794	2377.071629722205
364.17191533298916	2293.721590355134
365.1724315952504	2237.870501635002
366.1729478575116	2189.3227031033066
367.17346411977286	2152.954262973713
368.1739803820341	2140.7091934731934
369.1744966442953	2140.9610716208795
370.1750129065565	2165.03248153634
371.1755291688178	2204.463902363177
372.176045431079	2241.8335012773737
373.1765616933402	2265.2053750018326
374.1770779556014	2291.502782543446
375.1775942178627	2311.662283993888
376.1781104801239	2321.6972733735674
377.1786267423851	2319.486094176135
378.17914300464633	2334.3971347686993
379.1796592669076	2361.8230974884195
380.1801755291688	2385.238493228067
381.18069179143004	2407.0254784599365
382.18120805369125	2411.2553556197918
383.1817243159525	2407.553653112287
384.18224057821374	2393.576341653901
385.18275684047495	2394.4955515199877
386.18327310273617	2418.3754401747583
387.18378936499744	2427.503442947734
388.18430562725865	2414.570818261436
389.18482188951987	2390.5356141242537
390.1853381517811	2388.2441418413246
391.18585441404235	2389.764035471734
392.18637067630357	2361.9823718969956
393.1868869385648	2349.5497365655992
394.187403200826	2342.8293924358327
395.18791946308727	2318.40772732933
396.1884357253485	2300.428398923599
397.1889519876097	2298.7271432135526
398.1894682498709	2287.716581968135
399.1899845121322	2271.8481079180806
400.1905007743934	2249.9688793470295
401.1910170366546	2205.693414499345
402.19153329891583	2157.0741932996334
403.1920495611771	2147.7565977528493
404.1925658234383	2168.005367265451
405.19308208569953	2194.0365308117794
406.19359834796074	2234.6562579789165
407.194114610222	2292.985818884732
408.19463087248323	2316.8100850048554
409.19514713474445	2328.024320079629
410.19566339700566	2330.1039524140724
411.19617965926693	2319.528394379707
412.19669592152815	2312.364110010149
413.19721218378936	2335.966858243291
414.1977284460506	2348.594041794945
415.1982447083118	2325.6313641701176
416.19876097057306	2304.4261844260122
417.1992772328343	2293.876278266195
418.1997934950955	2286.9717397967047
419.2003097573567	2268.594759757023
420.200826019618	2254.6868336547145
421.2013422818792	2254.8587370341675
422.2018585441404	2247.6584877551854
423.2023748064016	2236.415995300382
424.2028910686629	2228.084948887255
425.2034073309241	2237.365630461642
426.2039235931853	2231.570665658787
427.20443985544654	2208.048844805953
428.2049561177078	2204.3396575470597
429.205472379969	2213.973860358053
430.20598864223024	2240.7145766129756
431.20650490449145	2276.8318007745856
432.2070211667527	2315.375388143858
433.20753742901394	2329.062288502947
434.20805369127515	2325.504192811469
435.20856995353637	2318.686856300073
436.20908621579764	2293.8547476297495
437.20960247805886	2268.6780183845885
438.21011874032007	2292.8007497226636
439.2106350025813	2324.6883064531285
440.21115126484256	2361.3365443886273
441.21166752710377	2391.096620379776
442.212183789365	2418.855349584429
443.2127000516262	2410.1571215757995
444.2132163138875	2402.510766889996
445.2137325761487	2399.053963048765
446.2142488384099	2407.306766995078
447.2147651006711	2406.5739286857734
448.2152813629324	2408.054533265283
449.2157976251936	2411.8526791610157
450.2163138874548	2402.385541944434
451.21683014971603	2382.528149389093
452.2173464119773	2377.346107273591
453.2178626742385	2348.689904613422
454.21837893649973	2298.841362248244
455.21889519876095	2247.0972106473055
456.2194114610222	2222.288837775701
457.21992772328343	2200.6452023581296
458.22044398554465	2161.696769976997
459.22096024780586	2119.627583439324
460.22147651006713	2098.3297433764646
461.22199277232835	2087.991283258386
462.22250903458956	2072.627483873771
463.2230252968508	2082.6381961106276
464.22354155911205	2115.9116741389967
465.22405782137326	2171.1832197065305
466.2245740836345	2219.0739985193427
467.2250903458957	2253.155373212849
468.22560660815697	2266.4371323789296
469.2261228704182	2287.9481015327474
470.2266391326794	2315.5975583725535
471.2271553949406	2333.8638019521145
472.2276716572019	2332.864771556608
473.2281879194631	2342.8870749503535
474.2287041817243	2354.951415130488
475.2292204439855	2349.4085809798694
476.2297367062468	2328.2583915823757
477.230252968508	2314.154203958221
478.2307692307692	2285.7577232455747
479.23128549303044	2244.6514902262606
480.23180175529166	2200.6987979846785
481.2323180175529	2159.3407160872125
482.23283427981414	2120.665930789925
483.23335054207536	2114.0565564840617
484.23386680433657	2122.6625227607674
485.23438306659784	2120.96075669315
486.23489932885906	2125.2707437691024
487.2354155911203	2141.2627883916284
488.2359318533815	2164.9915734115025
489.23644811564276	2156.9986432371606
490.236964377904	2152.1542373263756
491.2374806401652	2170.845858111895
492.2379969024264	2193.3787904801366
493.2385131646877	2204.32278233005
494.2390294269489	2190.592643964316
495.2395456892101	2157.7271157405526
496.2400619514713	2132.5241832570764
497.2405782137326	2124.3196960177183
498.2410944759938	2116.0635484521467
499.241610738255	2099.5591103550187
500.24212700051623	2089.9437342766605
501.2426432627775	2092.3688344889497
502.2431595250387	2081.8708124521067
503.24367578729994	2045.2612844564435
504.24419204956115	2014.356596550137
505.2447083118224	2006.5324510229668
506.24522457408364	2010.3976396653543
507.24574083634485	2023.49338731517
508.24625709860607	2035.178405148673
509.24677336086734	2045.7704535108044
510.24728962312855	2062.3348995278643
511.24780588538977	2095.6354648428915
512.2483221476509	2117.9760586700218
513.2488384099122	2139.0929655962077
514.2493546721735	2170.829318308889
515.2498709344347	2209.1900079984675
516.2503871966959	2227.7961267822807
517.2509034589572	2242.9447640001963
518.2514197212183	2275.278035760575
519.2519359834796	2305.1087521970594
520.2524522457409	2297.820046877473
521.2529685080021	2290.1574396118485
522.2534847702633	2291.9601385742158
523.2540010325245	2281.356598064875
524.2545172947857	2271.481054965309
525.255033557047	2261.0432255341275
526.2555498193083	2250.667708406955
527.2560660815694	2239.536556686275
528.2565823438306	2233.1136327405884
529.2570986060919	2214.343277868264
530.2576148683531	2171.855510501187
531.2581311306144	2125.550390118393
532.2586473928756	2100.017293938817
533.2591636551368	2071.559217533573
534.259679917398	2037.4951023394551
535.2601961796593	1999.160782953184
536.2607124419205	1978.0602398338795
537.2612287041818	1973.8512518551825
538.261744966443	1965.3274034188514
539.2622612287041	1944.5359280995751
540.2627774909654	1937.934243202068
541.2632937532267	1959.2030796914864
542.2638100154879	2016.5683654570807
543.2643262777491	2068.744890426178
544.2648425400104	2119.6373235939736
545.2653588022715	2153.1441525586933
546.2658750645328	2189.444793998732
547.266391326794	2212.2946515387825
548.2669075890552	2226.3041139346237
549.2674238513165	2241.3993395232974
550.2679401135777	2260.880190057724
551.2684563758389	2282.524404656535
552.2689726381002	2289.9856001969256
553.2694889003614	2313.67304508474
554.2700051626226	2325.3147203013855
555.2705214248838	2311.137474836522
556.271037687145	2279.167271331867
557.2715539494063	2240.9831641736173
558.2720702116675	2209.803236360153
559.2725864739288	2170.754187646536
560.27310273619	2118.498275167252
561.2736189984512	2072.4514582827096
562.2741352607125	2030.5505345528402
563.2746515229736	1997.2154819388008
564.2751677852349	1971.8218068871547
565.2756840474962	1973.5370162714596
566.2762003097573	1993.2426439698306
567.2767165720186	2038.8100383484732
568.2772328342799	2112.144083828015
569.277749096541	2151.051984497977
570.2782653588023	2171.2817384339555
571.2787816210634	2188.569216969717
572.2792978833247	2189.756717027126
573.279814145586	2192.7719999179694
574.2803304078471	2200.733971914868
575.2808466701084	2229.7873189412376
576.2813629323697	2233.005258013902
577.2818791946308	2220.603914377201
578.2823954568921	2211.054386161695
579.2829117191533	2196.0011178759632
580.2834279814145	2161.1551981934244
581.2839442436758	2131.159632494649
582.284460505937	2096.882185742603
583.2849767681982	2035.1783490938574
584.2854930304595	1975.9719539802213
585.2860092927207	1927.4760534466743
586.286525554982	1887.6028007018601
587.2870418172431	1859.2227551286064
588.2875580795044	1868.4760165916778
589.2880743417657	1901.722466491348
590.2885906040268	1929.5014734972965
591.2891068662881	1958.9286634499235
592.2896231285494	2014.8330495270413
593.2901393908105	2067.6185297082543
594.2906556530718	2108.587022612462
595.2911719153329	2135.414800535468
596.2916881775942	2157.130478302375
597.2922044398555	2166.0432732872473
598.2927207021166	2181.3165696995607
599.2932369643779	2193.3953072234167
600.2937532266392	2180.847887685964
601.2942694889003	2158.2911244934867
602.2947857511616	2158.8872793969817
603.2953020134228	2156.650764883627
604.295818275684	2143.945425219508
605.2963345379453	2130.550158593614
606.2968508002065	2131.235602837411
607.2973670624677	2120.784677352909
608.2978833247289	2085.4111005613277
609.2983995869902	2062.4574975958376
610.2989158492514	2050.4653861034453
611.2994321115126	2035.7067826697562
612.2999483737739	2034.2837260608667
613.3004646360351	2042.7236577463996
614.3009808982963	2039.963438285357
615.3014971605576	2050.853634063714
616.3020134228187	2084.699190775487
617.30252968508	2118.0078425611837
618.3030459473413	2136.036897530179
619.3035622096024	2170.850616099297
620.3040784718637	2211.1897722450467
621.304594734125	2209.633843910486
622.3051109963861	2193.319494087768
623.3056272586474	2187.8542410239506
624.3061435209086	2175.65310477532
625.3066597831698	2163.1227573739084
626.3071760454311	2147.7242276110937
627.3076923076923	2119.7509888892346
628.3082085699535	2090.5087646689894
629.3087248322148	2077.1494279617846
630.309241094476	2063.3661813877197
631.3097573567372	2050.9336198579135
632.3102736189984	2045.485692367337
633.3107898812597	2046.4299149959356
634.3113061435209	2045.8828406026544
635.3118224057821	2047.7460329283515
636.3123386680434	2055.9492924277956
637.3128549303046	2073.084401680144
638.3133711925658	2096.8065187596317
639.3138874548271	2114.982313877038
640.3144037170882	2135.2553085038003
641.3149199793495	2165.947695712352
642.3154362416108	2188.684656360411
643.3159525038719	2195.883697440889
644.3164687661332	2190.3614962545216
645.3169850283945	2171.407491209707
646.3175012906556	2141.793088937356
647.3180175529169	2113.1101527659252
648.3185338151781	2071.6050863180317
649.3190500774393	2005.7381866945962
650.3195663397006	1954.8871683376537
651.3200826019618	1935.9215014307474
652.320598864223	1912.5042648126841
653.3211151264843	1886.5041471398808
654.3216313887455	1881.1176783574508
655.3221476510067	1893.2642906221042
656.3226639132679	1914.5134972222688
657.3231801755292	1939.3216553227815
658.3236964377904	1958.119225548911
659.3242127000516	1980.0005896224213
660.3247289623129	2014.2804001673233
661.3252452245741	2048.918273716346
662.3257614868353	2071.65804760171
663.3262777490966	2095.6284830807504
664.3267940113577	2134.7948170023183
665.327310273619	2175.5957267373533
666.3278265358803	2181.6584674389574
667.3283427981414	2169.1796098604
668.3288590604027	2153.9191324287794
669.329375322664	2129.0796393812066
670.3298915849251	2096.5326966573534
671.3304078471864	2059.8120329251847
672.3309241094476	2024.6600102051618
673.3314403717088	1984.6715287071843
674.3319566339701	1960.2657348743096
675.3324728962313	1945.5966646853672
676.3329891584925	1944.3011693795213
677.3335054207537	1971.4384467010868
678.334021683015	2003.5546453145473
679.3345379452762	2018.1500217819396
680.3350542075374	2014.4610149179593
681.3355704697987	2018.462793487852
682.3360867320599	2033.4032646686032
683.3366029943211	2042.6089925347676
684.3371192565824	2045.950569084005
685.3376355188435	2045.5686236202184
686.3381517811048	2035.8279267569
687.338668043366	2022.9417659260653
688.3391843056272	2000.0184220182045
689.3397005678885	1971.2316575019313
690.3402168301498	1957.0082357404406
691.3407330924109	1947.9587226104836
692.3412493546722	1944.1702698810582
693.3417656169333	1924.8084730414832
694.3422818791946	1914.287223498874
695.3427981414559	1916.7895038774127
696.343314403717	1945.1876478602253
697.3438306659783	1985.8890463555338
698.3443469282396	2022.5495549777006
699.3448631905007	2058.313367367358
700.345379452762	2095.6018670333356
701.3458957150232	2136.083306138707
702.3464119772844	2160.4398981659824
703.3469282395457	2159.902605464922
704.3474445018069	2140.371910609511
705.3479607640681	2123.5252892888298
706.3484770263294	2112.1707697767188
707.3489932885906	2098.7673910669682
708.3495095508518	2107.3206174152447
709.350025813113	2115.343788772547
710.3505420753743	2110.4190048073997
711.3510583376355	2099.5312744372436
712.3515745998967	2079.535610198246
713.352090862158	2073.6272468717066
714.3526071244193	2073.975123912425
715.3531233866804	2075.293624102205
716.3536396489417	2060.5873397265946
717.3541559112028	2034.2020742013283
718.3546721734641	2019.572068019735
719.3551884357254	2009.8017951272523
720.3557046979865	2000.6814722402328
721.3562209602478	2005.4934606800944
722.3567372225091	2014.177864405907
723.3572534847702	2008.6158647958734
724.3577697470315	1986.339132204196
725.3582860092927	1983.9196980449333
726.3588022715539	1974.021414573911
727.3593185338152	1954.394741298312
728.3598347960764	1959.7946769446892
729.3603510583376	1983.3031794416272
730.3608673205989	2005.0968927640863
731.3613835828601	2024.480922357519
732.3618998451213	2056.144939264857
733.3624161073825	2079.441135558401
734.3629323696438	2078.2670083286216
735.363448631905	2062.5724022089607
736.3639648941662	2035.2802774978738
737.3644811564275	2006.1348499783232
738.3649974186886	1980.3460698522795
739.3655136809499	1957.862577088148
740.3660299432112	1921.511084098076
741.3665462054723	1895.9097666128741
742.3670624677336	1887.067952023256
743.3675787299949	1872.5033845198936
744.368094992256	1876.981440334746
745.3686112545173	1897.1649866879866
746.3691275167785	1919.991798877523
747.3696437790397	1939.5046133087722
748.370160041301	1962.9865461247762
749.3706763035622	1988.6030273795614
750.3711925658234	2007.2113117334989
751.3717088280847	2030.7546975440127
752.3722250903459	2063.3935439387296
753.3727413526071	2094.960776897196
754.3732576148683	2100.7721164007894
755.3737738771296	2095.8102351075436
756.3742901393908	2097.9190238936876
757.374806401652	2096.5292874116567
758.3753226639133	2081.45897839199
759.3758389261745	2053.8568437002937
760.3763551884357	2031.9015866954196
761.376871450697	2014.2636015691937
762.3773877129581	1998.1864664255772
763.3779039752194	1995.545500399199
764.3784202374807	1995.2375555512358
765.3789364997418	2003.6645255833032
766.3794527620031	2017.7398195976866
767.3799690242644	2019.6311023241562
768.3804852865255	2016.003651376516
769.3810015487868	2026.455072729724
770.381517811048	2055.2955301580505
771.3820340733092	2076.348843742521
772.3825503355705	2095.0404254279915
773.3830665978317	2101.2539903186143
774.3835828600929	2095.428085049027
775.3840991223542	2080.9269659068104
776.3846153846154	2050.6431845281704
777.3851316468766	2008.3511363597288
778.3856479091378	1972.1765962981888
779.3861641713991	1955.7199632378772
780.3866804336603	1941.063545516731
781.3871966959215	1916.5250765348928
782.3877129581828	1897.240492945868
783.388229220444	1894.9508358301266
784.3887454827052	1902.9887929500796
785.3892617449665	1906.0341770978225
786.3897780072276	1903.1139254075406
787.3902942694889	1908.872565758761
788.3908105317502	1927.3891343658006
789.3913267940113	1947.4250994025
790.3918430562726	1967.320036882472
791.3923593185339	1989.249924095497
792.392875580795	1999.6854471478969
793.3933918430563	2003.5695297399477
794.3939081053175	2016.8892906426956
795.3944243675787	2037.7188099488565
796.39494062984	2063.186938478959
797.3954568921012	2084.8095572963034
798.3959731543624	2094.421779419633
799.3964894166236	2075.535743829133
800.3970056788849	2045.56445381902
801.3975219411461	2014.7868854774838
802.3980382034073	1983.6533213065825
803.3985544656686	1967.9394037449058
804.3990707279298	1964.1821543126398
805.399586990191	1954.1917158394879
806.4001032524523	1938.7205159099121
807.4006195147134	1921.9978448660083
808.4011357769747	1912.5753212376824
809.401652039236	1905.6714672015623
810.4021683014971	1908.3789980557826
811.4026845637584	1930.7154843154244
812.4032008260197	1959.505724896921
813.4037170882808	1991.2157868372742
814.4042333505421	2032.35731067055
815.4047496128032	2072.1843484560927
816.4052658750645	2108.647624219432
817.4057821373258	2131.395663931529
818.406298399587	2141.150600275317
819.4068146618482	2151.0560347119826
820.4073309241095	2151.240231470689
821.4078471863706	2153.0546007214166
822.4083634486319	2149.504274314909
823.4088797108931	2139.0593806481356
824.4093959731543	2124.2554160616955
825.4099122354156	2095.325027577707
826.4104284976768	2059.5296451374525
827.410944759938	2028.9122451220185
828.4114610221993	1997.3566245499449
829.4119772844605	1970.345609733154
830.4124935467217	1940.427844715055
831.4130098089829	1917.2233383972718
832.4135260712442	1900.5194818241862
833.4140423335054	1877.64021942641
834.4145585957666	1868.3188520119356
835.4150748580279	1877.6348175599767
836.4155911202892	1892.9318117667112
837.4161073825503	1920.9373348199972
838.4166236448116	1956.194227965102
839.4171399070727	1998.1476518859984
840.417656169334	2033.415830687701
841.4181724315953	2055.666955177004
842.4186886938564	2066.8176439660747
843.4192049561177	2061.120488271018
844.419721218379	2040.2362786311523
845.4202374806401	2014.7634582586293
846.4207537429014	2009.9077190201897
847.4212700051626	2015.7404284151937
848.4217862674238	2021.4499062141997
849.4223025296851	2022.785585260589
850.4228187919463	2035.499305891798
851.4233350542075	2053.3778024858907
852.4238513164688	2065.345639506419
853.42436757873	2054.5989645407267
854.4248838409912	2035.5216473033993
855.4254001032524	2030.6334350934
856.4259163655137	2036.218030885639
857.426432627775	2030.6251363502051
858.4269488900361	2022.5791144674658
859.4274651522974	2026.3582089202828
860.4279814145586	2049.0961108598563
861.4284976768198	2079.4975151410986
862.4290139390811	2108.325281471832
863.4295302013422	2135.511107565361
864.4300464636035	2140.1741452557526
865.4305627258648	2126.1646517496247
866.4310789881259	2099.167288148334
867.4315952503872	2069.7762870159545
868.4321115126484	2057.1707067272127
869.4326277749096	2047.1310953621355
870.4331440371709	2016.317340064611
871.4336602994321	1971.9762650079224
872.4341765616933	1935.304320051896
873.4346928239546	1903.6051155914038
874.4352090862158	1874.6171503090873
875.435725348477	1853.582104721753
876.4362416107382	1846.295201396182
877.4367578729995	1838.4326657072752
878.4372741352607	1824.4996491913832
879.4377903975219	1807.8713259254284
880.4383066597832	1793.0319920659433
881.4388229220444	1801.0210158086145
882.4393391843056	1824.2925529869763
883.4398554465669	1848.5960195958821
884.440371708828	1876.1578292472193
885.4408879710893	1906.6670465799984
886.4414042333506	1944.4670018779004
887.4419204956117	1982.3952237444162
888.442436757873	2004.3555170757054
889.4429530201343	2011.4513417944688
890.4434692823954	2010.603836539705
891.4439855446567	2012.1207720745408
892.4445018069179	2020.7199931265454
893.4450180691791	2032.0948452856621
894.4455343314404	2055.5190352368095
895.4460505937016	2077.7932482289607
896.4465668559628	2071.8677138763105
897.4470831182241	2044.827076046097
898.4475993804853	2015.4036761558486
899.4481156427465	2002.261208129279
900.4486319050077	2012.5762850658016
901.449148167269	2029.7134128979376
902.4496644295302	2048.078569158901
903.4501806917914	2057.5030460786074
904.4506969540527	2048.102637506898
905.4512132163139	2034.9873799847394
906.4517294785751	2034.9164494880245
907.4522457408364	2045.6739812091894
908.4527620030975	2045.0867108870675
909.4532782653588	2021.3877507371085
910.4537945276201	1983.288587293396
911.4543107898812	1950.7641827588873
912.4548270521425	1931.9083670481373
913.4553433144038	1905.0081167563612
914.4558595766649	1879.4757052958835
915.4563758389262	1871.7345110177089
916.4568921011873	1868.3586366682423
917.4574083634486	1876.0819300126614
918.4579246257099	1892.3022736022938
919.458440887971	1907.925656634337
920.4589571502323	1922.6374471384747
921.4594734124936	1921.7737834361524
922.4599896747548	1916.0342397307884
923.460505937016	1918.4673908377697
924.4610221992772	1925.7189457726563
925.4615384615385	1945.298289852467
926.4620547237997	1969.0843512995118
927.4625709860609	1988.9380568651109
928.4630872483222	2005.9211497242557
929.4636035105833	2013.1497215531726
930.4641197728446	2011.4475868277664
931.4646360351059	2011.083376906814
932.465152297367	2019.2646270752598
933.4656685596283	2020.3407250704283
934.4661848218896	1996.4916795558033
935.4667010841507	1963.1727922511009
936.467217346412	1947.3608397583732
937.4677336086731	1950.0968827697739
938.4682498709344	1958.0882777631298
939.4687661331957	1962.943044518243
940.4692823954568	1962.5634360438603
941.4697986577181	1950.526606238422
942.4703149199794	1935.3643413693449
943.4708311822405	1924.385149329652
944.4713474445018	1911.5442281588569
945.471863706763	1895.2366956464707
946.4723799690242	1886.0182665746188
947.4728962312855	1859.3179631410344
948.4734124935467	1818.254612932216
949.473928755808	1795.022998258316
950.4744450180692	1799.7483185394015
951.4749612803304	1827.9779506752038
952.4754775425916	1860.6807296427617
953.4759938048528	1893.4894673801716
954.4765100671141	1926.4961927945078
955.4770263293753	1960.117375140001
956.4775425916365	2006.7081892770973
957.4780588538978	2050.4557691278296
958.478575116159	2085.2944515443837
959.4790913784202	2126.05262440903
960.4796076406815	2148.420064598178
961.4801239029426	2158.0268118827375
962.4806401652039	2173.4095854060192
963.4811564274652	2192.9378297759217
964.4816726897263	2201.63964791668
965.4821889519876	2178.6444947562295
966.4827052142489	2132.5142382827785
967.48322147651	2084.4387917017825
968.4837377387713	2034.1464068697526
969.4842540010325	1967.952593945937
970.4847702632937	1899.7192347368907
971.485286525555	1859.449752265169
972.4858027878162	1844.4111540175643
973.4863190500774	1821.0208131280576
974.4868353123387	1789.1729454707865
975.4873515745999	1781.950057986588
976.4878678368611	1796.6866098003993
977.4883840991223	1822.2491637996882
978.4889003613836	1832.0510020011839
979.4894166236448	1816.5052147417446
980.489932885906	1805.1299758134107
981.4904491481673	1799.8377813751665
982.4909654104285	1788.3877196456897
983.4914816726897	1780.3149414868653
984.491997934951	1792.73234698998
985.4925141972121	1814.4973832818785
986.4930304594734	1815.2418961867043
987.4935467217347	1812.7572420950544
988.4940629839958	1825.8315499182365
989.4945792462571	1850.051153392693
990.4950955085184	1888.461763229831
991.4956117707795	1916.2007321595265
992.4961280330408	1929.9869772445184
993.496644295302	1946.3076507986314
994.4971605575632	1971.2321198482578
995.4976768198245	2008.323385954136
996.4981930820857	2046.23236896626
997.4987093443469	2086.2936109420893
998.4992256066081	2132.10976882455
999.4997418688694	2170.1131521983048
1000.5002581311306	2166.6034594177077
1001.5007743933918	2124.4839516099473
1002.5012906556531	2082.8733172022758
1003.5018069179143	2051.4016816753583
1004.5023231801755	2020.1892559605035
1005.5028394424368	1987.6322998546264
1006.5033557046979	1960.7326555328782
1007.5038719669592	1939.3594007409515
1008.5043882292205	1922.4610735980455
1009.5049044914816	1903.4071746159773
1010.5054207537429	1883.7446843621005
1011.5059370160042	1887.2868650754428
1012.5064532782653	1906.2347968146046
1013.5069695405266	1903.7074248928602
1014.5074858027878	1874.214707061084
1015.508002065049	1851.1569328361788
1016.5085183273103	1849.9130676918262
1017.5090345895715	1851.4221750819102
1018.5095508518327	1847.1834096355626
1019.510067114094	1844.4287555403016
1020.5105833763552	1855.4129120036405
1021.5110996386164	1881.475348971621
1022.5116159008776	1914.4244242584732
1023.5121321631389	1934.3829191971995
1024.5126484254001	1937.6499084989914
1025.5131646876612	1948.977723624623
1026.5136809499227	1940.880650376968
1027.5141972121837	1923.8405274449942
1028.514713474445	1906.1333211119666
1029.5152297367063	1907.1600797244985
1030.5157459989673	1937.5454358123052
1031.5162622612288	1977.5148809185614
1032.5167785234898	2008.227564335265
1033.5172947857511	2030.5584867443638
1034.5178110480124	2042.3512820641
1035.5183273102737	2038.447669235108
1036.518843572535	2014.708547010431
1037.519359834796	1995.4058954668649
1038.5198760970572	1990.8416107073597
1039.5203923593185	1981.6933629262783
1040.5209086215798	1958.551536010135
1041.521424883841	1926.4613538882882
1042.521941146102	1909.655760387646
1043.5224574083636	1923.114131266283
1044.5229736706247	1944.486594515589
1045.523489932886	1958.559945895205
1046.5240061951472	1956.677090708011
1047.5245224574082	1943.3130282073694
1048.5250387196697	1932.7676647507947
1049.5255549819308	1923.6022918902947
1050.526071244192	1908.661637743521
1051.5265875064533	1886.756863475924
1052.5271037687144	1858.266829547024
1053.5276200309759	1846.3097269094444
1054.528136293237	1854.9884159556473
1055.5286525554982	1866.9005277463477
1056.5291688177595	1880.3145712858056
1057.5296850800207	1891.7320547344332
1058.5302013422818	1892.4467720600323
1059.530717604543	1873.2866466850487
1060.5312338668043	1839.1320636927665
1061.5317501290656	1819.1487587379397
1062.5322663913269	1819.969785319362
1063.532782653588	1834.2074451661156
1064.5332989158492	1865.1064861762354
1065.5338151781104	1915.8188195342466
1066.5343314403717	1972.6751178003021
1067.534847702633	1996.2295852365637
1068.5353639648943	1982.3944271400087
1069.5358802271553	1968.2654095133473
1070.5363964894166	1959.6859688527857
1071.5369127516778	1954.2421211561293
1072.5374290139391	1946.5344324876469
1073.5379452762004	1930.414380489513
1074.5384615384614	1926.876247409008
1075.5389778007227	1943.5793029275062
1076.539494062984	1957.0691886978111
1077.5400103252452	1953.3252584930344
1078.5405265875065	1946.307644517742
1079.5410428497676	1946.846574380953
1080.5415591120288	1953.963527445695
1081.54207537429	1955.9434596965766
1082.5425916365514	1950.6100243833437
1083.5431078988127	1933.6135383621488
1084.543624161074	1907.5705558789548
1085.544140423335	1900.9426837409217
1086.5446566855962	1906.8316341972636
1087.5451729478575	1918.264419901831
1088.5456892101188	1934.6047030449588
1089.54620547238	1947.6939910613196
1090.546721734641	1960.8453126613613
1091.5472379969024	1967.0096166819314
1092.5477542591636	1961.73935614539
1093.548270521425	1947.244944580279
1094.5487867836862	1925.9786727221162
1095.5493030459472	1908.8063140007437
1096.5498193082085	1908.1836867847655
1097.5503355704698	1918.9501753275272
1098.550851832731	1936.8216436491814
1099.5513680949923	1951.571750199615
1100.5518843572536	1964.530816998886
1101.5524006195146	1960.1827099836294
1102.552916881776	1932.3654242774764
1103.5534331440372	1901.309924061598
1104.5539494062984	1861.5334922978839
1105.5544656685597	1825.512210459143
1106.5549819308208	1827.2125726291365
1107.555498193082	1851.1723764427802
1108.5560144553433	1861.4332700530642
1109.5565307176046	1861.0222224499191
1110.5570469798658	1861.922720161548
1111.557563242127	1875.9631194093988
1112.5580795043882	1892.2219234783333
1113.5585957666494	1904.7939735095924
1114.5591120289107	1914.5626564594106
1115.559628291172	1905.425371228272
1116.5601445534332	1901.063982088378
1117.5606608156943	1907.4467034271174
1118.5611770779556	1906.7033112749473
1119.5616933402168	1888.4604274778342
1120.562209602478	1855.364873237752
1121.5627258647394	1826.4682466759002
1122.5632421270004	1812.3775738207248
1123.5637583892617	1799.138718932046
1124.564274651523	1789.3875432254208
1125.5647909137842	1784.137382928127
1126.5653071760455	1787.6010266652431
1127.5658234383066	1816.401647289318
1128.5663397005678	1841.0311304260567
1129.566855962829	1853.3369764038823
1130.5673722250904	1874.3611529019618
1131.5678884873516	1917.6093234813977
1132.5684047496127	1960.6949509877093
1133.568921011874	1971.687506125332
1134.5694372741352	1972.439474310658
1135.5699535363965	1969.503168143877
1136.5704697986578	1940.6101659677242
1137.570986060919	1905.8100131824353
1138.57150232318	1886.8484900138112
1139.5720185854414	1871.9463078953456
1140.5725348477026	1852.9795200108008
1141.573051109964	1829.3064626383193
1142.5735673722252	1804.1756155507203
1143.5740836344862	1789.767349832522
1144.5745998967475	1801.2417883728351
1145.5751161590088	1815.3234154287888
1146.57563242127	1805.7408255979299
1147.5761486835313	1790.7415120526443
1148.5766649457923	1790.9816094869093
1149.5771812080536	1809.2445967772655
1150.577697470315	1829.1764950465815
1151.5782137325762	1842.1748440169295
1152.5787299948374	1850.4641162733703
1153.5792462570987	1865.6912967240794
1154.5797625193597	1879.399096187627
1155.580278781621	1886.1675855184972
1156.5807950438823	1889.0593994421986
1157.5813113061436	1893.7690239345502
1158.5818275684048	1901.2980108101874
1159.5823438306659	1909.4452612465163
1160.5828600929271	1922.1279261082088
1161.5833763551884	1936.074814837452
1162.5838926174497	1952.1089804978574
1163.584408879711	1968.8306119699505
1164.584925141972	1971.1251186657973
1165.5854414042333	1970.361904716446
1166.5859576664946	1984.755127465849
1167.5864739287558	1994.6011287859749
1168.586990191017	1991.8743472980639
1169.5875064532784	1983.4517232761382
1170.5880227155394	1980.6784994646475
1171.5885389778007	1968.6946396805063
1172.589055240062	1950.2097400003397
1173.5895715023232	1924.4811702440027
1174.5900877645845	1895.078889322541
1175.5906040268455	1877.4717509187224
1176.5911202891068	1875.1181512030112
1177.591636551368	1879.9624307225158
1178.5921528136294	1884.578410414448
1179.5926690758906	1887.029129390779
1180.5931853381517	1890.2136826688804
1181.593701600413	1897.1030584729954
1182.5942178626742	1906.6289267630839
1183.5947341249355	1908.9429526336583
1184.5952503871968	1909.243792841354
1185.5957666494578	1921.0349842309631
1186.596282911719	1932.1218956158832
1187.5967991739803	1941.6821363537545
1188.5973154362416	1955.3849352708426
1189.597831698503	1957.8017331580356
1190.5983479607642	1951.6602373786868
1191.5988642230252	1948.9145595993639
1192.5993804852865	1943.434737754904
1193.5998967475477	1931.3484160525795
1194.600413009809	1916.8714768552895
1195.6009292720703	1906.385612316739
1196.6014455343313	1897.6031288847767
1197.6019617965926	1883.6778368968342
1198.6024780588539	1866.3527869437694
1199.6029943211151	1844.906425233148
1200.6035105833764	1816.1267624881598
1201.6040268456375	1791.3469747441152
1202.6045431078987	1766.7154976787706
1203.60505937016	1749.8896328274354
1204.6055756324213	1753.8303714246676
1205.6060918946825	1771.428930510555
1206.6066081569438	1783.2722296823133
1207.6071244192049	1789.1050610808275
1208.6076406814661	1800.0897265085437
1209.6081569437274	1822.0665760803595
1210.6086732059887	1841.63683010771
1211.60918946825	1856.472013618546
1212.609705730511	1880.4895138751529
1213.6102219927723	1907.510812938182
1214.6107382550335	1918.0045721177792
1215.6112545172948	1897.4901878174092
1216.611770779556	1874.4983142024503
1217.6122870418171	1865.4063124858208
1218.6128033040784	1858.0115528900037
1219.6133195663397	1854.5427837379584
1220.613835828601	1848.1853649465386
1221.6143520908622	1835.5379931848945
1222.6148683531235	1836.5322877947003
1223.6153846153845	1837.460435586598
1224.6159008776458	1824.857282976436
1225.616417139907	1801.9135515081125
1226.6169334021683	1787.7558899949092
1227.6174496644296	1801.4012979789925
1228.6179659266907	1818.4377850298347
1229.618482188952	1841.530696859457
1230.6189984512132	1879.238725678177
1231.6195147134745	1926.9398878165953
1232.6200309757357	1965.5922841276392
1233.6205472379968	1994.197132026123
1234.621063500258	2012.5540379053634
1235.6215797625193	2037.9290434968461
1236.6220960247806	2060.238195012054
1237.6226122870419	2063.976499632934
1238.6231285493031	2041.2131711684367
1239.6236448115642	2008.2228350609448
1240.6241610738255	1981.9560520261539
1241.6246773360867	1942.925378490176
1242.625193598348	1901.2417476857117
1243.6257098606093	1883.6219457906616
1244.6262261228703	1882.020637263809
1245.6267423851316	1877.0983484016588
1246.6272586473929	1854.24869343823
1247.6277749096541	1819.722671801716
1248.6282911719154	1790.5082606413237
1249.6288074341765	1764.6359047241453
1250.6293236964377	1739.2349776977203
1251.629839958699	1705.5612612888947
1252.6303562209603	1673.228309391836
1253.6308724832215	1675.7829749987088
1254.6313887454826	1698.1062668506693
1255.6319050077439	1732.4524471854631
1256.6324212700051	1767.2773814887173
1257.6329375322664	1803.1540558494266
1258.6334537945277	1837.2482232830525
1259.633970056789	1862.0882070861637
1260.63448631905	1880.9832967414745
1261.6350025813113	1888.6949423985122
1262.6355188435725	1889.58130440751
1263.6360351058338	1872.320913210053
1264.636551368095	1852.9386816704878
1265.6370676303561	1846.9444953962861
1266.6375838926174	1859.0060433875976
1267.6381001548787	1877.9837293316518
1268.63861641714	1900.7384494592545
1269.6391326794012	1912.7086257867054
1270.6396489416622	1920.3679961406356
1271.6401652039235	1926.2742470262347
1272.6406814661848	1917.554760736262
1273.641197728446	1902.9139003464795
1274.6417139907073	1885.8306790757886
1275.6422302529686	1873.324391106216
1276.6427465152296	1865.5911283445002
1277.643262777491	1862.7897439953483
1278.6437790397522	1867.41338781749
1279.6442953020135	1880.5375857366341
1280.6448115642747	1907.5529093692683
1281.6453278265358	1935.9479824014272
1282.645844088797	1931.2248006332225
1283.6463603510583	1905.2995818146494
1284.6468766133196	1878.1710628572416
1285.6473928755809	1848.9220332648101
1286.647909137842	1834.336924419698
1287.6484254001032	1815.5607470908037
1288.6489416623645	1808.772457737951
1289.6494579246257	1806.932435839938
1290.649974186887	1801.4932029739225
1291.6504904491483	1797.340309811433
1292.6510067114093	1802.1770509662804
1293.6515229736706	1815.9927559415423
1294.6520392359319	1810.725371798965
1295.6525554981931	1798.6732402134369
1296.6530717604544	1803.3464974781991
1297.6535880227154	1815.3664351138088
1298.6541042849767	1819.2242435646804
1299.654620547238	1826.5815868218217
1300.6551368094993	1834.4777491850057
1301.6556530717605	1847.8047429179921
1302.6561693340216	1861.5810481499177
1303.6566855962828	1871.5749177685223
1304.657201858544	1885.41234522594
1305.6577181208054	1896.3074646587027
1306.6582343830667	1901.062582717495
1307.658750645328	1898.0417014991099
1308.659266907589	1888.6718954062312
1309.6597831698502	1876.0729933837447
1310.6602994321115	1860.2280858055892
1311.6608156943728	1833.4396407213724
1312.661331956634	1822.5623858062177
1313.661848218895	1807.3067557824545
1314.6623644811564	1789.304250185137
1315.6628807434176	1765.9769851778192
1316.663397005679	1749.7267339434384
1317.6639132679402	1759.322515991052
1318.6644295302012	1770.8473165768867
1319.6649457924625	1781.345341543079
1320.6654620547238	1799.477983589475
1321.665978316985	1809.616301670069
1322.6664945792463	1811.0908894379386
1323.6670108415074	1821.9235782806447
1324.6675271037686	1844.2175005950326
1325.66804336603	1859.8774392370951
1326.6685596282912	1872.8258734526073
1327.6690758905524	1889.5166411765981
1328.6695921528137	1902.3799231685327
1329.6701084150748	1894.64264096912
1330.670624677336	1885.919823178125
1331.6711409395973	1894.0365876195563
1332.6716572018586	1897.9117186811382
1333.6721734641199	1895.3554011851888
1334.672689726381	1890.7613588679558
1335.6732059886422	1893.0731366926482
1336.6737222509034	1899.4708392107666
1337.6742385131647	1898.984985728242
1338.674754775426	1900.7497199358118
1339.675271037687	1895.471648693467
1340.6757872999483	1903.5008693596492
1341.6763035622096	1928.6816507349104
1342.6768198244708	1947.811654942035
1343.677336086732	1959.6128955118004
1344.6778523489934	1951.9706060502874
1345.6783686112544	1925.4574242722827
1346.6788848735157	1882.5858499309486
1347.679401135777	1836.4262351275897
1348.6799173980382	1808.7871100636758
1349.6804336602995	1795.2305125694638
1350.6809499225606	1788.3500707521307
1351.6814661848218	1780.5903832291992
1352.681982447083	1758.0517234758004
1353.6824987093444	1734.0206295057612
1354.6830149716056	1715.3765198307294
1355.6835312338667	1708.0247822189815
1356.684047496128	1711.8573431442774
1357.6845637583892	1722.9682173165213
1358.6850800206505	1746.1773066132187
1359.6855962829118	1780.8356660772583
1360.686112545173	1811.8685628207825
1361.686628807434	1830.03334596794
1362.6871450696954	1853.0847695210061
1363.6876613319566	1873.1704161877228
1364.688177594218	1890.8984550204784
1365.6886938564792	1900.6350777080488
1366.6892101187402	1920.058773860582
1367.6897263810015	1947.1140064645003
1368.6902426432628	1964.6099676602444
1369.690758905524	1974.7135138880003
1370.6912751677853	1955.2203815347646
1371.6917914300464	1926.2394125720002
1372.6923076923076	1896.5285982176879
1373.692823954569	1883.5449201389356
1374.6933402168302	1875.2129397879028
1375.6938564790914	1859.5264606310025
1376.6943727413525	1834.7073673227949
1377.6948890036138	1808.9296745161305
1378.695405265875	1790.2001183387
1379.6959215281363	1777.0632507481002
1380.6964377903976	1774.4286196276048
1381.6969540526588	1785.9100350941173
1382.6974703149199	1797.2760476800593
1383.6979865771812	1810.2059009373268
1384.6985028394424	1829.5845776063481
1385.6990191017037	1849.3541725748555
1386.699535363965	1870.1116401863214
1387.700051626226	1878.400577119077
1388.7005678884873	1881.906301416036
1389.7010841507486	1895.6667078096123
1390.7016004130098	1908.7490674937073
1391.702116675271	1932.6416709835908
1392.7026329375321	1950.8289072156397
1393.7031491997934	1952.3046550238125
1394.7036654620547	1940.9321849307491
1395.704181724316	1930.013243602293
1396.7046979865772	1916.5478775001325
1397.7052142488385	1898.7643187395631
1398.7057305110995	1886.0520405167222
1399.7062467733608	1879.9245224853637
1400.706763035622	1869.9781389314937
1401.7072792978834	1861.361104449106
1402.7077955601446	1857.481371358251
1403.7083118224057	1852.455813164333
1404.708828084667	1855.4733676687101
1405.7093443469282	1870.3342771162577
1406.7098606091895	1889.8566246324883
1407.7103768714508	1897.2729084343744
1408.7108931337118	1887.3994447243865
1409.711409395973	1882.530348848829
1410.7119256582343	1871.1126537234381
1411.7124419204956	1866.6633282656849
1412.712958182757	1867.1115000262264
1413.7134744450182	1860.8276223414036
1414.7139907072792	1851.9598365225388
1415.7145069695405	1849.5615884058495
1416.7150232318018	1855.2707556750604
1417.715539494063	1862.9179659770557
1418.7160557563243	1846.918001961751
1419.7165720185853	1823.095358775002
1420.7170882808466	1816.2740545676288
1421.7176045431079	1805.9614621110766
1422.7181208053692	1782.7423700024951
1423.7186370676304	1786.8312724953723
1424.7191533298915	1796.4043946782763
1425.7196695921527	1801.5947957855622
1426.720185854414	1803.8403572801046
1427.7207021166753	1818.5196080825344
1428.7212183789366	1840.612299190696
1429.7217346411978	1861.8694484999899
1430.7222509034589	1872.818567117057
1431.7227671657201	1863.703484279306
1432.7232834279814	1855.1795634178573
1433.7237996902427	1867.492834622964
1434.724315952504	1874.457772314004
1435.724832214765	1861.7826408083224
1436.7253484770263	1846.2317172340663
1437.7258647392875	1854.019731093441
1438.7263810015488	1871.2280935432384
1439.72689726381	1887.323659676159
1440.7274135260711	1896.7965597202326
1441.7279297883324	1889.5353080329903
1442.7284460505937	1872.9306237431615
1443.728962312855	1841.399158181994
1444.7294785751162	1819.3609261339648
1445.7299948373773	1803.400418240155
1446.7305110996385	1802.3950024070575
1447.7310273618998	1809.603916492506
1448.731543624161	1812.3328271110265
1449.7320598864223	1800.4832301282545
1450.7325761486836	1785.1057649111451
1451.7330924109447	1774.7199264284325
1452.733608673206	1770.9596321492572
1453.7341249354672	1763.1106758704402
1454.7346411977285	1757.3775297914688
1455.7351574599898	1760.6927571491074
1456.7356737222508	1761.031589800176
1457.736189984512	1762.926289662282
1458.7367062467733	1772.322453338376
1459.7372225090346	1797.9653533764756
1460.7377387712959	1817.583586010676
1461.738255033557	1823.2078358579756
1462.7387712958182	1813.2374354091287
1463.7392875580795	1803.7360465308068
1464.7398038203407	1812.0013623314162
1465.740320082602	1821.2654753840654
1466.7408363448633	1812.4386158288858
1467.7413526071243	1798.318857718672
1468.7418688693856	1800.7615130619486
1469.7423851316469	1812.810283896113
1470.7429013939081	1832.4317256117447
1471.7434176561694	1853.0418472229242
1472.7439339184305	1865.3073415565934
1473.7444501806917	1865.199000428339
1474.744966442953	1855.9029852482006
1475.7454827052143	1848.1593508204533
1476.7459989674755	1842.3774423514517
1477.7465152297366	1837.625331175993
1478.7470314919979	1822.8325122448641
1479.7475477542591	1805.563006381055
1480.7480640165204	1780.6650640842097
1481.7485802787817	1774.2579241271217
1482.749096541043	1763.3499881312025
1483.749612803304	1757.511010523553
1484.7501290655653	1754.9442841885639
1485.7506453278265	1747.2086742375375
1486.7511615900878	1730.705436167795
1487.751677852349	1715.852460505526
1488.7521941146101	1701.1745241678345
1489.7527103768714	1697.9625001380264
1490.7532266391327	1722.288180414948
1491.753742901394	1750.3381024391406
1492.7542591636552	1769.2281569066956
1493.7547754259163	1779.0082430182404
1494.7552916881775	1780.0629782934209
1495.7558079504388	1775.9492536633961
1496.7563242127	1764.8688904839016
1497.7568404749613	1759.885231620176
1498.7573567372226	1727.057933434666
1499.7578729994837	1732.7405461761468
1500.758389261745	1755.3945090583136
1501.7589055240062	1770.7967623802665
1502.7594217862675	1781.499410457896
1503.7599380485287	1794.0515858193876
1504.7604543107898	1792.5878728401224
1505.760970573051	1804.7194225017552
1506.7614868353123	1834.1165394913414
1507.7620030975736	1881.8334041647634
1508.7625193598349	1923.6997982079947
1509.763035622096	1948.2081912808842
1510.7635518843572	1956.1666419053308
1511.7640681466185	1940.780083698355
1512.7645844088797	1927.7829989881802
1513.765100671141	1921.0376463553039
1514.765616933402	1916.7566595099431
1515.7661331956633	1910.0193844156895
1516.7666494579246	1912.2440438920858
1517.7671657201859	1914.0672800065954
1518.7676819824471	1931.3964566036648
1519.7681982447084	1954.3270871331504
1520.7687145069694	1958.6242500662865
1521.7692307692307	1953.1125890512503
1522.769747031492	1943.2207710193945
1523.7702632937533	1929.4360048551516
1524.7707795560145	1927.270972802403
1525.7712958182756	1926.6307282221098
1526.7718120805368	1919.738416250586
1527.7723283427981	1900.6525292386978
1528.7728446050594	1888.751220254487
1529.7733608673207	1890.149570203885
1530.7738771295817	1883.3564090344619
1531.774393391843	1896.584442402207
1532.7749096541042	1902.613418268855
1533.7754259163655	1890.6435246638357
1534.7759421786268	1877.5714992770297
1535.776458440888	1861.4878890172754
1536.776974703149	1844.5442824672584
1537.7774909654104	1836.1948276984906
1538.7780072276717	1840.0339921726197
1539.778523489933	1858.5499186206737
1540.7790397521942	1888.0822213859026
1541.7795560144552	1912.337098463929
1542.7800722767165	1930.4833089947033
1543.7805885389778	1939.3225122108902
1544.781104801239	1952.849988816227
1545.7816210635003	1975.8891069289373
1546.7821373257614	1974.4164812655224
1547.7826535880226	1956.614161044784
1548.783169850284	1928.8416921603325
1549.7836861125452	1895.8393786389295
1550.7842023748065	1872.112291612384
1551.7847186370677	1849.4896466771409
1552.7852348993288	1829.0548291350715
1553.78575116159	1813.933954097223
1554.7862674238513	1772.1740328341289
1555.7867836861126	1742.6502406238712
1556.7872999483739	1729.7816352554428
1557.787816210635	1723.722236438047
1558.7883324728962	1715.246927523658
1559.7888487351574	1709.3624490213697
1560.7893649974187	1724.893876959549
1561.78988125968	1738.272950208243
1562.790397521941	1767.415597665702
1563.7909137842023	1802.3704810171241
1564.7914300464636	1827.0380324310602
1565.7919463087248	1851.5053603013362
1566.7924625709861	1892.0792804985758
1567.7929788332472	1924.8383886166337
1568.7934950955084	1946.7837733851256
1569.7940113577697	1959.1310007300342
1570.794527620031	1978.2417831004989
1571.7950438822922	1984.5010756091826
1572.7955601445535	1970.6468321923296
1573.7960764068146	1940.6146137080582
1574.7965926690758	1905.5279343417888
1575.797108931337	1860.6884393466066
1576.7976251935984	1824.5682109512034
1577.7981414558596	1803.1272184266652
1578.7986577181207	1788.1083968519629
1579.799173980382	1788.4786671609615
1580.7996902426432	1795.7897011429804
1581.8002065049045	1788.8318950074872
1582.8007227671658	1771.7399926300984
1583.8012390294268	1785.9368163872878
1584.801755291688	1810.8678952577482
1585.8022715539494	1829.1288145275385
1586.8027878162106	1841.5510514609148
1587.803304078472	1856.0337577931532
1588.8038203407332	1868.8282851909953
1589.8043366029942	1865.3310404859328
1590.8048528652555	1855.3396334784773
1591.8053691275168	1846.0400031190736
1592.805885389778	1841.19869407039
1593.8064016520393	1842.2312668205843
1594.8069179143004	1837.5915800470461
1595.8074341765616	1823.7757145903665
1596.807950438823	1810.2598792492472
1597.8084667010842	1820.8201583932776
1598.8089829633454	1835.8104754288638
1599.8094992256065	1839.5898100962759
1600.8100154878678	1850.8054077702927
1601.810531750129	1869.5633578552731
1602.8110480123903	1874.3962738777427
1603.8115642746516	1873.8425361188615
1604.8120805369128	1874.3888590085342
1605.812596799174	1875.021496728339
1606.8131130614352	1863.8120977359283
1607.8136293236964	1855.6228975819831
1608.8141455859577	1852.9844081481544
1609.814661848219	1857.5554646973771
1610.81517811048	1873.0136936688505
1611.8156943727413	1893.63757825852
1612.8162106350026	1912.6016985068668
1613.8167268972638	1913.8920121151243
1614.817243159525	1892.553142832917
1615.8177594217861	1866.2924248187078
1616.8182756840474	1851.8937444772025
1617.8187919463087	1851.5330318490746
1618.81930820857	1860.3669983505474
1619.8198244708312	1868.3763830761802
1620.8203407330925	1895.2758900799233
1621.8208569953536	1903.5857917792566
1622.8213732576148	1910.970402137856
1623.821889519876	1925.146239575276
1624.8224057821374	1936.471396016237
1625.8229220443986	1937.3242802753853
1626.8234383066597	1922.4797999100401
1627.823954568921	1899.6115536733205
1628.8244708311822	1887.5257524151523
1629.8249870934435	1875.8779782741642
1630.8255033557048	1874.3421772733118
1631.8260196179658	1892.482354906549
1632.826535880227	1904.734228917114
1633.8270521424884	1913.3841224762748
1634.8275684047496	1905.7871264136043
1635.828084667011	1899.6791833069246
1636.828600929272	1889.8643899376573
1637.8291171915332	1873.6572074843682
1638.8296334537945	1855.2004603152736
1639.8301497160558	1823.4582438946957
1640.830665978317	1797.9252587413623
1641.8311822405783	1792.179136000317
1642.8316985028393	1776.0281217783931
1643.8322147651006	1767.473867615497
1644.832731027362	1784.7487050552375
1645.8332472896232	1794.2613898467107
1646.8337635518844	1802.1288798005417
1647.8342798141455	1803.2970473056303
1648.8347960764067	1804.5779838393153
1649.835312338668	1795.8620251333268
1650.8358286009293	1794.2842737223343
1651.8363448631906	1823.3030619052379
1652.8368611254516	1850.4378771044808
1653.8373773877129	1877.4114165941037
1654.8378936499741	1904.0628233525722
1655.8384099122354	1914.28662145779
1656.8389261744967	1914.672673913428
1657.839442436758	1912.948296503903
1658.839958699019	1903.566071312807
1659.8404749612803	1881.1513224795608
1660.8409912235416	1853.2208443776074
1661.8415074858028	1820.3887971805796
1662.842023748064	1803.33060815127
1663.8425400103251	1782.4125369756744
1664.8430562725864	1781.8063765264083
1665.8435725348477	1788.3284007071936
1666.844088797109	1790.1717691497404
1667.8446050593702	1786.6887965987564
1668.8451213216313	1789.4995917832068
1669.8456375838925	1794.0756953702885
1670.8461538461538	1800.9227915922302
1671.846670108415	1818.9508288210995
1672.8471863706764	1849.1366271169773
1673.8477026329376	1887.0000489581457
1674.8482188951987	1906.1068548692763
1675.84873515746	1930.2657401765698
1676.8492514197212	1946.3017222570677
1677.8497676819825	1957.4101809891897
1678.8502839442438	1969.1820734755165
1679.8508002065048	1971.0974014892388
1680.851316468766	1951.1831638227313
1681.8518327310273	1922.6081251729156
1682.8523489932886	1895.741890777739
1683.85286525555	1874.7931057340033
1684.853381517811	1856.7375212081795
1685.8538977800722	1852.917417172829
1686.8544140423335	1863.74583117637
1687.8549303045947	1860.9588468395966
1688.855446566856	1859.706058699185
1689.8559628291173	1860.7365102767626
1690.8564790913783	1852.5023541653907
1691.8569953536396	1859.5280089826472
1692.8575116159009	1863.6324807584842
1693.8580278781621	1867.6392018527577
1694.8585441404234	1854.0770177479787
1695.8590604026845	1843.0066176818923
1696.8595766649457	1862.6623320665124
1697.860092927207	1887.5182056204308
1698.8606091894683	1897.7299172523242
1699.8611254517295	1892.0133476218502
1700.8616417139906	1875.0819667278456
1701.8621579762519	1868.4080656013004
1702.8626742385131	1874.56275095632
1703.8631905007744	1873.4727146516798
1704.8637067630357	1882.386102524422
1705.8642230252967	1887.0717782122358
1706.864739287558	1879.1272885136227
1707.8652555498193	1877.5962182134017
1708.8657718120805	1877.6226755743062
1709.8662880743418	1872.1173689420539
1710.866804336603	1872.248663387274
1711.8673205988641	1874.520088527076
1712.8678368611254	1869.7944598343088
1713.8683531233867	1871.6610859718
1714.868869385648	1895.0709872076882
1715.8693856479092	1906.3084509878688
1716.8699019101703	1892.345613975966
1717.8704181724315	1889.2715764214242
1718.8709344346928	1896.9730844748585
1719.871450696954	1900.3888634188236
1720.8719669592153	1901.8122613659616
1721.8724832214764	1909.8331025342015
1722.8729994837377	1908.9117175081526
1723.873515745999	1900.2767821060045
1724.8740320082602	1886.4725143488965
1725.8745482705215	1864.9556457963438
1726.8750645327827	1847.4746843642456
1727.8755807950438	1846.7269757453
1728.876097057305	1851.1234133391397
1729.8766133195663	1847.03750981068
1730.8771295818276	1835.4708037582395
1731.8776458440889	1823.1120104135834
1732.87816210635	1810.0231996178322
1733.8786783686112	1792.0225255887785
1734.8791946308725	1801.1272720225882
1735.8797108931337	1807.5339723059076
1736.880227155395	1829.6080760248792
1737.880743417656	1851.0119525102964
1738.8812596799173	1879.5094986503902
1739.8817759421786	1919.8333102888366
1740.8822922044399	1953.0375115790355
1741.8828084667011	1977.582236466698
1742.8833247289624	1988.8087277988707
1743.8838409912235	1982.1394125865681
1744.8843572534847	1960.1767531310984
1745.884873515746	1945.1208212933248
1746.8853897780073	1941.4516593415071
1747.8859060402685	1921.5563575436063
1748.8864223025296	1888.6298056188375
1749.8869385647909	1859.5379551958445
1750.8874548270521	1835.1097670810516
1751.8879710893134	1818.1621161448857
1752.8884873515747	1832.5136188107217
1753.8890036138357	1842.243147603446
1754.889519876097	1842.4050273740402
1755.8900361383583	1848.1161200227095
1756.8905524006195	1863.7384266989138
1757.8910686628808	1883.7870959941881
1758.891584925142	1896.887320426962
1759.8921011874031	1901.9820246360268
1760.8926174496644	1902.865892915723
1761.8931337119257	1907.277224764659
1762.893649974187	1915.678635171297
1763.8941662364482	1923.9598190742142
1764.8946824987092	1923.5731441890605
1765.8951987609705	1927.808581070682
1766.8957150232318	1919.5020318278653
1767.896231285493	1905.499001631947
1768.8967475477543	1903.699507130247
1769.8972638100154	1900.5669247332528
1770.8977800722766	1893.8321987533784
1771.898296334538	1895.8620434311567
1772.8988125967992	1893.2818313430496
1773.8993288590605	1893.9712858808068
1774.8998451213215	1906.880199520066
1775.9003613835828	1915.5547331553
1776.900877645844	1921.1853019025536
1777.9013939081053	1926.225664036502
1778.9019101703666	1933.004010027044
1779.9024264326279	1922.272787834232
1780.902942694889	1892.3368925174043
1781.9034589571502	1863.8953326372234
1782.9039752194114	1828.5672887245412
1783.9044914816727	1805.07165579919
1784.905007743934	1789.1272462785469
1785.905524006195	1766.0896456973426
1786.9060402684563	1752.183426653719
1787.9065565307176	1756.7615025575724
1788.9070727929789	1781.6142822565137
1789.9075890552401	1828.2035733743503
1790.9081053175012	1868.891780076602
1791.9086215797624	1901.7265415263084
1792.9091378420237	1922.2180548051201
1793.909654104285	1933.1833273736993
1794.9101703665463	1952.9097566615847
1795.9106866288075	1985.919004141792
1796.9112028910686	2003.1077612180534
1797.9117191533298	2018.2138720130501
1798.912235415591	2009.8190531582582
1799.9127516778524	2006.230778929828
1800.9132679401137	2000.3998796762287
1801.9137842023747	1985.0429877778747
1802.914300464636	1976.6247372915248
1803.9148167268972	1955.8199734572495
1804.9153329891585	1923.0454314317965
1805.9158492514198	1903.3404854396872
1806.9163655136808	1873.027609260889
1807.916881775942	1852.93611186926
1808.9173980382034	1832.2616289493662
1809.9179143004646	1818.8352565289274
1810.918430562726	1805.2403430487873
1811.9189468249872	1788.1294109128073
1812.9194630872482	1778.1873820050948
1813.9199793495095	1763.8682084066447
1814.9204956117708	1753.8114571223025
1815.921011874032	1761.598311497766
1816.9215281362933	1774.7648540227392
1817.9220443985544	1803.5927761048542
1818.9225606608156	1831.9510422562453
1819.923076923077	1853.1746998338344
1820.9235931853382	1889.4071145174726
1821.9241094475994	1921.1689342600641
1822.9246257098605	1947.1969235028807
1823.9251419721218	1959.7645485629034
1824.925658234383	1968.8333757734044
1825.9261744966443	1969.1256709978536
1826.9266907589056	1973.3131215851329
1827.9272070211666	1971.4498306757862
1828.927723283428	1962.3577208973759
1829.9282395456892	1935.6338952916233
1830.9287558079504	1904.8929627306575
1831.9292720702117	1873.9243168501807
1832.929788332473	1822.2365646350136
1833.930304594734	1784.4028261040444
1834.9308208569953	1738.724679499587
1835.9313371192566	1696.501237425216
1836.9318533815178	1656.3309134617361
1837.932369643779	1649.8356190352831
1838.9328859060402	1669.2696908562573
1839.9334021683014	1716.4957982160015
1840.9339184305627	1773.562663390893
1841.934434692824	1830.6526395188118
1842.9349509550852	1895.2692378283677
1843.9354672173463	1938.930014364973
1844.9359834796076	1967.1622082714255
1845.9364997418688	1980.2877643078232
1846.93701600413	1991.1902259158078
1847.9375322663914	1970.5180174433008
1848.9380485286526	1969.5624948740112
1849.9385647909137	1983.606793274011
1850.939081053175	1991.2237214628392
1851.9395973154362	1994.0251018025047
1852.9401135776975	1976.9208260276278
1853.9406298399588	1945.5064007741935
1854.9411461022198	1893.2424772791708
1855.941662364481	1854.8145781585808
1856.9421786267424	1807.7563356533606
1857.9426948890036	1774.9859555841385
1858.943211151265	1747.1266582188787
1859.943727413526	1723.8270136900633
1860.9442436757872	1706.4903067022658
1861.9447599380485	1684.2815893623012
1862.9452762003098	1698.2991743750542
1863.945792462571	1715.936248149437
1864.9463087248323	1759.9560829360444
1865.9468249870934	1810.123589305925
1866.9473412493546	1873.2100879812442
1867.947857511616	1896.710537756223
1868.9483737738772	1923.2687244226495
1869.9488900361384	1922.6460629389123
1870.9494062983995	1935.6853473417336
1871.9499225606608	1956.5661583440235
1872.950438822922	1964.0586211984814
1873.9509550851833	1975.083502203531
1874.9514713474446	1980.1816462552176
1875.9519876097056	1986.7906780626195
1876.9525038719669	1976.4918145198858
1877.9530201342282	1960.883531119853
1878.9535363964894	1926.5609969436175
1879.9540526587507	1869.6326646395196
1880.954568921012	1818.0531868071896
1881.955085183273	1772.3252963099676
1882.9556014455343	1740.129806197579
1883.9561177077956	1719.1874589473118
1884.9566339700568	1733.571122079825
1885.957150232318	1740.2964002911563
1886.9576664945791	1763.081405525088
1887.9581827568404	1784.4546039689835
1888.9586990191017	1828.8837604881926
1889.959215281363	1866.3478625719354
1890.9597315436242	1900.5195426387397
1891.9602478058853	1955.4889110047213
1892.9607640681465	1979.7996648798755
1893.9612803304078	2011.404482576374
1894.961796592669	2037.3690037888093
1895.9623128549304	2051.2640402444486
1896.9628291171914	2070.0650512686457
1897.9633453794527	2088.312274866607
1898.963861641714	2085.137837662214
1899.9643779039752	2071.2554393076184
1900.9648941662365	2035.3148864323564
1901.9654104284978	2000.507904423322
1902.9659266907588	1963.3613040310754
1903.96644295302	1918.6485445055728
1904.9669592152813	1871.1143413762693
1905.9674754775426	1805.8168098542455
1906.967991739804	1764.7960979757604
1907.968508002065	1738.0291011051333
1908.9690242643262	1753.3799871553385
1909.9695405265875	1802.8308753764054
1910.9700567888488	1836.9432184047364
1911.97057305111	1859.5509020417792
1912.971089313371	1876.2201213362716
1913.9716055756323	1895.1623127619005
1914.9721218378936	1910.0942865635873
1915.9726381001549	1934.9120929723101
1916.9731543624162	1960.039385439014
1917.9736706246774	1990.3726907655885
1918.9741868869385	2001.3114796628604
1919.9747031491997	2009.7796544854468
1920.975219411461	2006.5726090585003
1921.9757356737223	1989.0889552054775
1922.9762519359836	1967.5878022339837
1923.9767681982446	1920.7090010470667
1924.9772844605059	1875.6079658086476
1925.9778007227671	1818.6522162471508
1926.9783169850284	1793.8668428379513
1927.9788332472897	1789.804568939636
1928.9793495095507	1783.638899615957
1929.979865771812	1766.1468384222244
1930.9803820340733	1753.8727692920108
1931.9808982963345	1752.2691727863653
1932.9814145585958	1789.2450602516567
1933.981930820857	1826.1148583129723
1934.9824470831181	1867.5722396800684
1935.9829633453794	1898.2820655193118
1936.9834796076407	1901.3991643612096
1937.983995869902	1899.653561532879
1938.9845121321632	1886.3903682087848
1939.9850283944243	1888.1401527245698
1940.9855446566855	1892.1051696599675
1941.9860609189468	1879.7024849460754
1942.986577181208	1847.3564500767077
1943.9870934434693	1809.0488330381427
1944.9876097057304	1806.0880085147078
1945.9881259679917	1827.5429504898812
1946.988642230253	1843.7324107650868
1947.9891584925142	1859.427258474881
1948.9896747547755	1874.2206687760001
1949.9901910170368	1887.5629122934672
1950.9907072792978	1907.7910203842177
1951.991223541559	1944.412061423241
1952.9917398038203	1988.3978213176647
1953.9922560660816	2023.1034028596255
1954.9927723283429	2048.248171742027
1955.993288590604	2076.420680422735
1956.9938048528652	2064.8228927995838
1957.9943211151265	2056.2624818365207
1958.9948373773877	2051.8279737707594
1959.995353639649	2047.950887944443
1960.99586990191	2015.777201411936
1961.9963861641713	1972.4637495187558
1962.9969024264326	1920.1371243407725
1963.9974186886939	1905.2139406843164
1964.9979349509551	1907.9907284496737
1965.9984512132162	1914.180594463681
1966.9989674754775	1903.2883876638828
